iso3,ADM0_PCODE,ADM0_NAME,pcode,ADM1_NAME,ADM2_PCODE,ADM2_NAME,valid_date,SFED,RP,SFED_BASELINE
ETH,ET,Ethiopia,ET16,Sidama,ET1600,Sidama,2026-05-29,0.0,1-1.5,4.805487263762519e-05
ETH,ET,Ethiopia,ET01,Tigray,ET0107,Mekelle,2026-05-29,0.0,1-1.5,0.0001195461370617646
ETH,ET,Ethiopia,ET01,Tigray,ET0104,Southern,2026-05-29,0.0,1-1.5,0.0001195461370617646
ETH,ET,Ethiopia,ET01,Tigray,ET0101,North Western,2026-05-29,0.0,1-1.5,0.0001195461370617646
ETH,ET,Ethiopia,ET01,Tigray,ET0102,Central,2026-05-29,0.0,1-1.5,0.0001195461370617646
ETH,ET,Ethiopia,ET01,Tigray,ET0105,Western,2026-05-29,0.0,1-1.5,0.0001195461370617646
ETH,ET,Ethiopia,ET01,Tigray,ET0106,South Eastern,2026-05-29,0.0,1-1.5,0.0001195461370617646
ETH,ET,Ethiopia,ET01,Tigray,ET0103,Eastern,2026-05-29,0.0,1-1.5,0.0001195461370617646
ETH,ET,Ethiopia,ET04,Oromia,ET0404,Jimma,2026-05-29,0.0029229927,1-1.5,0.002082023656905883
ETH,ET,Ethiopia,ET04,Oromia,ET0410,East Hararge,2026-05-29,0.0029229927,1-1.5,0.002082023656905883
ETH,ET,Ethiopia,ET04,Oromia,ET0409,West Hararge,2026-05-29,0.0029229927,1-1.5,0.002082023656905883
ETH,ET,Ethiopia,ET04,Oromia,ET0401,West Wellega,2026-05-29,0.0029229927,1-1.5,0.002082023656905883
ETH,ET,Ethiopia,ET04,Oromia,ET0408,Arsi,2026-05-29,0.0029229927,1-1.5,0.002082023656905883
ETH,ET,Ethiopia,ET04,Oromia,ET0403,Ilu Aba Bora,2026-05-29,0.0029229927,1-1.5,0.002082023656905883
ETH,ET,Ethiopia,ET04,Oromia,ET0407,East Shewa,2026-05-29,0.0029229927,1-1.5,0.002082023656905883
ETH,ET,Ethiopia,ET04,Oromia,ET0405,West Shewa,2026-05-29,0.0029229927,1-1.5,0.002082023656905883
ETH,ET,Ethiopia,ET04,Oromia,ET0406,North Shewa (OR),2026-05-29,0.0029229927,1-1.5,0.002082023656905883
ETH,ET,Ethiopia,ET04,Oromia,ET0402,East Wellega,2026-05-29,0.0029229927,1-1.5,0.002082023656905883
ETH,ET,Ethiopia,ET04,Oromia,ET0418,Kelem Wellega,2026-05-29,0.0029229927,1-1.5,0.002082023656905883
ETH,ET,Ethiopia,ET04,Oromia,ET0411,Bale,2026-05-29,0.0029229927,1-1.5,0.002082023656905883
ETH,ET,Ethiopia,ET04,Oromia,ET0416,Buno Bedele,2026-05-29,0.0029229927,1-1.5,0.002082023656905883
ETH,ET,Ethiopia,ET04,Oromia,ET0421,East Bale,2026-05-29,0.0029229927,1-1.5,0.002082023656905883
ETH,ET,Ethiopia,ET04,Oromia,ET0412,Borena,2026-05-29,0.0029229927,1-1.5,0.002082023656905883
ETH,ET,Ethiopia,ET04,Oromia,ET0419,Horo Gudru Wellega,2026-05-29,0.0029229927,1-1.5,0.002082023656905883
ETH,ET,Ethiopia,ET04,Oromia,ET0417,West Arsi,2026-05-29,0.0029229927,1-1.5,0.002082023656905883
ETH,ET,Ethiopia,ET04,Oromia,ET0413,South West Shewa,2026-05-29,0.0029229927,1-1.5,0.002082023656905883
ETH,ET,Ethiopia,ET04,Oromia,ET0415,West Guji,2026-05-29,0.0029229927,1-1.5,0.002082023656905883
ETH,ET,Ethiopia,ET04,Oromia,ET0414,Guji,2026-05-29,0.0029229927,1-1.5,0.002082023656905883
ETH,ET,Ethiopia,ET04,Oromia,ET0420,Finfine Special,2026-05-29,0.0029229927,1-1.5,0.002082023656905883
ETH,ET,Ethiopia,ET07,SNNP,ET0701,Guraghe,2026-05-29,0.009955881,1.5-2,0.001683427625473335
ETH,ET,Ethiopia,ET07,SNNP,ET0724,Yem Special,2026-05-29,0.009955881,1.5-2,0.001683427625473335
ETH,ET,Ethiopia,ET07,SNNP,ET0721,Amaro,2026-05-29,0.009955881,1.5-2,0.001683427625473335
ETH,ET,Ethiopia,ET07,SNNP,ET0703,Kembata Tembaro,2026-05-29,0.009955881,1.5-2,0.001683427625473335
ETH,ET,Ethiopia,ET07,SNNP,ET0710,Gamo,2026-05-29,0.009955881,1.5-2,0.001683427625473335
ETH,ET,Ethiopia,ET07,SNNP,ET0720,Siltie,2026-05-29,0.009955881,1.5-2,0.001683427625473335
ETH,ET,Ethiopia,ET07,SNNP,ET0715,Gofa,2026-05-29,0.009955881,1.5-2,0.001683427625473335
ETH,ET,Ethiopia,ET07,SNNP,ET0713,Konso,2026-05-29,0.009955881,1.5-2,0.001683427625473335
ETH,ET,Ethiopia,ET07,SNNP,ET0723,Derashe,2026-05-29,0.009955881,1.5-2,0.001683427625473335
ETH,ET,Ethiopia,ET07,SNNP,ET0705,Gedeo,2026-05-29,0.009955881,1.5-2,0.001683427625473335
ETH,ET,Ethiopia,ET07,SNNP,ET0706,Wolayita,2026-05-29,0.009955881,1.5-2,0.001683427625473335
ETH,ET,Ethiopia,ET07,SNNP,ET0714,Halaba,2026-05-29,0.009955881,1.5-2,0.001683427625473335
ETH,ET,Ethiopia,ET07,SNNP,ET0722,Burji,2026-05-29,0.009955881,1.5-2,0.001683427625473335
ETH,ET,Ethiopia,ET07,SNNP,ET0707,South Omo,2026-05-29,0.009955881,1.5-2,0.001683427625473335
ETH,ET,Ethiopia,ET07,SNNP,ET0702,Hadiya,2026-05-29,0.009955881,1.5-2,0.001683427625473335
ETH,ET,Ethiopia,ET07,SNNP,ET0716,Basketo,2026-05-29,0.009955881,1.5-2,0.001683427625473335
ETH,ET,Ethiopia,ET07,SNNP,ET0712,Alle,2026-05-29,0.009955881,1.5-2,0.001683427625473335
ETH,ET,Ethiopia,ET15,Dire Dawa,ET1502,Dire Dawa rural,2026-05-29,0.0,1-1.5,6.233766147157769e-07
ETH,ET,Ethiopia,ET15,Dire Dawa,ET1501,Dire Dawa urban,2026-05-29,0.0,1-1.5,6.233766147157769e-07
ETH,ET,Ethiopia,ET06,Benishangul Gumz,ET0604,Kamashi,2026-05-29,0.020674473,>10,0.006003242797749987
ETH,ET,Ethiopia,ET06,Benishangul Gumz,ET0602,Metekel,2026-05-29,0.020674473,>10,0.006003242797749987
ETH,ET,Ethiopia,ET06,Benishangul Gumz,ET0605,Mao Komo Special,2026-05-29,0.020674473,>10,0.006003242797749987
ETH,ET,Ethiopia,ET06,Benishangul Gumz,ET0603,Assosa,2026-05-29,0.020674473,>10,0.006003242797749987
ETH,ET,Ethiopia,ET02,Afar,ET0201,Awsi /Zone 1,2026-05-29,0.0,1-1.5,0.004855159270598299
ETH,ET,Ethiopia,ET02,Afar,ET0204,Fanti /Zone 4,2026-05-29,0.0,1-1.5,0.004855159270598299
ETH,ET,Ethiopia,ET02,Afar,ET0205,Hari /Zone 5,2026-05-29,0.0,1-1.5,0.004855159270598299
ETH,ET,Ethiopia,ET02,Afar,ET0202,Kilbati /Zone2,2026-05-29,0.0,1-1.5,0.004855159270598299
ETH,ET,Ethiopia,ET02,Afar,ET0203,Gabi /Zone 3,2026-05-29,0.0,1-1.5,0.004855159270598299
ETH,ET,Ethiopia,ET03,Amhara,ET0307,West Gojam,2026-05-29,0.00044390772,1-1.5,0.0002332410603658145
ETH,ET,Ethiopia,ET03,Amhara,ET0309,Awi,2026-05-29,0.00044390772,1-1.5,0.0002332410603658145
ETH,ET,Ethiopia,ET03,Amhara,ET0305,North Shewa (AM),2026-05-29,0.00044390772,1-1.5,0.0002332410603658145
ETH,ET,Ethiopia,ET03,Amhara,ET0302,South Gondar,2026-05-29,0.00044390772,1-1.5,0.0002332410603658145
ETH,ET,Ethiopia,ET03,Amhara,ET0312,West Gondar,2026-05-29,0.00044390772,1-1.5,0.0002332410603658145
ETH,ET,Ethiopia,ET03,Amhara,ET0310,Oromia,2026-05-29,0.00044390772,1-1.5,0.0002332410603658145
ETH,ET,Ethiopia,ET03,Amhara,ET0304,South Wello,2026-05-29,0.00044390772,1-1.5,0.0002332410603658145
ETH,ET,Ethiopia,ET03,Amhara,ET0301,North Gondar,2026-05-29,0.00044390772,1-1.5,0.0002332410603658145
ETH,ET,Ethiopia,ET03,Amhara,ET0311,Central Gondar,2026-05-29,0.00044390772,1-1.5,0.0002332410603658145
ETH,ET,Ethiopia,ET03,Amhara,ET0303,North Wello,2026-05-29,0.00044390772,1-1.5,0.0002332410603658145
ETH,ET,Ethiopia,ET03,Amhara,ET0308,Wag Hamra,2026-05-29,0.00044390772,1-1.5,0.0002332410603658145
ETH,ET,Ethiopia,ET03,Amhara,ET0306,East Gojam,2026-05-29,0.00044390772,1-1.5,0.0002332410603658145
ETH,ET,Ethiopia,ET12,Gambela,ET1202,Agnewak,2026-05-29,0.0,1-1.5,0.001086206698421806
ETH,ET,Ethiopia,ET12,Gambela,ET1204,Itang Special woreda,2026-05-29,0.0,1-1.5,0.001086206698421806
ETH,ET,Ethiopia,ET12,Gambela,ET1203,Majang,2026-05-29,0.0,1-1.5,0.001086206698421806
ETH,ET,Ethiopia,ET12,Gambela,ET1201,Nuwer,2026-05-29,0.0,1-1.5,0.001086206698421806
ETH,ET,Ethiopia,ET13,Harari,ET1301,Harari,2026-05-29,0.0,1-1.5,0.0001459848444276511
ETH,ET,Ethiopia,ET14,Addis Ababa,ET1401,Region 14,2026-05-29,0.0,1-1.5,4.77272746634712e-06
ETH,ET,Ethiopia,ET11,South West Ethiopia,ET1106,Konta Special,2026-05-29,0.0,1-1.5,8.181623077803125e-05
ETH,ET,Ethiopia,ET11,South West Ethiopia,ET1105,Mirab Omo,2026-05-29,0.0,1-1.5,8.181623077803125e-05
ETH,ET,Ethiopia,ET11,South West Ethiopia,ET1104,Dawuro,2026-05-29,0.0,1-1.5,8.181623077803125e-05
ETH,ET,Ethiopia,ET11,South West Ethiopia,ET1101,Sheka,2026-05-29,0.0,1-1.5,8.181623077803125e-05
ETH,ET,Ethiopia,ET11,South West Ethiopia,ET1103,Bench Sheko,2026-05-29,0.0,1-1.5,8.181623077803125e-05
ETH,ET,Ethiopia,ET11,South West Ethiopia,ET1102,Kefa,2026-05-29,0.0,1-1.5,8.181623077803125e-05
ETH,ET,Ethiopia,ET05,Somali,ET0510,Nogob,2026-05-29,0.00017188175,1-1.5,0.0001556100917712542
ETH,ET,Ethiopia,ET05,Somali,ET0506,Shabelle,2026-05-29,0.00017188175,1-1.5,0.0001556100917712542
ETH,ET,Ethiopia,ET05,Somali,ET0502,Fafan,2026-05-29,0.00017188175,1-1.5,0.0001556100917712542
ETH,ET,Ethiopia,ET05,Somali,ET0503,Jarar,2026-05-29,0.00017188175,1-1.5,0.0001556100917712542
ETH,ET,Ethiopia,ET05,Somali,ET0501,Siti,2026-05-29,0.00017188175,1-1.5,0.0001556100917712542
ETH,ET,Ethiopia,ET05,Somali,ET0508,Afder,2026-05-29,0.00017188175,1-1.5,0.0001556100917712542
ETH,ET,Ethiopia,ET05,Somali,ET0504,Erer,2026-05-29,0.00017188175,1-1.5,0.0001556100917712542
ETH,ET,Ethiopia,ET05,Somali,ET0509,Liban,2026-05-29,0.00017188175,1-1.5,0.0001556100917712542
ETH,ET,Ethiopia,ET05,Somali,ET0507,Doolo,2026-05-29,0.00017188175,1-1.5,0.0001556100917712542
ETH,ET,Ethiopia,ET05,Somali,ET0505,Korahe,2026-05-29,0.00017188175,1-1.5,0.0001556100917712542
ETH,ET,Ethiopia,ET05,Somali,ET0511,Daawa,2026-05-29,0.00017188175,1-1.5,0.0001556100917712542
ETH,ET,Ethiopia,ET16,Sidama,ET1600,Sidama,2026-07-18,0.0,1-1.5,4.646005420247754e-05
ETH,ET,Ethiopia,ET01,Tigray,ET0107,Mekelle,2026-07-18,0.0,1-1.5,0.0007646809078548503
ETH,ET,Ethiopia,ET01,Tigray,ET0104,Southern,2026-07-18,0.0,1-1.5,0.0007646809078548503
ETH,ET,Ethiopia,ET01,Tigray,ET0101,North Western,2026-07-18,0.0,1-1.5,0.0007646809078548503
ETH,ET,Ethiopia,ET01,Tigray,ET0102,Central,2026-07-18,0.0,1-1.5,0.0007646809078548503
ETH,ET,Ethiopia,ET01,Tigray,ET0105,Western,2026-07-18,0.0,1-1.5,0.0007646809078548503
ETH,ET,Ethiopia,ET01,Tigray,ET0106,South Eastern,2026-07-18,0.0,1-1.5,0.0007646809078548503
ETH,ET,Ethiopia,ET01,Tigray,ET0103,Eastern,2026-07-18,0.0,1-1.5,0.0007646809078548503
ETH,ET,Ethiopia,ET04,Oromia,ET0404,Jimma,2026-07-18,0.003421562,1-1.5,0.00244463043213314
ETH,ET,Ethiopia,ET04,Oromia,ET0410,East Hararge,2026-07-18,0.003421562,1-1.5,0.00244463043213314
ETH,ET,Ethiopia,ET04,Oromia,ET0409,West Hararge,2026-07-18,0.003421562,1-1.5,0.00244463043213314
ETH,ET,Ethiopia,ET04,Oromia,ET0401,West Wellega,2026-07-18,0.003421562,1-1.5,0.00244463043213314
ETH,ET,Ethiopia,ET04,Oromia,ET0408,Arsi,2026-07-18,0.003421562,1-1.5,0.00244463043213314
ETH,ET,Ethiopia,ET04,Oromia,ET0403,Ilu Aba Bora,2026-07-18,0.003421562,1-1.5,0.00244463043213314
ETH,ET,Ethiopia,ET04,Oromia,ET0407,East Shewa,2026-07-18,0.003421562,1-1.5,0.00244463043213314
ETH,ET,Ethiopia,ET04,Oromia,ET0405,West Shewa,2026-07-18,0.003421562,1-1.5,0.00244463043213314
ETH,ET,Ethiopia,ET04,Oromia,ET0406,North Shewa (OR),2026-07-18,0.003421562,1-1.5,0.00244463043213314
ETH,ET,Ethiopia,ET04,Oromia,ET0402,East Wellega,2026-07-18,0.003421562,1-1.5,0.00244463043213314
ETH,ET,Ethiopia,ET04,Oromia,ET0418,Kelem Wellega,2026-07-18,0.003421562,1-1.5,0.00244463043213314
ETH,ET,Ethiopia,ET04,Oromia,ET0411,Bale,2026-07-18,0.003421562,1-1.5,0.00244463043213314
ETH,ET,Ethiopia,ET04,Oromia,ET0416,Buno Bedele,2026-07-18,0.003421562,1-1.5,0.00244463043213314
ETH,ET,Ethiopia,ET04,Oromia,ET0421,East Bale,2026-07-18,0.003421562,1-1.5,0.00244463043213314
ETH,ET,Ethiopia,ET04,Oromia,ET0412,Borena,2026-07-18,0.003421562,1-1.5,0.00244463043213314
ETH,ET,Ethiopia,ET04,Oromia,ET0419,Horo Gudru Wellega,2026-07-18,0.003421562,1-1.5,0.00244463043213314
ETH,ET,Ethiopia,ET04,Oromia,ET0417,West Arsi,2026-07-18,0.003421562,1-1.5,0.00244463043213314
ETH,ET,Ethiopia,ET04,Oromia,ET0413,South West Shewa,2026-07-18,0.003421562,1-1.5,0.00244463043213314
ETH,ET,Ethiopia,ET04,Oromia,ET0415,West Guji,2026-07-18,0.003421562,1-1.5,0.00244463043213314
ETH,ET,Ethiopia,ET04,Oromia,ET0414,Guji,2026-07-18,0.003421562,1-1.5,0.00244463043213314
ETH,ET,Ethiopia,ET04,Oromia,ET0420,Finfine Special,2026-07-18,0.003421562,1-1.5,0.00244463043213314
ETH,ET,Ethiopia,ET07,SNNP,ET0701,Guraghe,2026-07-18,0.010132913,1.5-2,0.001178084529355643
ETH,ET,Ethiopia,ET07,SNNP,ET0724,Yem Special,2026-07-18,0.010132913,1.5-2,0.001178084529355643
ETH,ET,Ethiopia,ET07,SNNP,ET0721,Amaro,2026-07-18,0.010132913,1.5-2,0.001178084529355643
ETH,ET,Ethiopia,ET07,SNNP,ET0703,Kembata Tembaro,2026-07-18,0.010132913,1.5-2,0.001178084529355643
ETH,ET,Ethiopia,ET07,SNNP,ET0710,Gamo,2026-07-18,0.010132913,1.5-2,0.001178084529355643
ETH,ET,Ethiopia,ET07,SNNP,ET0720,Siltie,2026-07-18,0.010132913,1.5-2,0.001178084529355643
ETH,ET,Ethiopia,ET07,SNNP,ET0715,Gofa,2026-07-18,0.010132913,1.5-2,0.001178084529355643
ETH,ET,Ethiopia,ET07,SNNP,ET0713,Konso,2026-07-18,0.010132913,1.5-2,0.001178084529355643
ETH,ET,Ethiopia,ET07,SNNP,ET0723,Derashe,2026-07-18,0.010132913,1.5-2,0.001178084529355643
ETH,ET,Ethiopia,ET07,SNNP,ET0705,Gedeo,2026-07-18,0.010132913,1.5-2,0.001178084529355643
ETH,ET,Ethiopia,ET07,SNNP,ET0706,Wolayita,2026-07-18,0.010132913,1.5-2,0.001178084529355643
ETH,ET,Ethiopia,ET07,SNNP,ET0714,Halaba,2026-07-18,0.010132913,1.5-2,0.001178084529355643
ETH,ET,Ethiopia,ET07,SNNP,ET0722,Burji,2026-07-18,0.010132913,1.5-2,0.001178084529355643
ETH,ET,Ethiopia,ET07,SNNP,ET0707,South Omo,2026-07-18,0.010132913,1.5-2,0.001178084529355643
ETH,ET,Ethiopia,ET07,SNNP,ET0702,Hadiya,2026-07-18,0.010132913,1.5-2,0.001178084529355643
ETH,ET,Ethiopia,ET07,SNNP,ET0716,Basketo,2026-07-18,0.010132913,1.5-2,0.001178084529355643
ETH,ET,Ethiopia,ET07,SNNP,ET0712,Alle,2026-07-18,0.010132913,1.5-2,0.001178084529355643
ETH,ET,Ethiopia,ET15,Dire Dawa,ET1502,Dire Dawa rural,2026-07-18,0.0,1-1.5,5.194805122631475e-07
ETH,ET,Ethiopia,ET15,Dire Dawa,ET1501,Dire Dawa urban,2026-07-18,0.0,1-1.5,5.194805122631475e-07
ETH,ET,Ethiopia,ET06,Benishangul Gumz,ET0604,Kamashi,2026-07-18,0.022392344,>10,0.006950281743276191
ETH,ET,Ethiopia,ET06,Benishangul Gumz,ET0602,Metekel,2026-07-18,0.022392344,>10,0.006950281743276191
ETH,ET,Ethiopia,ET06,Benishangul Gumz,ET0605,Mao Komo Special,2026-07-18,0.022392344,>10,0.006950281743276191
ETH,ET,Ethiopia,ET06,Benishangul Gumz,ET0603,Assosa,2026-07-18,0.022392344,>10,0.006950281743276191
ETH,ET,Ethiopia,ET02,Afar,ET0201,Awsi /Zone 1,2026-07-18,0.0,1-1.5,0.004510632864218099
ETH,ET,Ethiopia,ET02,Afar,ET0204,Fanti /Zone 4,2026-07-18,0.0,1-1.5,0.004510632864218099
ETH,ET,Ethiopia,ET02,Afar,ET0205,Hari /Zone 5,2026-07-18,0.0,1-1.5,0.004510632864218099
ETH,ET,Ethiopia,ET02,Afar,ET0202,Kilbati /Zone2,2026-07-18,0.0,1-1.5,0.004510632864218099
ETH,ET,Ethiopia,ET02,Afar,ET0203,Gabi /Zone 3,2026-07-18,0.0,1-1.5,0.004510632864218099
ETH,ET,Ethiopia,ET03,Amhara,ET0307,West Gojam,2026-07-18,0.00051919866,1-1.5,0.0009257331956251588
ETH,ET,Ethiopia,ET03,Amhara,ET0309,Awi,2026-07-18,0.00051919866,1-1.5,0.0009257331956251588
ETH,ET,Ethiopia,ET03,Amhara,ET0305,North Shewa (AM),2026-07-18,0.00051919866,1-1.5,0.0009257331956251588
ETH,ET,Ethiopia,ET03,Amhara,ET0302,South Gondar,2026-07-18,0.00051919866,1-1.5,0.0009257331956251588
ETH,ET,Ethiopia,ET03,Amhara,ET0312,West Gondar,2026-07-18,0.00051919866,1-1.5,0.0009257331956251588
ETH,ET,Ethiopia,ET03,Amhara,ET0310,Oromia,2026-07-18,0.00051919866,1-1.5,0.0009257331956251588
ETH,ET,Ethiopia,ET03,Amhara,ET0304,South Wello,2026-07-18,0.00051919866,1-1.5,0.0009257331956251588
ETH,ET,Ethiopia,ET03,Amhara,ET0301,North Gondar,2026-07-18,0.00051919866,1-1.5,0.0009257331956251588
ETH,ET,Ethiopia,ET03,Amhara,ET0311,Central Gondar,2026-07-18,0.00051919866,1-1.5,0.0009257331956251588
ETH,ET,Ethiopia,ET03,Amhara,ET0303,North Wello,2026-07-18,0.00051919866,1-1.5,0.0009257331956251588
ETH,ET,Ethiopia,ET03,Amhara,ET0308,Wag Hamra,2026-07-18,0.00051919866,1-1.5,0.0009257331956251588
ETH,ET,Ethiopia,ET03,Amhara,ET0306,East Gojam,2026-07-18,0.00051919866,1-1.5,0.0009257331956251588
ETH,ET,Ethiopia,ET12,Gambela,ET1202,Agnewak,2026-07-18,0.0039239908,1-1.5,0.002117015042908447
ETH,ET,Ethiopia,ET12,Gambela,ET1204,Itang Special woreda,2026-07-18,0.0039239908,1-1.5,0.002117015042908447
ETH,ET,Ethiopia,ET12,Gambela,ET1203,Majang,2026-07-18,0.0039239908,1-1.5,0.002117015042908447
ETH,ET,Ethiopia,ET12,Gambela,ET1201,Nuwer,2026-07-18,0.0039239908,1-1.5,0.002117015042908447
ETH,ET,Ethiopia,ET13,Harari,ET1301,Harari,2026-07-18,0.0,1-1.5,0.0003806818212565717
ETH,ET,Ethiopia,ET14,Addis Ababa,ET1401,Region 14,2026-07-18,0.0,1-1.5,2.568181946365009e-05
ETH,ET,Ethiopia,ET11,South West Ethiopia,ET1106,Konta Special,2026-07-18,0.0,1-1.5,9.450668099733859e-06
ETH,ET,Ethiopia,ET11,South West Ethiopia,ET1105,Mirab Omo,2026-07-18,0.0,1-1.5,9.450668099733859e-06
ETH,ET,Ethiopia,ET11,South West Ethiopia,ET1104,Dawuro,2026-07-18,0.0,1-1.5,9.450668099733859e-06
ETH,ET,Ethiopia,ET11,South West Ethiopia,ET1101,Sheka,2026-07-18,0.0,1-1.5,9.450668099733859e-06
ETH,ET,Ethiopia,ET11,South West Ethiopia,ET1103,Bench Sheko,2026-07-18,0.0,1-1.5,9.450668099733859e-06
ETH,ET,Ethiopia,ET11,South West Ethiopia,ET1102,Kefa,2026-07-18,0.0,1-1.5,9.450668099733859e-06
ETH,ET,Ethiopia,ET05,Somali,ET0510,Nogob,2026-07-18,0.0,1-1.5,9.324389982425595e-05
ETH,ET,Ethiopia,ET05,Somali,ET0506,Shabelle,2026-07-18,0.0,1-1.5,9.324389982425595e-05
ETH,ET,Ethiopia,ET05,Somali,ET0502,Fafan,2026-07-18,0.0,1-1.5,9.324389982425595e-05
ETH,ET,Ethiopia,ET05,Somali,ET0503,Jarar,2026-07-18,0.0,1-1.5,9.324389982425595e-05
ETH,ET,Ethiopia,ET05,Somali,ET0501,Siti,2026-07-18,0.0,1-1.5,9.324389982425595e-05
ETH,ET,Ethiopia,ET05,Somali,ET0508,Afder,2026-07-18,0.0,1-1.5,9.324389982425595e-05
ETH,ET,Ethiopia,ET05,Somali,ET0504,Erer,2026-07-18,0.0,1-1.5,9.324389982425595e-05
ETH,ET,Ethiopia,ET05,Somali,ET0509,Liban,2026-07-18,0.0,1-1.5,9.324389982425595e-05
ETH,ET,Ethiopia,ET05,Somali,ET0507,Doolo,2026-07-18,0.0,1-1.5,9.324389982425595e-05
ETH,ET,Ethiopia,ET05,Somali,ET0505,Korahe,2026-07-18,0.0,1-1.5,9.324389982425595e-05
ETH,ET,Ethiopia,ET05,Somali,ET0511,Daawa,2026-07-18,0.0,1-1.5,9.324389982425595e-05
ETH,ET,Ethiopia,ET16,Sidama,ET1600,Sidama,2026-05-30,0.0,1-1.5,4.180589625816951e-05
ETH,ET,Ethiopia,ET01,Tigray,ET0107,Mekelle,2026-05-30,4.568757e-07,1-1.5,0.0001258879949171449
ETH,ET,Ethiopia,ET01,Tigray,ET0104,Southern,2026-05-30,4.568757e-07,1-1.5,0.0001258879949171449
ETH,ET,Ethiopia,ET01,Tigray,ET0101,North Western,2026-05-30,4.568757e-07,1-1.5,0.0001258879949171449
ETH,ET,Ethiopia,ET01,Tigray,ET0102,Central,2026-05-30,4.568757e-07,1-1.5,0.0001258879949171449
ETH,ET,Ethiopia,ET01,Tigray,ET0105,Western,2026-05-30,4.568757e-07,1-1.5,0.0001258879949171449
ETH,ET,Ethiopia,ET01,Tigray,ET0106,South Eastern,2026-05-30,4.568757e-07,1-1.5,0.0001258879949171449
ETH,ET,Ethiopia,ET01,Tigray,ET0103,Eastern,2026-05-30,4.568757e-07,1-1.5,0.0001258879949171449
ETH,ET,Ethiopia,ET04,Oromia,ET0404,Jimma,2026-05-30,0.0030202104,1-1.5,0.002102883790873668
ETH,ET,Ethiopia,ET04,Oromia,ET0410,East Hararge,2026-05-30,0.0030202104,1-1.5,0.002102883790873668
ETH,ET,Ethiopia,ET04,Oromia,ET0409,West Hararge,2026-05-30,0.0030202104,1-1.5,0.002102883790873668
ETH,ET,Ethiopia,ET04,Oromia,ET0401,West Wellega,2026-05-30,0.0030202104,1-1.5,0.002102883790873668
ETH,ET,Ethiopia,ET04,Oromia,ET0408,Arsi,2026-05-30,0.0030202104,1-1.5,0.002102883790873668
ETH,ET,Ethiopia,ET04,Oromia,ET0403,Ilu Aba Bora,2026-05-30,0.0030202104,1-1.5,0.002102883790873668
ETH,ET,Ethiopia,ET04,Oromia,ET0407,East Shewa,2026-05-30,0.0030202104,1-1.5,0.002102883790873668
ETH,ET,Ethiopia,ET04,Oromia,ET0405,West Shewa,2026-05-30,0.0030202104,1-1.5,0.002102883790873668
ETH,ET,Ethiopia,ET04,Oromia,ET0406,North Shewa (OR),2026-05-30,0.0030202104,1-1.5,0.002102883790873668
ETH,ET,Ethiopia,ET04,Oromia,ET0402,East Wellega,2026-05-30,0.0030202104,1-1.5,0.002102883790873668
ETH,ET,Ethiopia,ET04,Oromia,ET0418,Kelem Wellega,2026-05-30,0.0030202104,1-1.5,0.002102883790873668
ETH,ET,Ethiopia,ET04,Oromia,ET0411,Bale,2026-05-30,0.0030202104,1-1.5,0.002102883790873668
ETH,ET,Ethiopia,ET04,Oromia,ET0416,Buno Bedele,2026-05-30,0.0030202104,1-1.5,0.002102883790873668
ETH,ET,Ethiopia,ET04,Oromia,ET0421,East Bale,2026-05-30,0.0030202104,1-1.5,0.002102883790873668
ETH,ET,Ethiopia,ET04,Oromia,ET0412,Borena,2026-05-30,0.0030202104,1-1.5,0.002102883790873668
ETH,ET,Ethiopia,ET04,Oromia,ET0419,Horo Gudru Wellega,2026-05-30,0.0030202104,1-1.5,0.002102883790873668
ETH,ET,Ethiopia,ET04,Oromia,ET0417,West Arsi,2026-05-30,0.0030202104,1-1.5,0.002102883790873668
ETH,ET,Ethiopia,ET04,Oromia,ET0413,South West Shewa,2026-05-30,0.0030202104,1-1.5,0.002102883790873668
ETH,ET,Ethiopia,ET04,Oromia,ET0415,West Guji,2026-05-30,0.0030202104,1-1.5,0.002102883790873668
ETH,ET,Ethiopia,ET04,Oromia,ET0414,Guji,2026-05-30,0.0030202104,1-1.5,0.002102883790873668
ETH,ET,Ethiopia,ET04,Oromia,ET0420,Finfine Special,2026-05-30,0.0030202104,1-1.5,0.002102883790873668
ETH,ET,Ethiopia,ET07,SNNP,ET0701,Guraghe,2026-05-30,0.009752718,1-1.5,0.001669011861403388
ETH,ET,Ethiopia,ET07,SNNP,ET0724,Yem Special,2026-05-30,0.009752718,1-1.5,0.001669011861403388
ETH,ET,Ethiopia,ET07,SNNP,ET0721,Amaro,2026-05-30,0.009752718,1-1.5,0.001669011861403388
ETH,ET,Ethiopia,ET07,SNNP,ET0703,Kembata Tembaro,2026-05-30,0.009752718,1-1.5,0.001669011861403388
ETH,ET,Ethiopia,ET07,SNNP,ET0710,Gamo,2026-05-30,0.009752718,1-1.5,0.001669011861403388
ETH,ET,Ethiopia,ET07,SNNP,ET0720,Siltie,2026-05-30,0.009752718,1-1.5,0.001669011861403388
ETH,ET,Ethiopia,ET07,SNNP,ET0715,Gofa,2026-05-30,0.009752718,1-1.5,0.001669011861403388
ETH,ET,Ethiopia,ET07,SNNP,ET0713,Konso,2026-05-30,0.009752718,1-1.5,0.001669011861403388
ETH,ET,Ethiopia,ET07,SNNP,ET0723,Derashe,2026-05-30,0.009752718,1-1.5,0.001669011861403388
ETH,ET,Ethiopia,ET07,SNNP,ET0705,Gedeo,2026-05-30,0.009752718,1-1.5,0.001669011861403388
ETH,ET,Ethiopia,ET07,SNNP,ET0706,Wolayita,2026-05-30,0.009752718,1-1.5,0.001669011861403388
ETH,ET,Ethiopia,ET07,SNNP,ET0714,Halaba,2026-05-30,0.009752718,1-1.5,0.001669011861403388
ETH,ET,Ethiopia,ET07,SNNP,ET0722,Burji,2026-05-30,0.009752718,1-1.5,0.001669011861403388
ETH,ET,Ethiopia,ET07,SNNP,ET0707,South Omo,2026-05-30,0.009752718,1-1.5,0.001669011861403388
ETH,ET,Ethiopia,ET07,SNNP,ET0702,Hadiya,2026-05-30,0.009752718,1-1.5,0.001669011861403388
ETH,ET,Ethiopia,ET07,SNNP,ET0716,Basketo,2026-05-30,0.009752718,1-1.5,0.001669011861403388
ETH,ET,Ethiopia,ET07,SNNP,ET0712,Alle,2026-05-30,0.009752718,1-1.5,0.001669011861403388
ETH,ET,Ethiopia,ET15,Dire Dawa,ET1502,Dire Dawa rural,2026-05-30,0.0,1-1.5,5.194805122631475e-07
ETH,ET,Ethiopia,ET15,Dire Dawa,ET1501,Dire Dawa urban,2026-05-30,0.0,1-1.5,5.194805122631475e-07
ETH,ET,Ethiopia,ET06,Benishangul Gumz,ET0604,Kamashi,2026-05-30,0.021241112,>10,0.005927684663687284
ETH,ET,Ethiopia,ET06,Benishangul Gumz,ET0602,Metekel,2026-05-30,0.021241112,>10,0.005927684663687284
ETH,ET,Ethiopia,ET06,Benishangul Gumz,ET0605,Mao Komo Special,2026-05-30,0.021241112,>10,0.005927684663687284
ETH,ET,Ethiopia,ET06,Benishangul Gumz,ET0603,Assosa,2026-05-30,0.021241112,>10,0.005927684663687284
ETH,ET,Ethiopia,ET02,Afar,ET0201,Awsi /Zone 1,2026-05-30,5.9868667e-05,1-1.5,0.00483816390835934
ETH,ET,Ethiopia,ET02,Afar,ET0204,Fanti /Zone 4,2026-05-30,5.9868667e-05,1-1.5,0.00483816390835934
ETH,ET,Ethiopia,ET02,Afar,ET0205,Hari /Zone 5,2026-05-30,5.9868667e-05,1-1.5,0.00483816390835934
ETH,ET,Ethiopia,ET02,Afar,ET0202,Kilbati /Zone2,2026-05-30,5.9868667e-05,1-1.5,0.00483816390835934
ETH,ET,Ethiopia,ET02,Afar,ET0203,Gabi /Zone 3,2026-05-30,5.9868667e-05,1-1.5,0.00483816390835934
ETH,ET,Ethiopia,ET03,Amhara,ET0307,West Gojam,2026-05-30,0.0006740839,1-1.5,0.0002358359417084056
ETH,ET,Ethiopia,ET03,Amhara,ET0309,Awi,2026-05-30,0.0006740839,1-1.5,0.0002358359417084056
ETH,ET,Ethiopia,ET03,Amhara,ET0305,North Shewa (AM),2026-05-30,0.0006740839,1-1.5,0.0002358359417084056
ETH,ET,Ethiopia,ET03,Amhara,ET0302,South Gondar,2026-05-30,0.0006740839,1-1.5,0.0002358359417084056
ETH,ET,Ethiopia,ET03,Amhara,ET0312,West Gondar,2026-05-30,0.0006740839,1-1.5,0.0002358359417084056
ETH,ET,Ethiopia,ET03,Amhara,ET0310,Oromia,2026-05-30,0.0006740839,1-1.5,0.0002358359417084056
ETH,ET,Ethiopia,ET03,Amhara,ET0304,South Wello,2026-05-30,0.0006740839,1-1.5,0.0002358359417084056
ETH,ET,Ethiopia,ET03,Amhara,ET0301,North Gondar,2026-05-30,0.0006740839,1-1.5,0.0002358359417084056
ETH,ET,Ethiopia,ET03,Amhara,ET0311,Central Gondar,2026-05-30,0.0006740839,1-1.5,0.0002358359417084056
ETH,ET,Ethiopia,ET03,Amhara,ET0303,North Wello,2026-05-30,0.0006740839,1-1.5,0.0002358359417084056
ETH,ET,Ethiopia,ET03,Amhara,ET0308,Wag Hamra,2026-05-30,0.0006740839,1-1.5,0.0002358359417084056
ETH,ET,Ethiopia,ET03,Amhara,ET0306,East Gojam,2026-05-30,0.0006740839,1-1.5,0.0002358359417084056
ETH,ET,Ethiopia,ET12,Gambela,ET1202,Agnewak,2026-05-30,0.0,1-1.5,0.001011682455175973
ETH,ET,Ethiopia,ET12,Gambela,ET1204,Itang Special woreda,2026-05-30,0.0,1-1.5,0.001011682455175973
ETH,ET,Ethiopia,ET12,Gambela,ET1203,Majang,2026-05-30,0.0,1-1.5,0.001011682455175973
ETH,ET,Ethiopia,ET12,Gambela,ET1201,Nuwer,2026-05-30,0.0,1-1.5,0.001011682455175973
ETH,ET,Ethiopia,ET13,Harari,ET1301,Harari,2026-05-30,0.0,1-1.5,0.000295681825115356
ETH,ET,Ethiopia,ET14,Addis Ababa,ET1401,Region 14,2026-05-30,0.0,1-1.5,4.77272746634712e-06
ETH,ET,Ethiopia,ET11,South West Ethiopia,ET1106,Konta Special,2026-05-30,0.0,1-1.5,7.046553967649576e-05
ETH,ET,Ethiopia,ET11,South West Ethiopia,ET1105,Mirab Omo,2026-05-30,0.0,1-1.5,7.046553967649576e-05
ETH,ET,Ethiopia,ET11,South West Ethiopia,ET1104,Dawuro,2026-05-30,0.0,1-1.5,7.046553967649576e-05
ETH,ET,Ethiopia,ET11,South West Ethiopia,ET1101,Sheka,2026-05-30,0.0,1-1.5,7.046553967649576e-05
ETH,ET,Ethiopia,ET11,South West Ethiopia,ET1103,Bench Sheko,2026-05-30,0.0,1-1.5,7.046553967649576e-05
ETH,ET,Ethiopia,ET11,South West Ethiopia,ET1102,Kefa,2026-05-30,0.0,1-1.5,7.046553967649576e-05
ETH,ET,Ethiopia,ET05,Somali,ET0510,Nogob,2026-05-30,0.00029095542,1-1.5,0.0001383890385336867
ETH,ET,Ethiopia,ET05,Somali,ET0506,Shabelle,2026-05-30,0.00029095542,1-1.5,0.0001383890385336867
ETH,ET,Ethiopia,ET05,Somali,ET0502,Fafan,2026-05-30,0.00029095542,1-1.5,0.0001383890385336867
ETH,ET,Ethiopia,ET05,Somali,ET0503,Jarar,2026-05-30,0.00029095542,1-1.5,0.0001383890385336867
ETH,ET,Ethiopia,ET05,Somali,ET0501,Siti,2026-05-30,0.00029095542,1-1.5,0.0001383890385336867
ETH,ET,Ethiopia,ET05,Somali,ET0508,Afder,2026-05-30,0.00029095542,1-1.5,0.0001383890385336867
ETH,ET,Ethiopia,ET05,Somali,ET0504,Erer,2026-05-30,0.00029095542,1-1.5,0.0001383890385336867
ETH,ET,Ethiopia,ET05,Somali,ET0509,Liban,2026-05-30,0.00029095542,1-1.5,0.0001383890385336867
ETH,ET,Ethiopia,ET05,Somali,ET0507,Doolo,2026-05-30,0.00029095542,1-1.5,0.0001383890385336867
ETH,ET,Ethiopia,ET05,Somali,ET0505,Korahe,2026-05-30,0.00029095542,1-1.5,0.0001383890385336867
ETH,ET,Ethiopia,ET05,Somali,ET0511,Daawa,2026-05-30,0.00029095542,1-1.5,0.0001383890385336867
ETH,ET,Ethiopia,ET16,Sidama,ET1600,Sidama,2026-05-31,0.0,1-1.5,4.681818137131897e-05
ETH,ET,Ethiopia,ET01,Tigray,ET0107,Mekelle,2026-05-31,3.4271707e-07,1-1.5,0.0001181864338438355
ETH,ET,Ethiopia,ET01,Tigray,ET0104,Southern,2026-05-31,3.4271707e-07,1-1.5,0.0001181864338438355
ETH,ET,Ethiopia,ET01,Tigray,ET0101,North Western,2026-05-31,3.4271707e-07,1-1.5,0.0001181864338438355
ETH,ET,Ethiopia,ET01,Tigray,ET0102,Central,2026-05-31,3.4271707e-07,1-1.5,0.0001181864338438355
ETH,ET,Ethiopia,ET01,Tigray,ET0105,Western,2026-05-31,3.4271707e-07,1-1.5,0.0001181864338438355
ETH,ET,Ethiopia,ET01,Tigray,ET0106,South Eastern,2026-05-31,3.4271707e-07,1-1.5,0.0001181864338438355
ETH,ET,Ethiopia,ET01,Tigray,ET0103,Eastern,2026-05-31,3.4271707e-07,1-1.5,0.0001181864338438355
ETH,ET,Ethiopia,ET04,Oromia,ET0404,Jimma,2026-05-31,0.0027683948,1-1.5,0.002105594937827185
ETH,ET,Ethiopia,ET04,Oromia,ET0410,East Hararge,2026-05-31,0.0027683948,1-1.5,0.002105594937827185
ETH,ET,Ethiopia,ET04,Oromia,ET0409,West Hararge,2026-05-31,0.0027683948,1-1.5,0.002105594937827185
ETH,ET,Ethiopia,ET04,Oromia,ET0401,West Wellega,2026-05-31,0.0027683948,1-1.5,0.002105594937827185
ETH,ET,Ethiopia,ET04,Oromia,ET0408,Arsi,2026-05-31,0.0027683948,1-1.5,0.002105594937827185
ETH,ET,Ethiopia,ET04,Oromia,ET0403,Ilu Aba Bora,2026-05-31,0.0027683948,1-1.5,0.002105594937827185
ETH,ET,Ethiopia,ET04,Oromia,ET0407,East Shewa,2026-05-31,0.0027683948,1-1.5,0.002105594937827185
ETH,ET,Ethiopia,ET04,Oromia,ET0405,West Shewa,2026-05-31,0.0027683948,1-1.5,0.002105594937827185
ETH,ET,Ethiopia,ET04,Oromia,ET0406,North Shewa (OR),2026-05-31,0.0027683948,1-1.5,0.002105594937827185
ETH,ET,Ethiopia,ET04,Oromia,ET0402,East Wellega,2026-05-31,0.0027683948,1-1.5,0.002105594937827185
ETH,ET,Ethiopia,ET04,Oromia,ET0418,Kelem Wellega,2026-05-31,0.0027683948,1-1.5,0.002105594937827185
ETH,ET,Ethiopia,ET04,Oromia,ET0411,Bale,2026-05-31,0.0027683948,1-1.5,0.002105594937827185
ETH,ET,Ethiopia,ET04,Oromia,ET0416,Buno Bedele,2026-05-31,0.0027683948,1-1.5,0.002105594937827185
ETH,ET,Ethiopia,ET04,Oromia,ET0421,East Bale,2026-05-31,0.0027683948,1-1.5,0.002105594937827185
ETH,ET,Ethiopia,ET04,Oromia,ET0412,Borena,2026-05-31,0.0027683948,1-1.5,0.002105594937827185
ETH,ET,Ethiopia,ET04,Oromia,ET0419,Horo Gudru Wellega,2026-05-31,0.0027683948,1-1.5,0.002105594937827185
ETH,ET,Ethiopia,ET04,Oromia,ET0417,West Arsi,2026-05-31,0.0027683948,1-1.5,0.002105594937827185
ETH,ET,Ethiopia,ET04,Oromia,ET0413,South West Shewa,2026-05-31,0.0027683948,1-1.5,0.002105594937827185
ETH,ET,Ethiopia,ET04,Oromia,ET0415,West Guji,2026-05-31,0.0027683948,1-1.5,0.002105594937827185
ETH,ET,Ethiopia,ET04,Oromia,ET0414,Guji,2026-05-31,0.0027683948,1-1.5,0.002105594937827185
ETH,ET,Ethiopia,ET04,Oromia,ET0420,Finfine Special,2026-05-31,0.0027683948,1-1.5,0.002105594937827185
ETH,ET,Ethiopia,ET07,SNNP,ET0701,Guraghe,2026-05-31,0.009113316,1-1.5,0.001646319586011073
ETH,ET,Ethiopia,ET07,SNNP,ET0724,Yem Special,2026-05-31,0.009113316,1-1.5,0.001646319586011073
ETH,ET,Ethiopia,ET07,SNNP,ET0721,Amaro,2026-05-31,0.009113316,1-1.5,0.001646319586011073
ETH,ET,Ethiopia,ET07,SNNP,ET0703,Kembata Tembaro,2026-05-31,0.009113316,1-1.5,0.001646319586011073
ETH,ET,Ethiopia,ET07,SNNP,ET0710,Gamo,2026-05-31,0.009113316,1-1.5,0.001646319586011073
ETH,ET,Ethiopia,ET07,SNNP,ET0720,Siltie,2026-05-31,0.009113316,1-1.5,0.001646319586011073
ETH,ET,Ethiopia,ET07,SNNP,ET0715,Gofa,2026-05-31,0.009113316,1-1.5,0.001646319586011073
ETH,ET,Ethiopia,ET07,SNNP,ET0713,Konso,2026-05-31,0.009113316,1-1.5,0.001646319586011073
ETH,ET,Ethiopia,ET07,SNNP,ET0723,Derashe,2026-05-31,0.009113316,1-1.5,0.001646319586011073
ETH,ET,Ethiopia,ET07,SNNP,ET0705,Gedeo,2026-05-31,0.009113316,1-1.5,0.001646319586011073
ETH,ET,Ethiopia,ET07,SNNP,ET0706,Wolayita,2026-05-31,0.009113316,1-1.5,0.001646319586011073
ETH,ET,Ethiopia,ET07,SNNP,ET0714,Halaba,2026-05-31,0.009113316,1-1.5,0.001646319586011073
ETH,ET,Ethiopia,ET07,SNNP,ET0722,Burji,2026-05-31,0.009113316,1-1.5,0.001646319586011073
ETH,ET,Ethiopia,ET07,SNNP,ET0707,South Omo,2026-05-31,0.009113316,1-1.5,0.001646319586011073
ETH,ET,Ethiopia,ET07,SNNP,ET0702,Hadiya,2026-05-31,0.009113316,1-1.5,0.001646319586011073
ETH,ET,Ethiopia,ET07,SNNP,ET0716,Basketo,2026-05-31,0.009113316,1-1.5,0.001646319586011073
ETH,ET,Ethiopia,ET07,SNNP,ET0712,Alle,2026-05-31,0.009113316,1-1.5,0.001646319586011073
ETH,ET,Ethiopia,ET15,Dire Dawa,ET1502,Dire Dawa rural,2026-05-31,0.0,1-1.5,3.116883073578885e-07
ETH,ET,Ethiopia,ET15,Dire Dawa,ET1501,Dire Dawa urban,2026-05-31,0.0,1-1.5,3.116883073578885e-07
ETH,ET,Ethiopia,ET06,Benishangul Gumz,ET0604,Kamashi,2026-05-31,0.019974034,>10,0.005892185417455535
ETH,ET,Ethiopia,ET06,Benishangul Gumz,ET0602,Metekel,2026-05-31,0.019974034,>10,0.005892185417455535
ETH,ET,Ethiopia,ET06,Benishangul Gumz,ET0605,Mao Komo Special,2026-05-31,0.019974034,>10,0.005892185417455535
ETH,ET,Ethiopia,ET06,Benishangul Gumz,ET0603,Assosa,2026-05-31,0.019974034,>10,0.005892185417455535
ETH,ET,Ethiopia,ET02,Afar,ET0201,Awsi /Zone 1,2026-05-31,5.47658e-05,1-1.5,0.004773825326066634
ETH,ET,Ethiopia,ET02,Afar,ET0204,Fanti /Zone 4,2026-05-31,5.47658e-05,1-1.5,0.004773825326066634
ETH,ET,Ethiopia,ET02,Afar,ET0205,Hari /Zone 5,2026-05-31,5.47658e-05,1-1.5,0.004773825326066634
ETH,ET,Ethiopia,ET02,Afar,ET0202,Kilbati /Zone2,2026-05-31,5.47658e-05,1-1.5,0.004773825326066634
ETH,ET,Ethiopia,ET02,Afar,ET0203,Gabi /Zone 3,2026-05-31,5.47658e-05,1-1.5,0.004773825326066634
ETH,ET,Ethiopia,ET03,Amhara,ET0307,West Gojam,2026-05-31,0.00054794166,1-1.5,0.0002369967310992846
ETH,ET,Ethiopia,ET03,Amhara,ET0309,Awi,2026-05-31,0.00054794166,1-1.5,0.0002369967310992846
ETH,ET,Ethiopia,ET03,Amhara,ET0305,North Shewa (AM),2026-05-31,0.00054794166,1-1.5,0.0002369967310992846
ETH,ET,Ethiopia,ET03,Amhara,ET0302,South Gondar,2026-05-31,0.00054794166,1-1.5,0.0002369967310992846
ETH,ET,Ethiopia,ET03,Amhara,ET0312,West Gondar,2026-05-31,0.00054794166,1-1.5,0.0002369967310992846
ETH,ET,Ethiopia,ET03,Amhara,ET0310,Oromia,2026-05-31,0.00054794166,1-1.5,0.0002369967310992846
ETH,ET,Ethiopia,ET03,Amhara,ET0304,South Wello,2026-05-31,0.00054794166,1-1.5,0.0002369967310992846
ETH,ET,Ethiopia,ET03,Amhara,ET0301,North Gondar,2026-05-31,0.00054794166,1-1.5,0.0002369967310992846
ETH,ET,Ethiopia,ET03,Amhara,ET0311,Central Gondar,2026-05-31,0.00054794166,1-1.5,0.0002369967310992846
ETH,ET,Ethiopia,ET03,Amhara,ET0303,North Wello,2026-05-31,0.00054794166,1-1.5,0.0002369967310992846
ETH,ET,Ethiopia,ET03,Amhara,ET0308,Wag Hamra,2026-05-31,0.00054794166,1-1.5,0.0002369967310992846
ETH,ET,Ethiopia,ET03,Amhara,ET0306,East Gojam,2026-05-31,0.00054794166,1-1.5,0.0002369967310992846
ETH,ET,Ethiopia,ET12,Gambela,ET1202,Agnewak,2026-05-31,0.0,1-1.5,0.0009535855814233813
ETH,ET,Ethiopia,ET12,Gambela,ET1204,Itang Special woreda,2026-05-31,0.0,1-1.5,0.0009535855814233813
ETH,ET,Ethiopia,ET12,Gambela,ET1203,Majang,2026-05-31,0.0,1-1.5,0.0009535855814233813
ETH,ET,Ethiopia,ET12,Gambela,ET1201,Nuwer,2026-05-31,0.0,1-1.5,0.0009535855814233813
ETH,ET,Ethiopia,ET13,Harari,ET1301,Harari,2026-05-31,0.0,1-1.5,0.0003481818269475215
ETH,ET,Ethiopia,ET14,Addis Ababa,ET1401,Region 14,2026-05-31,0.0,1-1.5,4.77272746634712e-06
ETH,ET,Ethiopia,ET11,South West Ethiopia,ET1106,Konta Special,2026-05-31,0.0,1-1.5,6.1677887967836e-05
ETH,ET,Ethiopia,ET11,South West Ethiopia,ET1105,Mirab Omo,2026-05-31,0.0,1-1.5,6.1677887967836e-05
ETH,ET,Ethiopia,ET11,South West Ethiopia,ET1104,Dawuro,2026-05-31,0.0,1-1.5,6.1677887967836e-05
ETH,ET,Ethiopia,ET11,South West Ethiopia,ET1101,Sheka,2026-05-31,0.0,1-1.5,6.1677887967836e-05
ETH,ET,Ethiopia,ET11,South West Ethiopia,ET1103,Bench Sheko,2026-05-31,0.0,1-1.5,6.1677887967836e-05
ETH,ET,Ethiopia,ET11,South West Ethiopia,ET1102,Kefa,2026-05-31,0.0,1-1.5,6.1677887967836e-05
ETH,ET,Ethiopia,ET05,Somali,ET0510,Nogob,2026-05-31,0.00041896277,1-1.5,0.0001366442569964009
ETH,ET,Ethiopia,ET05,Somali,ET0506,Shabelle,2026-05-31,0.00041896277,1-1.5,0.0001366442569964009
ETH,ET,Ethiopia,ET05,Somali,ET0502,Fafan,2026-05-31,0.00041896277,1-1.5,0.0001366442569964009
ETH,ET,Ethiopia,ET05,Somali,ET0503,Jarar,2026-05-31,0.00041896277,1-1.5,0.0001366442569964009
ETH,ET,Ethiopia,ET05,Somali,ET0501,Siti,2026-05-31,0.00041896277,1-1.5,0.0001366442569964009
ETH,ET,Ethiopia,ET05,Somali,ET0508,Afder,2026-05-31,0.00041896277,1-1.5,0.0001366442569964009
ETH,ET,Ethiopia,ET05,Somali,ET0504,Erer,2026-05-31,0.00041896277,1-1.5,0.0001366442569964009
ETH,ET,Ethiopia,ET05,Somali,ET0509,Liban,2026-05-31,0.00041896277,1-1.5,0.0001366442569964009
ETH,ET,Ethiopia,ET05,Somali,ET0507,Doolo,2026-05-31,0.00041896277,1-1.5,0.0001366442569964009
ETH,ET,Ethiopia,ET05,Somali,ET0505,Korahe,2026-05-31,0.00041896277,1-1.5,0.0001366442569964009
ETH,ET,Ethiopia,ET05,Somali,ET0511,Daawa,2026-05-31,0.00041896277,1-1.5,0.0001366442569964009
ETH,ET,Ethiopia,ET16,Sidama,ET1600,Sidama,2026-06-01,0.0,1-1.5,4.681818137131896e-05
ETH,ET,Ethiopia,ET01,Tigray,ET0107,Mekelle,2026-06-01,4.4522553e-06,1-1.5,0.0001296514256905952
ETH,ET,Ethiopia,ET01,Tigray,ET0104,Southern,2026-06-01,4.4522553e-06,1-1.5,0.0001296514256905952
ETH,ET,Ethiopia,ET01,Tigray,ET0101,North Western,2026-06-01,4.4522553e-06,1-1.5,0.0001296514256905952
ETH,ET,Ethiopia,ET01,Tigray,ET0102,Central,2026-06-01,4.4522553e-06,1-1.5,0.0001296514256905952
ETH,ET,Ethiopia,ET01,Tigray,ET0105,Western,2026-06-01,4.4522553e-06,1-1.5,0.0001296514256905952
ETH,ET,Ethiopia,ET01,Tigray,ET0106,South Eastern,2026-06-01,4.4522553e-06,1-1.5,0.0001296514256905952
ETH,ET,Ethiopia,ET01,Tigray,ET0103,Eastern,2026-06-01,4.4522553e-06,1-1.5,0.0001296514256905952
ETH,ET,Ethiopia,ET04,Oromia,ET0404,Jimma,2026-06-01,0.0031016471,1-1.5,0.002105638627174564
ETH,ET,Ethiopia,ET04,Oromia,ET0410,East Hararge,2026-06-01,0.0031016471,1-1.5,0.002105638627174564
ETH,ET,Ethiopia,ET04,Oromia,ET0409,West Hararge,2026-06-01,0.0031016471,1-1.5,0.002105638627174564
ETH,ET,Ethiopia,ET04,Oromia,ET0401,West Wellega,2026-06-01,0.0031016471,1-1.5,0.002105638627174564
ETH,ET,Ethiopia,ET04,Oromia,ET0408,Arsi,2026-06-01,0.0031016471,1-1.5,0.002105638627174564
ETH,ET,Ethiopia,ET04,Oromia,ET0403,Ilu Aba Bora,2026-06-01,0.0031016471,1-1.5,0.002105638627174564
ETH,ET,Ethiopia,ET04,Oromia,ET0407,East Shewa,2026-06-01,0.0031016471,1-1.5,0.002105638627174564
ETH,ET,Ethiopia,ET04,Oromia,ET0405,West Shewa,2026-06-01,0.0031016471,1-1.5,0.002105638627174564
ETH,ET,Ethiopia,ET04,Oromia,ET0406,North Shewa (OR),2026-06-01,0.0031016471,1-1.5,0.002105638627174564
ETH,ET,Ethiopia,ET04,Oromia,ET0402,East Wellega,2026-06-01,0.0031016471,1-1.5,0.002105638627174564
ETH,ET,Ethiopia,ET04,Oromia,ET0418,Kelem Wellega,2026-06-01,0.0031016471,1-1.5,0.002105638627174564
ETH,ET,Ethiopia,ET04,Oromia,ET0411,Bale,2026-06-01,0.0031016471,1-1.5,0.002105638627174564
ETH,ET,Ethiopia,ET04,Oromia,ET0416,Buno Bedele,2026-06-01,0.0031016471,1-1.5,0.002105638627174564
ETH,ET,Ethiopia,ET04,Oromia,ET0421,East Bale,2026-06-01,0.0031016471,1-1.5,0.002105638627174564
ETH,ET,Ethiopia,ET04,Oromia,ET0412,Borena,2026-06-01,0.0031016471,1-1.5,0.002105638627174564
ETH,ET,Ethiopia,ET04,Oromia,ET0419,Horo Gudru Wellega,2026-06-01,0.0031016471,1-1.5,0.002105638627174564
ETH,ET,Ethiopia,ET04,Oromia,ET0417,West Arsi,2026-06-01,0.0031016471,1-1.5,0.002105638627174564
ETH,ET,Ethiopia,ET04,Oromia,ET0413,South West Shewa,2026-06-01,0.0031016471,1-1.5,0.002105638627174564
ETH,ET,Ethiopia,ET04,Oromia,ET0415,West Guji,2026-06-01,0.0031016471,1-1.5,0.002105638627174564
ETH,ET,Ethiopia,ET04,Oromia,ET0414,Guji,2026-06-01,0.0031016471,1-1.5,0.002105638627174564
ETH,ET,Ethiopia,ET04,Oromia,ET0420,Finfine Special,2026-06-01,0.0031016471,1-1.5,0.002105638627174564
ETH,ET,Ethiopia,ET07,SNNP,ET0701,Guraghe,2026-06-01,0.007657143,1-1.5,0.001652239710727537
ETH,ET,Ethiopia,ET07,SNNP,ET0724,Yem Special,2026-06-01,0.007657143,1-1.5,0.001652239710727537
ETH,ET,Ethiopia,ET07,SNNP,ET0721,Amaro,2026-06-01,0.007657143,1-1.5,0.001652239710727537
ETH,ET,Ethiopia,ET07,SNNP,ET0703,Kembata Tembaro,2026-06-01,0.007657143,1-1.5,0.001652239710727537
ETH,ET,Ethiopia,ET07,SNNP,ET0710,Gamo,2026-06-01,0.007657143,1-1.5,0.001652239710727537
ETH,ET,Ethiopia,ET07,SNNP,ET0720,Siltie,2026-06-01,0.007657143,1-1.5,0.001652239710727537
ETH,ET,Ethiopia,ET07,SNNP,ET0715,Gofa,2026-06-01,0.007657143,1-1.5,0.001652239710727537
ETH,ET,Ethiopia,ET07,SNNP,ET0713,Konso,2026-06-01,0.007657143,1-1.5,0.001652239710727537
ETH,ET,Ethiopia,ET07,SNNP,ET0723,Derashe,2026-06-01,0.007657143,1-1.5,0.001652239710727537
ETH,ET,Ethiopia,ET07,SNNP,ET0705,Gedeo,2026-06-01,0.007657143,1-1.5,0.001652239710727537
ETH,ET,Ethiopia,ET07,SNNP,ET0706,Wolayita,2026-06-01,0.007657143,1-1.5,0.001652239710727537
ETH,ET,Ethiopia,ET07,SNNP,ET0714,Halaba,2026-06-01,0.007657143,1-1.5,0.001652239710727537
ETH,ET,Ethiopia,ET07,SNNP,ET0722,Burji,2026-06-01,0.007657143,1-1.5,0.001652239710727537
ETH,ET,Ethiopia,ET07,SNNP,ET0707,South Omo,2026-06-01,0.007657143,1-1.5,0.001652239710727537
ETH,ET,Ethiopia,ET07,SNNP,ET0702,Hadiya,2026-06-01,0.007657143,1-1.5,0.001652239710727537
ETH,ET,Ethiopia,ET07,SNNP,ET0716,Basketo,2026-06-01,0.007657143,1-1.5,0.001652239710727537
ETH,ET,Ethiopia,ET07,SNNP,ET0712,Alle,2026-06-01,0.007657143,1-1.5,0.001652239710727537
ETH,ET,Ethiopia,ET15,Dire Dawa,ET1502,Dire Dawa rural,2026-06-01,0.0,1-1.5,2.07792204905259e-07
ETH,ET,Ethiopia,ET15,Dire Dawa,ET1501,Dire Dawa urban,2026-06-01,0.0,1-1.5,2.07792204905259e-07
ETH,ET,Ethiopia,ET06,Benishangul Gumz,ET0604,Kamashi,2026-06-01,0.021305963,>10,0.005858414139109672
ETH,ET,Ethiopia,ET06,Benishangul Gumz,ET0602,Metekel,2026-06-01,0.021305963,>10,0.005858414139109672
ETH,ET,Ethiopia,ET06,Benishangul Gumz,ET0605,Mao Komo Special,2026-06-01,0.021305963,>10,0.005858414139109672
ETH,ET,Ethiopia,ET06,Benishangul Gumz,ET0603,Assosa,2026-06-01,0.021305963,>10,0.005858414139109672
ETH,ET,Ethiopia,ET02,Afar,ET0201,Awsi /Zone 1,2026-06-01,0.0,1-1.5,0.004685521176063709
ETH,ET,Ethiopia,ET02,Afar,ET0204,Fanti /Zone 4,2026-06-01,0.0,1-1.5,0.004685521176063709
ETH,ET,Ethiopia,ET02,Afar,ET0205,Hari /Zone 5,2026-06-01,0.0,1-1.5,0.004685521176063709
ETH,ET,Ethiopia,ET02,Afar,ET0202,Kilbati /Zone2,2026-06-01,0.0,1-1.5,0.004685521176063709
ETH,ET,Ethiopia,ET02,Afar,ET0203,Gabi /Zone 3,2026-06-01,0.0,1-1.5,0.004685521176063709
ETH,ET,Ethiopia,ET03,Amhara,ET0307,West Gojam,2026-06-01,0.00095220807,1-1.5,0.0002486147165580377
ETH,ET,Ethiopia,ET03,Amhara,ET0309,Awi,2026-06-01,0.00095220807,1-1.5,0.0002486147165580377
ETH,ET,Ethiopia,ET03,Amhara,ET0305,North Shewa (AM),2026-06-01,0.00095220807,1-1.5,0.0002486147165580377
ETH,ET,Ethiopia,ET03,Amhara,ET0302,South Gondar,2026-06-01,0.00095220807,1-1.5,0.0002486147165580377
ETH,ET,Ethiopia,ET03,Amhara,ET0312,West Gondar,2026-06-01,0.00095220807,1-1.5,0.0002486147165580377
ETH,ET,Ethiopia,ET03,Amhara,ET0310,Oromia,2026-06-01,0.00095220807,1-1.5,0.0002486147165580377
ETH,ET,Ethiopia,ET03,Amhara,ET0304,South Wello,2026-06-01,0.00095220807,1-1.5,0.0002486147165580377
ETH,ET,Ethiopia,ET03,Amhara,ET0301,North Gondar,2026-06-01,0.00095220807,1-1.5,0.0002486147165580377
ETH,ET,Ethiopia,ET03,Amhara,ET0311,Central Gondar,2026-06-01,0.00095220807,1-1.5,0.0002486147165580377
ETH,ET,Ethiopia,ET03,Amhara,ET0303,North Wello,2026-06-01,0.00095220807,1-1.5,0.0002486147165580377
ETH,ET,Ethiopia,ET03,Amhara,ET0308,Wag Hamra,2026-06-01,0.00095220807,1-1.5,0.0002486147165580377
ETH,ET,Ethiopia,ET03,Amhara,ET0306,East Gojam,2026-06-01,0.00095220807,1-1.5,0.0002486147165580377
ETH,ET,Ethiopia,ET12,Gambela,ET1202,Agnewak,2026-06-01,0.0,1-1.5,0.0009434610960604252
ETH,ET,Ethiopia,ET12,Gambela,ET1204,Itang Special woreda,2026-06-01,0.0,1-1.5,0.0009434610960604252
ETH,ET,Ethiopia,ET12,Gambela,ET1203,Majang,2026-06-01,0.0,1-1.5,0.0009434610960604252
ETH,ET,Ethiopia,ET12,Gambela,ET1201,Nuwer,2026-06-01,0.0,1-1.5,0.0009434610960604252
ETH,ET,Ethiopia,ET13,Harari,ET1301,Harari,2026-06-01,0.0,1-1.5,0.0003019697066272122
ETH,ET,Ethiopia,ET14,Addis Ababa,ET1401,Region 14,2026-06-01,0.0,1-1.5,5.681818352472461e-06
ETH,ET,Ethiopia,ET11,South West Ethiopia,ET1106,Konta Special,2026-06-01,0.0,1-1.5,5.624140250132955e-05
ETH,ET,Ethiopia,ET11,South West Ethiopia,ET1105,Mirab Omo,2026-06-01,0.0,1-1.5,5.624140250132955e-05
ETH,ET,Ethiopia,ET11,South West Ethiopia,ET1104,Dawuro,2026-06-01,0.0,1-1.5,5.624140250132955e-05
ETH,ET,Ethiopia,ET11,South West Ethiopia,ET1101,Sheka,2026-06-01,0.0,1-1.5,5.624140250132955e-05
ETH,ET,Ethiopia,ET11,South West Ethiopia,ET1103,Bench Sheko,2026-06-01,0.0,1-1.5,5.624140250132955e-05
ETH,ET,Ethiopia,ET11,South West Ethiopia,ET1102,Kefa,2026-06-01,0.0,1-1.5,5.624140250132955e-05
ETH,ET,Ethiopia,ET05,Somali,ET0510,Nogob,2026-06-01,6.8671005e-05,1-1.5,0.0001257674432668181
ETH,ET,Ethiopia,ET05,Somali,ET0506,Shabelle,2026-06-01,6.8671005e-05,1-1.5,0.0001257674432668181
ETH,ET,Ethiopia,ET05,Somali,ET0502,Fafan,2026-06-01,6.8671005e-05,1-1.5,0.0001257674432668181
ETH,ET,Ethiopia,ET05,Somali,ET0503,Jarar,2026-06-01,6.8671005e-05,1-1.5,0.0001257674432668181
ETH,ET,Ethiopia,ET05,Somali,ET0501,Siti,2026-06-01,6.8671005e-05,1-1.5,0.0001257674432668181
ETH,ET,Ethiopia,ET05,Somali,ET0508,Afder,2026-06-01,6.8671005e-05,1-1.5,0.0001257674432668181
ETH,ET,Ethiopia,ET05,Somali,ET0504,Erer,2026-06-01,6.8671005e-05,1-1.5,0.0001257674432668181
ETH,ET,Ethiopia,ET05,Somali,ET0509,Liban,2026-06-01,6.8671005e-05,1-1.5,0.0001257674432668181
ETH,ET,Ethiopia,ET05,Somali,ET0507,Doolo,2026-06-01,6.8671005e-05,1-1.5,0.0001257674432668181
ETH,ET,Ethiopia,ET05,Somali,ET0505,Korahe,2026-06-01,6.8671005e-05,1-1.5,0.0001257674432668181
ETH,ET,Ethiopia,ET05,Somali,ET0511,Daawa,2026-06-01,6.8671005e-05,1-1.5,0.0001257674432668181
ETH,ET,Ethiopia,ET16,Sidama,ET1600,Sidama,2026-06-02,0.0,1-1.5,4.703623851376258e-05
ETH,ET,Ethiopia,ET01,Tigray,ET0107,Mekelle,2026-06-02,4.281275e-06,1-1.5,0.0001426250486986191
ETH,ET,Ethiopia,ET01,Tigray,ET0104,Southern,2026-06-02,4.281275e-06,1-1.5,0.0001426250486986191
ETH,ET,Ethiopia,ET01,Tigray,ET0101,North Western,2026-06-02,4.281275e-06,1-1.5,0.0001426250486986191
ETH,ET,Ethiopia,ET01,Tigray,ET0102,Central,2026-06-02,4.281275e-06,1-1.5,0.0001426250486986191
ETH,ET,Ethiopia,ET01,Tigray,ET0105,Western,2026-06-02,4.281275e-06,1-1.5,0.0001426250486986191
ETH,ET,Ethiopia,ET01,Tigray,ET0106,South Eastern,2026-06-02,4.281275e-06,1-1.5,0.0001426250486986191
ETH,ET,Ethiopia,ET01,Tigray,ET0103,Eastern,2026-06-02,4.281275e-06,1-1.5,0.0001426250486986191
ETH,ET,Ethiopia,ET04,Oromia,ET0404,Jimma,2026-06-02,0.0028230394,1-1.5,0.002103626358703794
ETH,ET,Ethiopia,ET04,Oromia,ET0410,East Hararge,2026-06-02,0.0028230394,1-1.5,0.002103626358703794
ETH,ET,Ethiopia,ET04,Oromia,ET0409,West Hararge,2026-06-02,0.0028230394,1-1.5,0.002103626358703794
ETH,ET,Ethiopia,ET04,Oromia,ET0401,West Wellega,2026-06-02,0.0028230394,1-1.5,0.002103626358703794
ETH,ET,Ethiopia,ET04,Oromia,ET0408,Arsi,2026-06-02,0.0028230394,1-1.5,0.002103626358703794
ETH,ET,Ethiopia,ET04,Oromia,ET0403,Ilu Aba Bora,2026-06-02,0.0028230394,1-1.5,0.002103626358703794
ETH,ET,Ethiopia,ET04,Oromia,ET0407,East Shewa,2026-06-02,0.0028230394,1-1.5,0.002103626358703794
ETH,ET,Ethiopia,ET04,Oromia,ET0405,West Shewa,2026-06-02,0.0028230394,1-1.5,0.002103626358703794
ETH,ET,Ethiopia,ET04,Oromia,ET0406,North Shewa (OR),2026-06-02,0.0028230394,1-1.5,0.002103626358703794
ETH,ET,Ethiopia,ET04,Oromia,ET0402,East Wellega,2026-06-02,0.0028230394,1-1.5,0.002103626358703794
ETH,ET,Ethiopia,ET04,Oromia,ET0418,Kelem Wellega,2026-06-02,0.0028230394,1-1.5,0.002103626358703794
ETH,ET,Ethiopia,ET04,Oromia,ET0411,Bale,2026-06-02,0.0028230394,1-1.5,0.002103626358703794
ETH,ET,Ethiopia,ET04,Oromia,ET0416,Buno Bedele,2026-06-02,0.0028230394,1-1.5,0.002103626358703794
ETH,ET,Ethiopia,ET04,Oromia,ET0421,East Bale,2026-06-02,0.0028230394,1-1.5,0.002103626358703794
ETH,ET,Ethiopia,ET04,Oromia,ET0412,Borena,2026-06-02,0.0028230394,1-1.5,0.002103626358703794
ETH,ET,Ethiopia,ET04,Oromia,ET0419,Horo Gudru Wellega,2026-06-02,0.0028230394,1-1.5,0.002103626358703794
ETH,ET,Ethiopia,ET04,Oromia,ET0417,West Arsi,2026-06-02,0.0028230394,1-1.5,0.002103626358703794
ETH,ET,Ethiopia,ET04,Oromia,ET0413,South West Shewa,2026-06-02,0.0028230394,1-1.5,0.002103626358703794
ETH,ET,Ethiopia,ET04,Oromia,ET0415,West Guji,2026-06-02,0.0028230394,1-1.5,0.002103626358703794
ETH,ET,Ethiopia,ET04,Oromia,ET0414,Guji,2026-06-02,0.0028230394,1-1.5,0.002103626358703794
ETH,ET,Ethiopia,ET04,Oromia,ET0420,Finfine Special,2026-06-02,0.0028230394,1-1.5,0.002103626358703794
ETH,ET,Ethiopia,ET07,SNNP,ET0701,Guraghe,2026-06-02,0.0074766893,1-1.5,0.001645083930237557
ETH,ET,Ethiopia,ET07,SNNP,ET0724,Yem Special,2026-06-02,0.0074766893,1-1.5,0.001645083930237557
ETH,ET,Ethiopia,ET07,SNNP,ET0721,Amaro,2026-06-02,0.0074766893,1-1.5,0.001645083930237557
ETH,ET,Ethiopia,ET07,SNNP,ET0703,Kembata Tembaro,2026-06-02,0.0074766893,1-1.5,0.001645083930237557
ETH,ET,Ethiopia,ET07,SNNP,ET0710,Gamo,2026-06-02,0.0074766893,1-1.5,0.001645083930237557
ETH,ET,Ethiopia,ET07,SNNP,ET0720,Siltie,2026-06-02,0.0074766893,1-1.5,0.001645083930237557
ETH,ET,Ethiopia,ET07,SNNP,ET0715,Gofa,2026-06-02,0.0074766893,1-1.5,0.001645083930237557
ETH,ET,Ethiopia,ET07,SNNP,ET0713,Konso,2026-06-02,0.0074766893,1-1.5,0.001645083930237557
ETH,ET,Ethiopia,ET07,SNNP,ET0723,Derashe,2026-06-02,0.0074766893,1-1.5,0.001645083930237557
ETH,ET,Ethiopia,ET07,SNNP,ET0705,Gedeo,2026-06-02,0.0074766893,1-1.5,0.001645083930237557
ETH,ET,Ethiopia,ET07,SNNP,ET0706,Wolayita,2026-06-02,0.0074766893,1-1.5,0.001645083930237557
ETH,ET,Ethiopia,ET07,SNNP,ET0714,Halaba,2026-06-02,0.0074766893,1-1.5,0.001645083930237557
ETH,ET,Ethiopia,ET07,SNNP,ET0722,Burji,2026-06-02,0.0074766893,1-1.5,0.001645083930237557
ETH,ET,Ethiopia,ET07,SNNP,ET0707,South Omo,2026-06-02,0.0074766893,1-1.5,0.001645083930237557
ETH,ET,Ethiopia,ET07,SNNP,ET0702,Hadiya,2026-06-02,0.0074766893,1-1.5,0.001645083930237557
ETH,ET,Ethiopia,ET07,SNNP,ET0716,Basketo,2026-06-02,0.0074766893,1-1.5,0.001645083930237557
ETH,ET,Ethiopia,ET07,SNNP,ET0712,Alle,2026-06-02,0.0074766893,1-1.5,0.001645083930237557
ETH,ET,Ethiopia,ET15,Dire Dawa,ET1502,Dire Dawa rural,2026-06-02,0.0,1-1.5,2.07792204905259e-07
ETH,ET,Ethiopia,ET15,Dire Dawa,ET1501,Dire Dawa urban,2026-06-02,0.0,1-1.5,2.07792204905259e-07
ETH,ET,Ethiopia,ET06,Benishangul Gumz,ET0604,Kamashi,2026-06-02,0.021751374,>10,0.005927169710518725
ETH,ET,Ethiopia,ET06,Benishangul Gumz,ET0602,Metekel,2026-06-02,0.021751374,>10,0.005927169710518725
ETH,ET,Ethiopia,ET06,Benishangul Gumz,ET0605,Mao Komo Special,2026-06-02,0.021751374,>10,0.005927169710518725
ETH,ET,Ethiopia,ET06,Benishangul Gumz,ET0603,Assosa,2026-06-02,0.021751374,>10,0.005927169710518725
ETH,ET,Ethiopia,ET02,Afar,ET0201,Awsi /Zone 1,2026-06-02,9.471991e-06,1-1.5,0.004595993053887718
ETH,ET,Ethiopia,ET02,Afar,ET0204,Fanti /Zone 4,2026-06-02,9.471991e-06,1-1.5,0.004595993053887718
ETH,ET,Ethiopia,ET02,Afar,ET0205,Hari /Zone 5,2026-06-02,9.471991e-06,1-1.5,0.004595993053887718
ETH,ET,Ethiopia,ET02,Afar,ET0202,Kilbati /Zone2,2026-06-02,9.471991e-06,1-1.5,0.004595993053887718
ETH,ET,Ethiopia,ET02,Afar,ET0203,Gabi /Zone 3,2026-06-02,9.471991e-06,1-1.5,0.004595993053887718
ETH,ET,Ethiopia,ET03,Amhara,ET0307,West Gojam,2026-06-02,0.0009577286,1-1.5,0.0002534887423226515
ETH,ET,Ethiopia,ET03,Amhara,ET0309,Awi,2026-06-02,0.0009577286,1-1.5,0.0002534887423226515
ETH,ET,Ethiopia,ET03,Amhara,ET0305,North Shewa (AM),2026-06-02,0.0009577286,1-1.5,0.0002534887423226515
ETH,ET,Ethiopia,ET03,Amhara,ET0302,South Gondar,2026-06-02,0.0009577286,1-1.5,0.0002534887423226515
ETH,ET,Ethiopia,ET03,Amhara,ET0312,West Gondar,2026-06-02,0.0009577286,1-1.5,0.0002534887423226515
ETH,ET,Ethiopia,ET03,Amhara,ET0310,Oromia,2026-06-02,0.0009577286,1-1.5,0.0002534887423226515
ETH,ET,Ethiopia,ET03,Amhara,ET0304,South Wello,2026-06-02,0.0009577286,1-1.5,0.0002534887423226515
ETH,ET,Ethiopia,ET03,Amhara,ET0301,North Gondar,2026-06-02,0.0009577286,1-1.5,0.0002534887423226515
ETH,ET,Ethiopia,ET03,Amhara,ET0311,Central Gondar,2026-06-02,0.0009577286,1-1.5,0.0002534887423226515
ETH,ET,Ethiopia,ET03,Amhara,ET0303,North Wello,2026-06-02,0.0009577286,1-1.5,0.0002534887423226515
ETH,ET,Ethiopia,ET03,Amhara,ET0308,Wag Hamra,2026-06-02,0.0009577286,1-1.5,0.0002534887423226515
ETH,ET,Ethiopia,ET03,Amhara,ET0306,East Gojam,2026-06-02,0.0009577286,1-1.5,0.0002534887423226515
ETH,ET,Ethiopia,ET12,Gambela,ET1202,Agnewak,2026-06-02,0.0,1-1.5,0.0009589076185710091
ETH,ET,Ethiopia,ET12,Gambela,ET1204,Itang Special woreda,2026-06-02,0.0,1-1.5,0.0009589076185710091
ETH,ET,Ethiopia,ET12,Gambela,ET1203,Majang,2026-06-02,0.0,1-1.5,0.0009589076185710091
ETH,ET,Ethiopia,ET12,Gambela,ET1201,Nuwer,2026-06-02,0.0,1-1.5,0.0009589076185710091
ETH,ET,Ethiopia,ET13,Harari,ET1301,Harari,2026-06-02,0.0,1-1.5,0.0003018181914740126
ETH,ET,Ethiopia,ET14,Addis Ababa,ET1401,Region 14,2026-06-02,0.0,1-1.5,5.681818352472461e-06
ETH,ET,Ethiopia,ET11,South West Ethiopia,ET1106,Konta Special,2026-06-02,0.0,1-1.5,5.133420368072063e-05
ETH,ET,Ethiopia,ET11,South West Ethiopia,ET1105,Mirab Omo,2026-06-02,0.0,1-1.5,5.133420368072063e-05
ETH,ET,Ethiopia,ET11,South West Ethiopia,ET1104,Dawuro,2026-06-02,0.0,1-1.5,5.133420368072063e-05
ETH,ET,Ethiopia,ET11,South West Ethiopia,ET1101,Sheka,2026-06-02,0.0,1-1.5,5.133420368072063e-05
ETH,ET,Ethiopia,ET11,South West Ethiopia,ET1103,Bench Sheko,2026-06-02,0.0,1-1.5,5.133420368072063e-05
ETH,ET,Ethiopia,ET11,South West Ethiopia,ET1102,Kefa,2026-06-02,0.0,1-1.5,5.133420368072063e-05
ETH,ET,Ethiopia,ET05,Somali,ET0510,Nogob,2026-06-02,0.0,1-1.5,0.0001181825974250973
ETH,ET,Ethiopia,ET05,Somali,ET0506,Shabelle,2026-06-02,0.0,1-1.5,0.0001181825974250973
ETH,ET,Ethiopia,ET05,Somali,ET0502,Fafan,2026-06-02,0.0,1-1.5,0.0001181825974250973
ETH,ET,Ethiopia,ET05,Somali,ET0503,Jarar,2026-06-02,0.0,1-1.5,0.0001181825974250973
ETH,ET,Ethiopia,ET05,Somali,ET0501,Siti,2026-06-02,0.0,1-1.5,0.0001181825974250973
ETH,ET,Ethiopia,ET05,Somali,ET0508,Afder,2026-06-02,0.0,1-1.5,0.0001181825974250973
ETH,ET,Ethiopia,ET05,Somali,ET0504,Erer,2026-06-02,0.0,1-1.5,0.0001181825974250973
ETH,ET,Ethiopia,ET05,Somali,ET0509,Liban,2026-06-02,0.0,1-1.5,0.0001181825974250973
ETH,ET,Ethiopia,ET05,Somali,ET0507,Doolo,2026-06-02,0.0,1-1.5,0.0001181825974250973
ETH,ET,Ethiopia,ET05,Somali,ET0505,Korahe,2026-06-02,0.0,1-1.5,0.0001181825974250973
ETH,ET,Ethiopia,ET05,Somali,ET0511,Daawa,2026-06-02,0.0,1-1.5,0.0001181825974250973
ETH,ET,Ethiopia,ET16,Sidama,ET1600,Sidama,2026-06-03,0.0,1-1.5,4.708943848857995e-05
ETH,ET,Ethiopia,ET01,Tigray,ET0107,Mekelle,2026-06-03,4.395193e-06,1-1.5,0.0001511800385225631
ETH,ET,Ethiopia,ET01,Tigray,ET0104,Southern,2026-06-03,4.395193e-06,1-1.5,0.0001511800385225631
ETH,ET,Ethiopia,ET01,Tigray,ET0101,North Western,2026-06-03,4.395193e-06,1-1.5,0.0001511800385225631
ETH,ET,Ethiopia,ET01,Tigray,ET0102,Central,2026-06-03,4.395193e-06,1-1.5,0.0001511800385225631
ETH,ET,Ethiopia,ET01,Tigray,ET0105,Western,2026-06-03,4.395193e-06,1-1.5,0.0001511800385225631
ETH,ET,Ethiopia,ET01,Tigray,ET0106,South Eastern,2026-06-03,4.395193e-06,1-1.5,0.0001511800385225631
ETH,ET,Ethiopia,ET01,Tigray,ET0103,Eastern,2026-06-03,4.395193e-06,1-1.5,0.0001511800385225631
ETH,ET,Ethiopia,ET04,Oromia,ET0404,Jimma,2026-06-03,0.0027039947,1-1.5,0.002099650381767953
ETH,ET,Ethiopia,ET04,Oromia,ET0410,East Hararge,2026-06-03,0.0027039947,1-1.5,0.002099650381767953
ETH,ET,Ethiopia,ET04,Oromia,ET0409,West Hararge,2026-06-03,0.0027039947,1-1.5,0.002099650381767953
ETH,ET,Ethiopia,ET04,Oromia,ET0401,West Wellega,2026-06-03,0.0027039947,1-1.5,0.002099650381767953
ETH,ET,Ethiopia,ET04,Oromia,ET0408,Arsi,2026-06-03,0.0027039947,1-1.5,0.002099650381767953
ETH,ET,Ethiopia,ET04,Oromia,ET0403,Ilu Aba Bora,2026-06-03,0.0027039947,1-1.5,0.002099650381767953
ETH,ET,Ethiopia,ET04,Oromia,ET0407,East Shewa,2026-06-03,0.0027039947,1-1.5,0.002099650381767953
ETH,ET,Ethiopia,ET04,Oromia,ET0405,West Shewa,2026-06-03,0.0027039947,1-1.5,0.002099650381767953
ETH,ET,Ethiopia,ET04,Oromia,ET0406,North Shewa (OR),2026-06-03,0.0027039947,1-1.5,0.002099650381767953
ETH,ET,Ethiopia,ET04,Oromia,ET0402,East Wellega,2026-06-03,0.0027039947,1-1.5,0.002099650381767953
ETH,ET,Ethiopia,ET04,Oromia,ET0418,Kelem Wellega,2026-06-03,0.0027039947,1-1.5,0.002099650381767953
ETH,ET,Ethiopia,ET04,Oromia,ET0411,Bale,2026-06-03,0.0027039947,1-1.5,0.002099650381767953
ETH,ET,Ethiopia,ET04,Oromia,ET0416,Buno Bedele,2026-06-03,0.0027039947,1-1.5,0.002099650381767953
ETH,ET,Ethiopia,ET04,Oromia,ET0421,East Bale,2026-06-03,0.0027039947,1-1.5,0.002099650381767953
ETH,ET,Ethiopia,ET04,Oromia,ET0412,Borena,2026-06-03,0.0027039947,1-1.5,0.002099650381767953
ETH,ET,Ethiopia,ET04,Oromia,ET0419,Horo Gudru Wellega,2026-06-03,0.0027039947,1-1.5,0.002099650381767953
ETH,ET,Ethiopia,ET04,Oromia,ET0417,West Arsi,2026-06-03,0.0027039947,1-1.5,0.002099650381767953
ETH,ET,Ethiopia,ET04,Oromia,ET0413,South West Shewa,2026-06-03,0.0027039947,1-1.5,0.002099650381767953
ETH,ET,Ethiopia,ET04,Oromia,ET0415,West Guji,2026-06-03,0.0027039947,1-1.5,0.002099650381767953
ETH,ET,Ethiopia,ET04,Oromia,ET0414,Guji,2026-06-03,0.0027039947,1-1.5,0.002099650381767953
ETH,ET,Ethiopia,ET04,Oromia,ET0420,Finfine Special,2026-06-03,0.0027039947,1-1.5,0.002099650381767953
ETH,ET,Ethiopia,ET07,SNNP,ET0701,Guraghe,2026-06-03,0.008910242,1-1.5,0.001646764431709678
ETH,ET,Ethiopia,ET07,SNNP,ET0724,Yem Special,2026-06-03,0.008910242,1-1.5,0.001646764431709678
ETH,ET,Ethiopia,ET07,SNNP,ET0721,Amaro,2026-06-03,0.008910242,1-1.5,0.001646764431709678
ETH,ET,Ethiopia,ET07,SNNP,ET0703,Kembata Tembaro,2026-06-03,0.008910242,1-1.5,0.001646764431709678
ETH,ET,Ethiopia,ET07,SNNP,ET0710,Gamo,2026-06-03,0.008910242,1-1.5,0.001646764431709678
ETH,ET,Ethiopia,ET07,SNNP,ET0720,Siltie,2026-06-03,0.008910242,1-1.5,0.001646764431709678
ETH,ET,Ethiopia,ET07,SNNP,ET0715,Gofa,2026-06-03,0.008910242,1-1.5,0.001646764431709678
ETH,ET,Ethiopia,ET07,SNNP,ET0713,Konso,2026-06-03,0.008910242,1-1.5,0.001646764431709678
ETH,ET,Ethiopia,ET07,SNNP,ET0723,Derashe,2026-06-03,0.008910242,1-1.5,0.001646764431709678
ETH,ET,Ethiopia,ET07,SNNP,ET0705,Gedeo,2026-06-03,0.008910242,1-1.5,0.001646764431709678
ETH,ET,Ethiopia,ET07,SNNP,ET0706,Wolayita,2026-06-03,0.008910242,1-1.5,0.001646764431709678
ETH,ET,Ethiopia,ET07,SNNP,ET0714,Halaba,2026-06-03,0.008910242,1-1.5,0.001646764431709678
ETH,ET,Ethiopia,ET07,SNNP,ET0722,Burji,2026-06-03,0.008910242,1-1.5,0.001646764431709678
ETH,ET,Ethiopia,ET07,SNNP,ET0707,South Omo,2026-06-03,0.008910242,1-1.5,0.001646764431709678
ETH,ET,Ethiopia,ET07,SNNP,ET0702,Hadiya,2026-06-03,0.008910242,1-1.5,0.001646764431709678
ETH,ET,Ethiopia,ET07,SNNP,ET0716,Basketo,2026-06-03,0.008910242,1-1.5,0.001646764431709678
ETH,ET,Ethiopia,ET07,SNNP,ET0712,Alle,2026-06-03,0.008910242,1-1.5,0.001646764431709678
ETH,ET,Ethiopia,ET15,Dire Dawa,ET1502,Dire Dawa rural,2026-06-03,0.0,1-1.5,2.07792204905259e-07
ETH,ET,Ethiopia,ET15,Dire Dawa,ET1501,Dire Dawa urban,2026-06-03,0.0,1-1.5,2.07792204905259e-07
ETH,ET,Ethiopia,ET06,Benishangul Gumz,ET0604,Kamashi,2026-06-03,0.022938963,>10,0.006021366586330921
ETH,ET,Ethiopia,ET06,Benishangul Gumz,ET0602,Metekel,2026-06-03,0.022938963,>10,0.006021366586330921
ETH,ET,Ethiopia,ET06,Benishangul Gumz,ET0605,Mao Komo Special,2026-06-03,0.022938963,>10,0.006021366586330921
ETH,ET,Ethiopia,ET06,Benishangul Gumz,ET0603,Assosa,2026-06-03,0.022938963,>10,0.006021366586330921
ETH,ET,Ethiopia,ET02,Afar,ET0201,Awsi /Zone 1,2026-06-03,9.440167e-06,1-1.5,0.004525080588328736
ETH,ET,Ethiopia,ET02,Afar,ET0204,Fanti /Zone 4,2026-06-03,9.440167e-06,1-1.5,0.004525080588328736
ETH,ET,Ethiopia,ET02,Afar,ET0205,Hari /Zone 5,2026-06-03,9.440167e-06,1-1.5,0.004525080588328736
ETH,ET,Ethiopia,ET02,Afar,ET0202,Kilbati /Zone2,2026-06-03,9.440167e-06,1-1.5,0.004525080588328736
ETH,ET,Ethiopia,ET02,Afar,ET0203,Gabi /Zone 3,2026-06-03,9.440167e-06,1-1.5,0.004525080588328736
ETH,ET,Ethiopia,ET03,Amhara,ET0307,West Gojam,2026-06-03,0.001666811,1-1.5,0.0002566726308932036
ETH,ET,Ethiopia,ET03,Amhara,ET0309,Awi,2026-06-03,0.001666811,1-1.5,0.0002566726308932036
ETH,ET,Ethiopia,ET03,Amhara,ET0305,North Shewa (AM),2026-06-03,0.001666811,1-1.5,0.0002566726308932036
ETH,ET,Ethiopia,ET03,Amhara,ET0302,South Gondar,2026-06-03,0.001666811,1-1.5,0.0002566726308932036
ETH,ET,Ethiopia,ET03,Amhara,ET0312,West Gondar,2026-06-03,0.001666811,1-1.5,0.0002566726308932036
ETH,ET,Ethiopia,ET03,Amhara,ET0310,Oromia,2026-06-03,0.001666811,1-1.5,0.0002566726308932036
ETH,ET,Ethiopia,ET03,Amhara,ET0304,South Wello,2026-06-03,0.001666811,1-1.5,0.0002566726308932036
ETH,ET,Ethiopia,ET03,Amhara,ET0301,North Gondar,2026-06-03,0.001666811,1-1.5,0.0002566726308932036
ETH,ET,Ethiopia,ET03,Amhara,ET0311,Central Gondar,2026-06-03,0.001666811,1-1.5,0.0002566726308932036
ETH,ET,Ethiopia,ET03,Amhara,ET0303,North Wello,2026-06-03,0.001666811,1-1.5,0.0002566726308932036
ETH,ET,Ethiopia,ET03,Amhara,ET0308,Wag Hamra,2026-06-03,0.001666811,1-1.5,0.0002566726308932036
ETH,ET,Ethiopia,ET03,Amhara,ET0306,East Gojam,2026-06-03,0.001666811,1-1.5,0.0002566726308932036
ETH,ET,Ethiopia,ET12,Gambela,ET1202,Agnewak,2026-06-03,0.0,1-1.5,0.0009611877539348578
ETH,ET,Ethiopia,ET12,Gambela,ET1204,Itang Special woreda,2026-06-03,0.0,1-1.5,0.0009611877539348578
ETH,ET,Ethiopia,ET12,Gambela,ET1203,Majang,2026-06-03,0.0,1-1.5,0.0009611877539348578
ETH,ET,Ethiopia,ET12,Gambela,ET1201,Nuwer,2026-06-03,0.0,1-1.5,0.0009611877539348578
ETH,ET,Ethiopia,ET13,Harari,ET1301,Harari,2026-06-03,0.0,1-1.5,0.0003018181914740126
ETH,ET,Ethiopia,ET14,Addis Ababa,ET1401,Region 14,2026-06-03,0.0,1-1.5,6.363636500530198e-06
ETH,ET,Ethiopia,ET11,South West Ethiopia,ET1106,Konta Special,2026-06-03,0.0,1-1.5,4.437445686136243e-05
ETH,ET,Ethiopia,ET11,South West Ethiopia,ET1105,Mirab Omo,2026-06-03,0.0,1-1.5,4.437445686136243e-05
ETH,ET,Ethiopia,ET11,South West Ethiopia,ET1104,Dawuro,2026-06-03,0.0,1-1.5,4.437445686136243e-05
ETH,ET,Ethiopia,ET11,South West Ethiopia,ET1101,Sheka,2026-06-03,0.0,1-1.5,4.437445686136243e-05
ETH,ET,Ethiopia,ET11,South West Ethiopia,ET1103,Bench Sheko,2026-06-03,0.0,1-1.5,4.437445686136243e-05
ETH,ET,Ethiopia,ET11,South West Ethiopia,ET1102,Kefa,2026-06-03,0.0,1-1.5,4.437445686136243e-05
ETH,ET,Ethiopia,ET05,Somali,ET0510,Nogob,2026-06-03,0.0,1-1.5,0.0001066293719681901
ETH,ET,Ethiopia,ET05,Somali,ET0506,Shabelle,2026-06-03,0.0,1-1.5,0.0001066293719681901
ETH,ET,Ethiopia,ET05,Somali,ET0502,Fafan,2026-06-03,0.0,1-1.5,0.0001066293719681901
ETH,ET,Ethiopia,ET05,Somali,ET0503,Jarar,2026-06-03,0.0,1-1.5,0.0001066293719681901
ETH,ET,Ethiopia,ET05,Somali,ET0501,Siti,2026-06-03,0.0,1-1.5,0.0001066293719681901
ETH,ET,Ethiopia,ET05,Somali,ET0508,Afder,2026-06-03,0.0,1-1.5,0.0001066293719681901
ETH,ET,Ethiopia,ET05,Somali,ET0504,Erer,2026-06-03,0.0,1-1.5,0.0001066293719681901
ETH,ET,Ethiopia,ET05,Somali,ET0509,Liban,2026-06-03,0.0,1-1.5,0.0001066293719681901
ETH,ET,Ethiopia,ET05,Somali,ET0507,Doolo,2026-06-03,0.0,1-1.5,0.0001066293719681901
ETH,ET,Ethiopia,ET05,Somali,ET0505,Korahe,2026-06-03,0.0,1-1.5,0.0001066293719681901
ETH,ET,Ethiopia,ET05,Somali,ET0511,Daawa,2026-06-03,0.0,1-1.5,0.0001066293719681901
ETH,ET,Ethiopia,ET16,Sidama,ET1600,Sidama,2026-06-04,0.0,1-1.5,1.634606826635057e-05
ETH,ET,Ethiopia,ET01,Tigray,ET0107,Mekelle,2026-06-04,0.0,1-1.5,0.0001633473621526801
ETH,ET,Ethiopia,ET01,Tigray,ET0104,Southern,2026-06-04,0.0,1-1.5,0.0001633473621526801
ETH,ET,Ethiopia,ET01,Tigray,ET0101,North Western,2026-06-04,0.0,1-1.5,0.0001633473621526801
ETH,ET,Ethiopia,ET01,Tigray,ET0102,Central,2026-06-04,0.0,1-1.5,0.0001633473621526801
ETH,ET,Ethiopia,ET01,Tigray,ET0105,Western,2026-06-04,0.0,1-1.5,0.0001633473621526801
ETH,ET,Ethiopia,ET01,Tigray,ET0106,South Eastern,2026-06-04,0.0,1-1.5,0.0001633473621526801
ETH,ET,Ethiopia,ET01,Tigray,ET0103,Eastern,2026-06-04,0.0,1-1.5,0.0001633473621526801
ETH,ET,Ethiopia,ET04,Oromia,ET0404,Jimma,2026-06-04,0.0026870004,1-1.5,0.002074705531545491
ETH,ET,Ethiopia,ET04,Oromia,ET0410,East Hararge,2026-06-04,0.0026870004,1-1.5,0.002074705531545491
ETH,ET,Ethiopia,ET04,Oromia,ET0409,West Hararge,2026-06-04,0.0026870004,1-1.5,0.002074705531545491
ETH,ET,Ethiopia,ET04,Oromia,ET0401,West Wellega,2026-06-04,0.0026870004,1-1.5,0.002074705531545491
ETH,ET,Ethiopia,ET04,Oromia,ET0408,Arsi,2026-06-04,0.0026870004,1-1.5,0.002074705531545491
ETH,ET,Ethiopia,ET04,Oromia,ET0403,Ilu Aba Bora,2026-06-04,0.0026870004,1-1.5,0.002074705531545491
ETH,ET,Ethiopia,ET04,Oromia,ET0407,East Shewa,2026-06-04,0.0026870004,1-1.5,0.002074705531545491
ETH,ET,Ethiopia,ET04,Oromia,ET0405,West Shewa,2026-06-04,0.0026870004,1-1.5,0.002074705531545491
ETH,ET,Ethiopia,ET04,Oromia,ET0406,North Shewa (OR),2026-06-04,0.0026870004,1-1.5,0.002074705531545491
ETH,ET,Ethiopia,ET04,Oromia,ET0402,East Wellega,2026-06-04,0.0026870004,1-1.5,0.002074705531545491
ETH,ET,Ethiopia,ET04,Oromia,ET0418,Kelem Wellega,2026-06-04,0.0026870004,1-1.5,0.002074705531545491
ETH,ET,Ethiopia,ET04,Oromia,ET0411,Bale,2026-06-04,0.0026870004,1-1.5,0.002074705531545491
ETH,ET,Ethiopia,ET04,Oromia,ET0416,Buno Bedele,2026-06-04,0.0026870004,1-1.5,0.002074705531545491
ETH,ET,Ethiopia,ET04,Oromia,ET0421,East Bale,2026-06-04,0.0026870004,1-1.5,0.002074705531545491
ETH,ET,Ethiopia,ET04,Oromia,ET0412,Borena,2026-06-04,0.0026870004,1-1.5,0.002074705531545491
ETH,ET,Ethiopia,ET04,Oromia,ET0419,Horo Gudru Wellega,2026-06-04,0.0026870004,1-1.5,0.002074705531545491
ETH,ET,Ethiopia,ET04,Oromia,ET0417,West Arsi,2026-06-04,0.0026870004,1-1.5,0.002074705531545491
ETH,ET,Ethiopia,ET04,Oromia,ET0413,South West Shewa,2026-06-04,0.0026870004,1-1.5,0.002074705531545491
ETH,ET,Ethiopia,ET04,Oromia,ET0415,West Guji,2026-06-04,0.0026870004,1-1.5,0.002074705531545491
ETH,ET,Ethiopia,ET04,Oromia,ET0414,Guji,2026-06-04,0.0026870004,1-1.5,0.002074705531545491
ETH,ET,Ethiopia,ET04,Oromia,ET0420,Finfine Special,2026-06-04,0.0026870004,1-1.5,0.002074705531545491
ETH,ET,Ethiopia,ET07,SNNP,ET0701,Guraghe,2026-06-04,0.007300807,1-1.5,0.001604542147040113
ETH,ET,Ethiopia,ET07,SNNP,ET0724,Yem Special,2026-06-04,0.007300807,1-1.5,0.001604542147040113
ETH,ET,Ethiopia,ET07,SNNP,ET0721,Amaro,2026-06-04,0.007300807,1-1.5,0.001604542147040113
ETH,ET,Ethiopia,ET07,SNNP,ET0703,Kembata Tembaro,2026-06-04,0.007300807,1-1.5,0.001604542147040113
ETH,ET,Ethiopia,ET07,SNNP,ET0710,Gamo,2026-06-04,0.007300807,1-1.5,0.001604542147040113
ETH,ET,Ethiopia,ET07,SNNP,ET0720,Siltie,2026-06-04,0.007300807,1-1.5,0.001604542147040113
ETH,ET,Ethiopia,ET07,SNNP,ET0715,Gofa,2026-06-04,0.007300807,1-1.5,0.001604542147040113
ETH,ET,Ethiopia,ET07,SNNP,ET0713,Konso,2026-06-04,0.007300807,1-1.5,0.001604542147040113
ETH,ET,Ethiopia,ET07,SNNP,ET0723,Derashe,2026-06-04,0.007300807,1-1.5,0.001604542147040113
ETH,ET,Ethiopia,ET07,SNNP,ET0705,Gedeo,2026-06-04,0.007300807,1-1.5,0.001604542147040113
ETH,ET,Ethiopia,ET07,SNNP,ET0706,Wolayita,2026-06-04,0.007300807,1-1.5,0.001604542147040113
ETH,ET,Ethiopia,ET07,SNNP,ET0714,Halaba,2026-06-04,0.007300807,1-1.5,0.001604542147040113
ETH,ET,Ethiopia,ET07,SNNP,ET0722,Burji,2026-06-04,0.007300807,1-1.5,0.001604542147040113
ETH,ET,Ethiopia,ET07,SNNP,ET0707,South Omo,2026-06-04,0.007300807,1-1.5,0.001604542147040113
ETH,ET,Ethiopia,ET07,SNNP,ET0702,Hadiya,2026-06-04,0.007300807,1-1.5,0.001604542147040113
ETH,ET,Ethiopia,ET07,SNNP,ET0716,Basketo,2026-06-04,0.007300807,1-1.5,0.001604542147040113
ETH,ET,Ethiopia,ET07,SNNP,ET0712,Alle,2026-06-04,0.007300807,1-1.5,0.001604542147040113
ETH,ET,Ethiopia,ET15,Dire Dawa,ET1502,Dire Dawa rural,2026-06-04,0.0,1-1.5,2.07792204905259e-07
ETH,ET,Ethiopia,ET15,Dire Dawa,ET1501,Dire Dawa urban,2026-06-04,0.0,1-1.5,2.07792204905259e-07
ETH,ET,Ethiopia,ET06,Benishangul Gumz,ET0604,Kamashi,2026-06-04,0.022767505,>10,0.006016408777465834
ETH,ET,Ethiopia,ET06,Benishangul Gumz,ET0602,Metekel,2026-06-04,0.022767505,>10,0.006016408777465834
ETH,ET,Ethiopia,ET06,Benishangul Gumz,ET0605,Mao Komo Special,2026-06-04,0.022767505,>10,0.006016408777465834
ETH,ET,Ethiopia,ET06,Benishangul Gumz,ET0603,Assosa,2026-06-04,0.022767505,>10,0.006016408777465834
ETH,ET,Ethiopia,ET02,Afar,ET0201,Awsi /Zone 1,2026-06-04,1.0807374e-06,1-1.5,0.004490731923777441
ETH,ET,Ethiopia,ET02,Afar,ET0204,Fanti /Zone 4,2026-06-04,1.0807374e-06,1-1.5,0.004490731923777441
ETH,ET,Ethiopia,ET02,Afar,ET0205,Hari /Zone 5,2026-06-04,1.0807374e-06,1-1.5,0.004490731923777441
ETH,ET,Ethiopia,ET02,Afar,ET0202,Kilbati /Zone2,2026-06-04,1.0807374e-06,1-1.5,0.004490731923777441
ETH,ET,Ethiopia,ET02,Afar,ET0203,Gabi /Zone 3,2026-06-04,1.0807374e-06,1-1.5,0.004490731923777441
ETH,ET,Ethiopia,ET03,Amhara,ET0307,West Gojam,2026-06-04,0.00024835477,1-1.5,0.0002550256863655227
ETH,ET,Ethiopia,ET03,Amhara,ET0309,Awi,2026-06-04,0.00024835477,1-1.5,0.0002550256863655227
ETH,ET,Ethiopia,ET03,Amhara,ET0305,North Shewa (AM),2026-06-04,0.00024835477,1-1.5,0.0002550256863655227
ETH,ET,Ethiopia,ET03,Amhara,ET0302,South Gondar,2026-06-04,0.00024835477,1-1.5,0.0002550256863655227
ETH,ET,Ethiopia,ET03,Amhara,ET0312,West Gondar,2026-06-04,0.00024835477,1-1.5,0.0002550256863655227
ETH,ET,Ethiopia,ET03,Amhara,ET0310,Oromia,2026-06-04,0.00024835477,1-1.5,0.0002550256863655227
ETH,ET,Ethiopia,ET03,Amhara,ET0304,South Wello,2026-06-04,0.00024835477,1-1.5,0.0002550256863655227
ETH,ET,Ethiopia,ET03,Amhara,ET0301,North Gondar,2026-06-04,0.00024835477,1-1.5,0.0002550256863655227
ETH,ET,Ethiopia,ET03,Amhara,ET0311,Central Gondar,2026-06-04,0.00024835477,1-1.5,0.0002550256863655227
ETH,ET,Ethiopia,ET03,Amhara,ET0303,North Wello,2026-06-04,0.00024835477,1-1.5,0.0002550256863655227
ETH,ET,Ethiopia,ET03,Amhara,ET0308,Wag Hamra,2026-06-04,0.00024835477,1-1.5,0.0002550256863655227
ETH,ET,Ethiopia,ET03,Amhara,ET0306,East Gojam,2026-06-04,0.00024835477,1-1.5,0.0002550256863655227
ETH,ET,Ethiopia,ET12,Gambela,ET1202,Agnewak,2026-06-04,0.0,1-1.5,0.0009607321755373214
ETH,ET,Ethiopia,ET12,Gambela,ET1204,Itang Special woreda,2026-06-04,0.0,1-1.5,0.0009607321755373214
ETH,ET,Ethiopia,ET12,Gambela,ET1203,Majang,2026-06-04,0.0,1-1.5,0.0009607321755373214
ETH,ET,Ethiopia,ET12,Gambela,ET1201,Nuwer,2026-06-04,0.0,1-1.5,0.0009607321755373214
ETH,ET,Ethiopia,ET13,Harari,ET1301,Harari,2026-06-04,0.0,1-1.5,0.0003018181914740126
ETH,ET,Ethiopia,ET14,Addis Ababa,ET1401,Region 14,2026-06-04,0.0,1-1.5,1.090909091462064e-05
ETH,ET,Ethiopia,ET11,South West Ethiopia,ET1106,Konta Special,2026-06-04,0.0,1-1.5,4.012399370183898e-05
ETH,ET,Ethiopia,ET11,South West Ethiopia,ET1105,Mirab Omo,2026-06-04,0.0,1-1.5,4.012399370183898e-05
ETH,ET,Ethiopia,ET11,South West Ethiopia,ET1104,Dawuro,2026-06-04,0.0,1-1.5,4.012399370183898e-05
ETH,ET,Ethiopia,ET11,South West Ethiopia,ET1101,Sheka,2026-06-04,0.0,1-1.5,4.012399370183898e-05
ETH,ET,Ethiopia,ET11,South West Ethiopia,ET1103,Bench Sheko,2026-06-04,0.0,1-1.5,4.012399370183898e-05
ETH,ET,Ethiopia,ET11,South West Ethiopia,ET1102,Kefa,2026-06-04,0.0,1-1.5,4.012399370183898e-05
ETH,ET,Ethiopia,ET05,Somali,ET0510,Nogob,2026-06-04,0.0,1-1.5,0.0001006756681013809
ETH,ET,Ethiopia,ET05,Somali,ET0506,Shabelle,2026-06-04,0.0,1-1.5,0.0001006756681013809
ETH,ET,Ethiopia,ET05,Somali,ET0502,Fafan,2026-06-04,0.0,1-1.5,0.0001006756681013809
ETH,ET,Ethiopia,ET05,Somali,ET0503,Jarar,2026-06-04,0.0,1-1.5,0.0001006756681013809
ETH,ET,Ethiopia,ET05,Somali,ET0501,Siti,2026-06-04,0.0,1-1.5,0.0001006756681013809
ETH,ET,Ethiopia,ET05,Somali,ET0508,Afder,2026-06-04,0.0,1-1.5,0.0001006756681013809
ETH,ET,Ethiopia,ET05,Somali,ET0504,Erer,2026-06-04,0.0,1-1.5,0.0001006756681013809
ETH,ET,Ethiopia,ET05,Somali,ET0509,Liban,2026-06-04,0.0,1-1.5,0.0001006756681013809
ETH,ET,Ethiopia,ET05,Somali,ET0507,Doolo,2026-06-04,0.0,1-1.5,0.0001006756681013809
ETH,ET,Ethiopia,ET05,Somali,ET0505,Korahe,2026-06-04,0.0,1-1.5,0.0001006756681013809
ETH,ET,Ethiopia,ET05,Somali,ET0511,Daawa,2026-06-04,0.0,1-1.5,0.0001006756681013809
ETH,ET,Ethiopia,ET16,Sidama,ET1600,Sidama,2026-06-05,0.0,1-1.5,1.628464320178451e-05
ETH,ET,Ethiopia,ET01,Tigray,ET0107,Mekelle,2026-06-05,0.0,1-1.5,0.0001768103817928528
ETH,ET,Ethiopia,ET01,Tigray,ET0104,Southern,2026-06-05,0.0,1-1.5,0.0001768103817928528
ETH,ET,Ethiopia,ET01,Tigray,ET0101,North Western,2026-06-05,0.0,1-1.5,0.0001768103817928528
ETH,ET,Ethiopia,ET01,Tigray,ET0102,Central,2026-06-05,0.0,1-1.5,0.0001768103817928528
ETH,ET,Ethiopia,ET01,Tigray,ET0105,Western,2026-06-05,0.0,1-1.5,0.0001768103817928528
ETH,ET,Ethiopia,ET01,Tigray,ET0106,South Eastern,2026-06-05,0.0,1-1.5,0.0001768103817928528
ETH,ET,Ethiopia,ET01,Tigray,ET0103,Eastern,2026-06-05,0.0,1-1.5,0.0001768103817928528
ETH,ET,Ethiopia,ET04,Oromia,ET0404,Jimma,2026-06-05,0.0028825009,1-1.5,0.002049235817552968
ETH,ET,Ethiopia,ET04,Oromia,ET0410,East Hararge,2026-06-05,0.0028825009,1-1.5,0.002049235817552968
ETH,ET,Ethiopia,ET04,Oromia,ET0409,West Hararge,2026-06-05,0.0028825009,1-1.5,0.002049235817552968
ETH,ET,Ethiopia,ET04,Oromia,ET0401,West Wellega,2026-06-05,0.0028825009,1-1.5,0.002049235817552968
ETH,ET,Ethiopia,ET04,Oromia,ET0408,Arsi,2026-06-05,0.0028825009,1-1.5,0.002049235817552968
ETH,ET,Ethiopia,ET04,Oromia,ET0403,Ilu Aba Bora,2026-06-05,0.0028825009,1-1.5,0.002049235817552968
ETH,ET,Ethiopia,ET04,Oromia,ET0407,East Shewa,2026-06-05,0.0028825009,1-1.5,0.002049235817552968
ETH,ET,Ethiopia,ET04,Oromia,ET0405,West Shewa,2026-06-05,0.0028825009,1-1.5,0.002049235817552968
ETH,ET,Ethiopia,ET04,Oromia,ET0406,North Shewa (OR),2026-06-05,0.0028825009,1-1.5,0.002049235817552968
ETH,ET,Ethiopia,ET04,Oromia,ET0402,East Wellega,2026-06-05,0.0028825009,1-1.5,0.002049235817552968
ETH,ET,Ethiopia,ET04,Oromia,ET0418,Kelem Wellega,2026-06-05,0.0028825009,1-1.5,0.002049235817552968
ETH,ET,Ethiopia,ET04,Oromia,ET0411,Bale,2026-06-05,0.0028825009,1-1.5,0.002049235817552968
ETH,ET,Ethiopia,ET04,Oromia,ET0416,Buno Bedele,2026-06-05,0.0028825009,1-1.5,0.002049235817552968
ETH,ET,Ethiopia,ET04,Oromia,ET0421,East Bale,2026-06-05,0.0028825009,1-1.5,0.002049235817552968
ETH,ET,Ethiopia,ET04,Oromia,ET0412,Borena,2026-06-05,0.0028825009,1-1.5,0.002049235817552968
ETH,ET,Ethiopia,ET04,Oromia,ET0419,Horo Gudru Wellega,2026-06-05,0.0028825009,1-1.5,0.002049235817552968
ETH,ET,Ethiopia,ET04,Oromia,ET0417,West Arsi,2026-06-05,0.0028825009,1-1.5,0.002049235817552968
ETH,ET,Ethiopia,ET04,Oromia,ET0413,South West Shewa,2026-06-05,0.0028825009,1-1.5,0.002049235817552968
ETH,ET,Ethiopia,ET04,Oromia,ET0415,West Guji,2026-06-05,0.0028825009,1-1.5,0.002049235817552968
ETH,ET,Ethiopia,ET04,Oromia,ET0414,Guji,2026-06-05,0.0028825009,1-1.5,0.002049235817552968
ETH,ET,Ethiopia,ET04,Oromia,ET0420,Finfine Special,2026-06-05,0.0028825009,1-1.5,0.002049235817552968
ETH,ET,Ethiopia,ET07,SNNP,ET0701,Guraghe,2026-06-05,0.0075824284,1-1.5,0.001568903126859699
ETH,ET,Ethiopia,ET07,SNNP,ET0724,Yem Special,2026-06-05,0.0075824284,1-1.5,0.001568903126859699
ETH,ET,Ethiopia,ET07,SNNP,ET0721,Amaro,2026-06-05,0.0075824284,1-1.5,0.001568903126859699
ETH,ET,Ethiopia,ET07,SNNP,ET0703,Kembata Tembaro,2026-06-05,0.0075824284,1-1.5,0.001568903126859699
ETH,ET,Ethiopia,ET07,SNNP,ET0710,Gamo,2026-06-05,0.0075824284,1-1.5,0.001568903126859699
ETH,ET,Ethiopia,ET07,SNNP,ET0720,Siltie,2026-06-05,0.0075824284,1-1.5,0.001568903126859699
ETH,ET,Ethiopia,ET07,SNNP,ET0715,Gofa,2026-06-05,0.0075824284,1-1.5,0.001568903126859699
ETH,ET,Ethiopia,ET07,SNNP,ET0713,Konso,2026-06-05,0.0075824284,1-1.5,0.001568903126859699
ETH,ET,Ethiopia,ET07,SNNP,ET0723,Derashe,2026-06-05,0.0075824284,1-1.5,0.001568903126859699
ETH,ET,Ethiopia,ET07,SNNP,ET0705,Gedeo,2026-06-05,0.0075824284,1-1.5,0.001568903126859699
ETH,ET,Ethiopia,ET07,SNNP,ET0706,Wolayita,2026-06-05,0.0075824284,1-1.5,0.001568903126859699
ETH,ET,Ethiopia,ET07,SNNP,ET0714,Halaba,2026-06-05,0.0075824284,1-1.5,0.001568903126859699
ETH,ET,Ethiopia,ET07,SNNP,ET0722,Burji,2026-06-05,0.0075824284,1-1.5,0.001568903126859699
ETH,ET,Ethiopia,ET07,SNNP,ET0707,South Omo,2026-06-05,0.0075824284,1-1.5,0.001568903126859699
ETH,ET,Ethiopia,ET07,SNNP,ET0702,Hadiya,2026-06-05,0.0075824284,1-1.5,0.001568903126859699
ETH,ET,Ethiopia,ET07,SNNP,ET0716,Basketo,2026-06-05,0.0075824284,1-1.5,0.001568903126859699
ETH,ET,Ethiopia,ET07,SNNP,ET0712,Alle,2026-06-05,0.0075824284,1-1.5,0.001568903126859699
ETH,ET,Ethiopia,ET15,Dire Dawa,ET1502,Dire Dawa rural,2026-06-05,0.0,1-1.5,2.07792204905259e-07
ETH,ET,Ethiopia,ET15,Dire Dawa,ET1501,Dire Dawa urban,2026-06-05,0.0,1-1.5,2.07792204905259e-07
ETH,ET,Ethiopia,ET06,Benishangul Gumz,ET0604,Kamashi,2026-06-05,0.023045074,>10,0.006029071868994667
ETH,ET,Ethiopia,ET06,Benishangul Gumz,ET0602,Metekel,2026-06-05,0.023045074,>10,0.006029071868994667
ETH,ET,Ethiopia,ET06,Benishangul Gumz,ET0605,Mao Komo Special,2026-06-05,0.023045074,>10,0.006029071868994667
ETH,ET,Ethiopia,ET06,Benishangul Gumz,ET0603,Assosa,2026-06-05,0.023045074,>10,0.006029071868994667
ETH,ET,Ethiopia,ET02,Afar,ET0201,Awsi /Zone 1,2026-06-05,1.4621743e-06,1-1.5,0.004469927341084589
ETH,ET,Ethiopia,ET02,Afar,ET0204,Fanti /Zone 4,2026-06-05,1.4621743e-06,1-1.5,0.004469927341084589
ETH,ET,Ethiopia,ET02,Afar,ET0205,Hari /Zone 5,2026-06-05,1.4621743e-06,1-1.5,0.004469927341084589
ETH,ET,Ethiopia,ET02,Afar,ET0202,Kilbati /Zone2,2026-06-05,1.4621743e-06,1-1.5,0.004469927341084589
ETH,ET,Ethiopia,ET02,Afar,ET0203,Gabi /Zone 3,2026-06-05,1.4621743e-06,1-1.5,0.004469927341084589
ETH,ET,Ethiopia,ET03,Amhara,ET0307,West Gojam,2026-06-05,0.000117822885,1-1.5,0.0002774263209812748
ETH,ET,Ethiopia,ET03,Amhara,ET0309,Awi,2026-06-05,0.000117822885,1-1.5,0.0002774263209812748
ETH,ET,Ethiopia,ET03,Amhara,ET0305,North Shewa (AM),2026-06-05,0.000117822885,1-1.5,0.0002774263209812748
ETH,ET,Ethiopia,ET03,Amhara,ET0302,South Gondar,2026-06-05,0.000117822885,1-1.5,0.0002774263209812748
ETH,ET,Ethiopia,ET03,Amhara,ET0312,West Gondar,2026-06-05,0.000117822885,1-1.5,0.0002774263209812748
ETH,ET,Ethiopia,ET03,Amhara,ET0310,Oromia,2026-06-05,0.000117822885,1-1.5,0.0002774263209812748
ETH,ET,Ethiopia,ET03,Amhara,ET0304,South Wello,2026-06-05,0.000117822885,1-1.5,0.0002774263209812748
ETH,ET,Ethiopia,ET03,Amhara,ET0301,North Gondar,2026-06-05,0.000117822885,1-1.5,0.0002774263209812748
ETH,ET,Ethiopia,ET03,Amhara,ET0311,Central Gondar,2026-06-05,0.000117822885,1-1.5,0.0002774263209812748
ETH,ET,Ethiopia,ET03,Amhara,ET0303,North Wello,2026-06-05,0.000117822885,1-1.5,0.0002774263209812748
ETH,ET,Ethiopia,ET03,Amhara,ET0308,Wag Hamra,2026-06-05,0.000117822885,1-1.5,0.0002774263209812748
ETH,ET,Ethiopia,ET03,Amhara,ET0306,East Gojam,2026-06-05,0.000117822885,1-1.5,0.0002774263209812748
ETH,ET,Ethiopia,ET12,Gambela,ET1202,Agnewak,2026-06-05,0.0,1-1.5,0.000983942981309321
ETH,ET,Ethiopia,ET12,Gambela,ET1204,Itang Special woreda,2026-06-05,0.0,1-1.5,0.000983942981309321
ETH,ET,Ethiopia,ET12,Gambela,ET1203,Majang,2026-06-05,0.0,1-1.5,0.000983942981309321
ETH,ET,Ethiopia,ET12,Gambela,ET1201,Nuwer,2026-06-05,0.0,1-1.5,0.000983942981309321
ETH,ET,Ethiopia,ET13,Harari,ET1301,Harari,2026-06-05,0.0,1-1.5,0.000318787887838632
ETH,ET,Ethiopia,ET14,Addis Ababa,ET1401,Region 14,2026-06-05,0.0,1-1.5,9.659090722958685e-06
ETH,ET,Ethiopia,ET11,South West Ethiopia,ET1106,Konta Special,2026-06-05,0.0,1-1.5,3.632115901824177e-05
ETH,ET,Ethiopia,ET11,South West Ethiopia,ET1105,Mirab Omo,2026-06-05,0.0,1-1.5,3.632115901824177e-05
ETH,ET,Ethiopia,ET11,South West Ethiopia,ET1104,Dawuro,2026-06-05,0.0,1-1.5,3.632115901824177e-05
ETH,ET,Ethiopia,ET11,South West Ethiopia,ET1101,Sheka,2026-06-05,0.0,1-1.5,3.632115901824177e-05
ETH,ET,Ethiopia,ET11,South West Ethiopia,ET1103,Bench Sheko,2026-06-05,0.0,1-1.5,3.632115901824177e-05
ETH,ET,Ethiopia,ET11,South West Ethiopia,ET1102,Kefa,2026-06-05,0.0,1-1.5,3.632115901824177e-05
ETH,ET,Ethiopia,ET05,Somali,ET0510,Nogob,2026-06-05,0.0,1-1.5,0.0001142218623483434
ETH,ET,Ethiopia,ET05,Somali,ET0506,Shabelle,2026-06-05,0.0,1-1.5,0.0001142218623483434
ETH,ET,Ethiopia,ET05,Somali,ET0502,Fafan,2026-06-05,0.0,1-1.5,0.0001142218623483434
ETH,ET,Ethiopia,ET05,Somali,ET0503,Jarar,2026-06-05,0.0,1-1.5,0.0001142218623483434
ETH,ET,Ethiopia,ET05,Somali,ET0501,Siti,2026-06-05,0.0,1-1.5,0.0001142218623483434
ETH,ET,Ethiopia,ET05,Somali,ET0508,Afder,2026-06-05,0.0,1-1.5,0.0001142218623483434
ETH,ET,Ethiopia,ET05,Somali,ET0504,Erer,2026-06-05,0.0,1-1.5,0.0001142218623483434
ETH,ET,Ethiopia,ET05,Somali,ET0509,Liban,2026-06-05,0.0,1-1.5,0.0001142218623483434
ETH,ET,Ethiopia,ET05,Somali,ET0507,Doolo,2026-06-05,0.0,1-1.5,0.0001142218623483434
ETH,ET,Ethiopia,ET05,Somali,ET0505,Korahe,2026-06-05,0.0,1-1.5,0.0001142218623483434
ETH,ET,Ethiopia,ET05,Somali,ET0511,Daawa,2026-06-05,0.0,1-1.5,0.0001142218623483434
ETH,ET,Ethiopia,ET16,Sidama,ET1600,Sidama,2026-06-06,0.0,1-1.5,1.637473329868623e-05
ETH,ET,Ethiopia,ET01,Tigray,ET0107,Mekelle,2026-06-06,0.0,1-1.5,0.0002013633091522138
ETH,ET,Ethiopia,ET01,Tigray,ET0104,Southern,2026-06-06,0.0,1-1.5,0.0002013633091522138
ETH,ET,Ethiopia,ET01,Tigray,ET0101,North Western,2026-06-06,0.0,1-1.5,0.0002013633091522138
ETH,ET,Ethiopia,ET01,Tigray,ET0102,Central,2026-06-06,0.0,1-1.5,0.0002013633091522138
ETH,ET,Ethiopia,ET01,Tigray,ET0105,Western,2026-06-06,0.0,1-1.5,0.0002013633091522138
ETH,ET,Ethiopia,ET01,Tigray,ET0106,South Eastern,2026-06-06,0.0,1-1.5,0.0002013633091522138
ETH,ET,Ethiopia,ET01,Tigray,ET0103,Eastern,2026-06-06,0.0,1-1.5,0.0002013633091522138
ETH,ET,Ethiopia,ET04,Oromia,ET0404,Jimma,2026-06-06,0.0028233712,1-1.5,0.002064830222463405
ETH,ET,Ethiopia,ET04,Oromia,ET0410,East Hararge,2026-06-06,0.0028233712,1-1.5,0.002064830222463405
ETH,ET,Ethiopia,ET04,Oromia,ET0409,West Hararge,2026-06-06,0.0028233712,1-1.5,0.002064830222463405
ETH,ET,Ethiopia,ET04,Oromia,ET0401,West Wellega,2026-06-06,0.0028233712,1-1.5,0.002064830222463405
ETH,ET,Ethiopia,ET04,Oromia,ET0408,Arsi,2026-06-06,0.0028233712,1-1.5,0.002064830222463405
ETH,ET,Ethiopia,ET04,Oromia,ET0403,Ilu Aba Bora,2026-06-06,0.0028233712,1-1.5,0.002064830222463405
ETH,ET,Ethiopia,ET04,Oromia,ET0407,East Shewa,2026-06-06,0.0028233712,1-1.5,0.002064830222463405
ETH,ET,Ethiopia,ET04,Oromia,ET0405,West Shewa,2026-06-06,0.0028233712,1-1.5,0.002064830222463405
ETH,ET,Ethiopia,ET04,Oromia,ET0406,North Shewa (OR),2026-06-06,0.0028233712,1-1.5,0.002064830222463405
ETH,ET,Ethiopia,ET04,Oromia,ET0402,East Wellega,2026-06-06,0.0028233712,1-1.5,0.002064830222463405
ETH,ET,Ethiopia,ET04,Oromia,ET0418,Kelem Wellega,2026-06-06,0.0028233712,1-1.5,0.002064830222463405
ETH,ET,Ethiopia,ET04,Oromia,ET0411,Bale,2026-06-06,0.0028233712,1-1.5,0.002064830222463405
ETH,ET,Ethiopia,ET04,Oromia,ET0416,Buno Bedele,2026-06-06,0.0028233712,1-1.5,0.002064830222463405
ETH,ET,Ethiopia,ET04,Oromia,ET0421,East Bale,2026-06-06,0.0028233712,1-1.5,0.002064830222463405
ETH,ET,Ethiopia,ET04,Oromia,ET0412,Borena,2026-06-06,0.0028233712,1-1.5,0.002064830222463405
ETH,ET,Ethiopia,ET04,Oromia,ET0419,Horo Gudru Wellega,2026-06-06,0.0028233712,1-1.5,0.002064830222463405
ETH,ET,Ethiopia,ET04,Oromia,ET0417,West Arsi,2026-06-06,0.0028233712,1-1.5,0.002064830222463405
ETH,ET,Ethiopia,ET04,Oromia,ET0413,South West Shewa,2026-06-06,0.0028233712,1-1.5,0.002064830222463405
ETH,ET,Ethiopia,ET04,Oromia,ET0415,West Guji,2026-06-06,0.0028233712,1-1.5,0.002064830222463405
ETH,ET,Ethiopia,ET04,Oromia,ET0414,Guji,2026-06-06,0.0028233712,1-1.5,0.002064830222463405
ETH,ET,Ethiopia,ET04,Oromia,ET0420,Finfine Special,2026-06-06,0.0028233712,1-1.5,0.002064830222463405
ETH,ET,Ethiopia,ET07,SNNP,ET0701,Guraghe,2026-06-06,0.0072301445,1-1.5,0.001532241481684402
ETH,ET,Ethiopia,ET07,SNNP,ET0724,Yem Special,2026-06-06,0.0072301445,1-1.5,0.001532241481684402
ETH,ET,Ethiopia,ET07,SNNP,ET0721,Amaro,2026-06-06,0.0072301445,1-1.5,0.001532241481684402
ETH,ET,Ethiopia,ET07,SNNP,ET0703,Kembata Tembaro,2026-06-06,0.0072301445,1-1.5,0.001532241481684402
ETH,ET,Ethiopia,ET07,SNNP,ET0710,Gamo,2026-06-06,0.0072301445,1-1.5,0.001532241481684402
ETH,ET,Ethiopia,ET07,SNNP,ET0720,Siltie,2026-06-06,0.0072301445,1-1.5,0.001532241481684402
ETH,ET,Ethiopia,ET07,SNNP,ET0715,Gofa,2026-06-06,0.0072301445,1-1.5,0.001532241481684402
ETH,ET,Ethiopia,ET07,SNNP,ET0713,Konso,2026-06-06,0.0072301445,1-1.5,0.001532241481684402
ETH,ET,Ethiopia,ET07,SNNP,ET0723,Derashe,2026-06-06,0.0072301445,1-1.5,0.001532241481684402
ETH,ET,Ethiopia,ET07,SNNP,ET0705,Gedeo,2026-06-06,0.0072301445,1-1.5,0.001532241481684402
ETH,ET,Ethiopia,ET07,SNNP,ET0706,Wolayita,2026-06-06,0.0072301445,1-1.5,0.001532241481684402
ETH,ET,Ethiopia,ET07,SNNP,ET0714,Halaba,2026-06-06,0.0072301445,1-1.5,0.001532241481684402
ETH,ET,Ethiopia,ET07,SNNP,ET0722,Burji,2026-06-06,0.0072301445,1-1.5,0.001532241481684402
ETH,ET,Ethiopia,ET07,SNNP,ET0707,South Omo,2026-06-06,0.0072301445,1-1.5,0.001532241481684402
ETH,ET,Ethiopia,ET07,SNNP,ET0702,Hadiya,2026-06-06,0.0072301445,1-1.5,0.001532241481684402
ETH,ET,Ethiopia,ET07,SNNP,ET0716,Basketo,2026-06-06,0.0072301445,1-1.5,0.001532241481684402
ETH,ET,Ethiopia,ET07,SNNP,ET0712,Alle,2026-06-06,0.0072301445,1-1.5,0.001532241481684402
ETH,ET,Ethiopia,ET15,Dire Dawa,ET1502,Dire Dawa rural,2026-06-06,0.0,1-1.5,2.07792204905259e-07
ETH,ET,Ethiopia,ET15,Dire Dawa,ET1501,Dire Dawa urban,2026-06-06,0.0,1-1.5,2.07792204905259e-07
ETH,ET,Ethiopia,ET06,Benishangul Gumz,ET0604,Kamashi,2026-06-06,0.02320382,>10,0.006036291668320619
ETH,ET,Ethiopia,ET06,Benishangul Gumz,ET0602,Metekel,2026-06-06,0.02320382,>10,0.006036291668320619
ETH,ET,Ethiopia,ET06,Benishangul Gumz,ET0605,Mao Komo Special,2026-06-06,0.02320382,>10,0.006036291668320619
ETH,ET,Ethiopia,ET06,Benishangul Gumz,ET0603,Assosa,2026-06-06,0.02320382,>10,0.006036291668320619
ETH,ET,Ethiopia,ET02,Afar,ET0201,Awsi /Zone 1,2026-06-06,0.0,1-1.5,0.004379538337657736
ETH,ET,Ethiopia,ET02,Afar,ET0204,Fanti /Zone 4,2026-06-06,0.0,1-1.5,0.004379538337657736
ETH,ET,Ethiopia,ET02,Afar,ET0205,Hari /Zone 5,2026-06-06,0.0,1-1.5,0.004379538337657736
ETH,ET,Ethiopia,ET02,Afar,ET0202,Kilbati /Zone2,2026-06-06,0.0,1-1.5,0.004379538337657736
ETH,ET,Ethiopia,ET02,Afar,ET0203,Gabi /Zone 3,2026-06-06,0.0,1-1.5,0.004379538337657736
ETH,ET,Ethiopia,ET03,Amhara,ET0307,West Gojam,2026-06-06,4.8195085e-05,1-1.5,0.0002989323023979554
ETH,ET,Ethiopia,ET03,Amhara,ET0309,Awi,2026-06-06,4.8195085e-05,1-1.5,0.0002989323023979554
ETH,ET,Ethiopia,ET03,Amhara,ET0305,North Shewa (AM),2026-06-06,4.8195085e-05,1-1.5,0.0002989323023979554
ETH,ET,Ethiopia,ET03,Amhara,ET0302,South Gondar,2026-06-06,4.8195085e-05,1-1.5,0.0002989323023979554
ETH,ET,Ethiopia,ET03,Amhara,ET0312,West Gondar,2026-06-06,4.8195085e-05,1-1.5,0.0002989323023979554
ETH,ET,Ethiopia,ET03,Amhara,ET0310,Oromia,2026-06-06,4.8195085e-05,1-1.5,0.0002989323023979554
ETH,ET,Ethiopia,ET03,Amhara,ET0304,South Wello,2026-06-06,4.8195085e-05,1-1.5,0.0002989323023979554
ETH,ET,Ethiopia,ET03,Amhara,ET0301,North Gondar,2026-06-06,4.8195085e-05,1-1.5,0.0002989323023979554
ETH,ET,Ethiopia,ET03,Amhara,ET0311,Central Gondar,2026-06-06,4.8195085e-05,1-1.5,0.0002989323023979554
ETH,ET,Ethiopia,ET03,Amhara,ET0303,North Wello,2026-06-06,4.8195085e-05,1-1.5,0.0002989323023979554
ETH,ET,Ethiopia,ET03,Amhara,ET0308,Wag Hamra,2026-06-06,4.8195085e-05,1-1.5,0.0002989323023979554
ETH,ET,Ethiopia,ET03,Amhara,ET0306,East Gojam,2026-06-06,4.8195085e-05,1-1.5,0.0002989323023979554
ETH,ET,Ethiopia,ET12,Gambela,ET1202,Agnewak,2026-06-06,0.0,1-1.5,0.0009805856793801385
ETH,ET,Ethiopia,ET12,Gambela,ET1204,Itang Special woreda,2026-06-06,0.0,1-1.5,0.0009805856793801385
ETH,ET,Ethiopia,ET12,Gambela,ET1203,Majang,2026-06-06,0.0,1-1.5,0.0009805856793801385
ETH,ET,Ethiopia,ET12,Gambela,ET1201,Nuwer,2026-06-06,0.0,1-1.5,0.0009805856793801385
ETH,ET,Ethiopia,ET13,Harari,ET1301,Harari,2026-06-06,0.0,1-1.5,0.0003624242514309695
ETH,ET,Ethiopia,ET14,Addis Ababa,ET1401,Region 14,2026-06-06,0.0,1-1.5,3.676136253819674e-05
ETH,ET,Ethiopia,ET11,South West Ethiopia,ET1106,Konta Special,2026-06-06,0.0,1-1.5,3.492962873743656e-05
ETH,ET,Ethiopia,ET11,South West Ethiopia,ET1105,Mirab Omo,2026-06-06,0.0,1-1.5,3.492962873743656e-05
ETH,ET,Ethiopia,ET11,South West Ethiopia,ET1104,Dawuro,2026-06-06,0.0,1-1.5,3.492962873743656e-05
ETH,ET,Ethiopia,ET11,South West Ethiopia,ET1101,Sheka,2026-06-06,0.0,1-1.5,3.492962873743656e-05
ETH,ET,Ethiopia,ET11,South West Ethiopia,ET1103,Bench Sheko,2026-06-06,0.0,1-1.5,3.492962873743656e-05
ETH,ET,Ethiopia,ET11,South West Ethiopia,ET1102,Kefa,2026-06-06,0.0,1-1.5,3.492962873743656e-05
ETH,ET,Ethiopia,ET05,Somali,ET0510,Nogob,2026-06-06,0.0,1-1.5,0.0001308507714587732
ETH,ET,Ethiopia,ET05,Somali,ET0506,Shabelle,2026-06-06,0.0,1-1.5,0.0001308507714587732
ETH,ET,Ethiopia,ET05,Somali,ET0502,Fafan,2026-06-06,0.0,1-1.5,0.0001308507714587732
ETH,ET,Ethiopia,ET05,Somali,ET0503,Jarar,2026-06-06,0.0,1-1.5,0.0001308507714587732
ETH,ET,Ethiopia,ET05,Somali,ET0501,Siti,2026-06-06,0.0,1-1.5,0.0001308507714587732
ETH,ET,Ethiopia,ET05,Somali,ET0508,Afder,2026-06-06,0.0,1-1.5,0.0001308507714587732
ETH,ET,Ethiopia,ET05,Somali,ET0504,Erer,2026-06-06,0.0,1-1.5,0.0001308507714587732
ETH,ET,Ethiopia,ET05,Somali,ET0509,Liban,2026-06-06,0.0,1-1.5,0.0001308507714587732
ETH,ET,Ethiopia,ET05,Somali,ET0507,Doolo,2026-06-06,0.0,1-1.5,0.0001308507714587732
ETH,ET,Ethiopia,ET05,Somali,ET0505,Korahe,2026-06-06,0.0,1-1.5,0.0001308507714587732
ETH,ET,Ethiopia,ET05,Somali,ET0511,Daawa,2026-06-06,0.0,1-1.5,0.0001308507714587732
ETH,ET,Ethiopia,ET16,Sidama,ET1600,Sidama,2026-06-07,0.0,1-1.5,1.637473329868623e-05
ETH,ET,Ethiopia,ET01,Tigray,ET0107,Mekelle,2026-06-07,1.14158624e-07,1-1.5,0.0002229227993846001
ETH,ET,Ethiopia,ET01,Tigray,ET0104,Southern,2026-06-07,1.14158624e-07,1-1.5,0.0002229227993846001
ETH,ET,Ethiopia,ET01,Tigray,ET0101,North Western,2026-06-07,1.14158624e-07,1-1.5,0.0002229227993846001
ETH,ET,Ethiopia,ET01,Tigray,ET0102,Central,2026-06-07,1.14158624e-07,1-1.5,0.0002229227993846001
ETH,ET,Ethiopia,ET01,Tigray,ET0105,Western,2026-06-07,1.14158624e-07,1-1.5,0.0002229227993846001
ETH,ET,Ethiopia,ET01,Tigray,ET0106,South Eastern,2026-06-07,1.14158624e-07,1-1.5,0.0002229227993846001
ETH,ET,Ethiopia,ET01,Tigray,ET0103,Eastern,2026-06-07,1.14158624e-07,1-1.5,0.0002229227993846001
ETH,ET,Ethiopia,ET04,Oromia,ET0404,Jimma,2026-06-07,0.0028004749,1-1.5,0.002052598132815381
ETH,ET,Ethiopia,ET04,Oromia,ET0410,East Hararge,2026-06-07,0.0028004749,1-1.5,0.002052598132815381
ETH,ET,Ethiopia,ET04,Oromia,ET0409,West Hararge,2026-06-07,0.0028004749,1-1.5,0.002052598132815381
ETH,ET,Ethiopia,ET04,Oromia,ET0401,West Wellega,2026-06-07,0.0028004749,1-1.5,0.002052598132815381
ETH,ET,Ethiopia,ET04,Oromia,ET0408,Arsi,2026-06-07,0.0028004749,1-1.5,0.002052598132815381
ETH,ET,Ethiopia,ET04,Oromia,ET0403,Ilu Aba Bora,2026-06-07,0.0028004749,1-1.5,0.002052598132815381
ETH,ET,Ethiopia,ET04,Oromia,ET0407,East Shewa,2026-06-07,0.0028004749,1-1.5,0.002052598132815381
ETH,ET,Ethiopia,ET04,Oromia,ET0405,West Shewa,2026-06-07,0.0028004749,1-1.5,0.002052598132815381
ETH,ET,Ethiopia,ET04,Oromia,ET0406,North Shewa (OR),2026-06-07,0.0028004749,1-1.5,0.002052598132815381
ETH,ET,Ethiopia,ET04,Oromia,ET0402,East Wellega,2026-06-07,0.0028004749,1-1.5,0.002052598132815381
ETH,ET,Ethiopia,ET04,Oromia,ET0418,Kelem Wellega,2026-06-07,0.0028004749,1-1.5,0.002052598132815381
ETH,ET,Ethiopia,ET04,Oromia,ET0411,Bale,2026-06-07,0.0028004749,1-1.5,0.002052598132815381
ETH,ET,Ethiopia,ET04,Oromia,ET0416,Buno Bedele,2026-06-07,0.0028004749,1-1.5,0.002052598132815381
ETH,ET,Ethiopia,ET04,Oromia,ET0421,East Bale,2026-06-07,0.0028004749,1-1.5,0.002052598132815381
ETH,ET,Ethiopia,ET04,Oromia,ET0412,Borena,2026-06-07,0.0028004749,1-1.5,0.002052598132815381
ETH,ET,Ethiopia,ET04,Oromia,ET0419,Horo Gudru Wellega,2026-06-07,0.0028004749,1-1.5,0.002052598132815381
ETH,ET,Ethiopia,ET04,Oromia,ET0417,West Arsi,2026-06-07,0.0028004749,1-1.5,0.002052598132815381
ETH,ET,Ethiopia,ET04,Oromia,ET0413,South West Shewa,2026-06-07,0.0028004749,1-1.5,0.002052598132815381
ETH,ET,Ethiopia,ET04,Oromia,ET0415,West Guji,2026-06-07,0.0028004749,1-1.5,0.002052598132815381
ETH,ET,Ethiopia,ET04,Oromia,ET0414,Guji,2026-06-07,0.0028004749,1-1.5,0.002052598132815381
ETH,ET,Ethiopia,ET04,Oromia,ET0420,Finfine Special,2026-06-07,0.0028004749,1-1.5,0.002052598132815381
ETH,ET,Ethiopia,ET07,SNNP,ET0701,Guraghe,2026-06-07,0.008730051,1-1.5,0.00151321672257671
ETH,ET,Ethiopia,ET07,SNNP,ET0724,Yem Special,2026-06-07,0.008730051,1-1.5,0.00151321672257671
ETH,ET,Ethiopia,ET07,SNNP,ET0721,Amaro,2026-06-07,0.008730051,1-1.5,0.00151321672257671
ETH,ET,Ethiopia,ET07,SNNP,ET0703,Kembata Tembaro,2026-06-07,0.008730051,1-1.5,0.00151321672257671
ETH,ET,Ethiopia,ET07,SNNP,ET0710,Gamo,2026-06-07,0.008730051,1-1.5,0.00151321672257671
ETH,ET,Ethiopia,ET07,SNNP,ET0720,Siltie,2026-06-07,0.008730051,1-1.5,0.00151321672257671
ETH,ET,Ethiopia,ET07,SNNP,ET0715,Gofa,2026-06-07,0.008730051,1-1.5,0.00151321672257671
ETH,ET,Ethiopia,ET07,SNNP,ET0713,Konso,2026-06-07,0.008730051,1-1.5,0.00151321672257671
ETH,ET,Ethiopia,ET07,SNNP,ET0723,Derashe,2026-06-07,0.008730051,1-1.5,0.00151321672257671
ETH,ET,Ethiopia,ET07,SNNP,ET0705,Gedeo,2026-06-07,0.008730051,1-1.5,0.00151321672257671
ETH,ET,Ethiopia,ET07,SNNP,ET0706,Wolayita,2026-06-07,0.008730051,1-1.5,0.00151321672257671
ETH,ET,Ethiopia,ET07,SNNP,ET0714,Halaba,2026-06-07,0.008730051,1-1.5,0.00151321672257671
ETH,ET,Ethiopia,ET07,SNNP,ET0722,Burji,2026-06-07,0.008730051,1-1.5,0.00151321672257671
ETH,ET,Ethiopia,ET07,SNNP,ET0707,South Omo,2026-06-07,0.008730051,1-1.5,0.00151321672257671
ETH,ET,Ethiopia,ET07,SNNP,ET0702,Hadiya,2026-06-07,0.008730051,1-1.5,0.00151321672257671
ETH,ET,Ethiopia,ET07,SNNP,ET0716,Basketo,2026-06-07,0.008730051,1-1.5,0.00151321672257671
ETH,ET,Ethiopia,ET07,SNNP,ET0712,Alle,2026-06-07,0.008730051,1-1.5,0.00151321672257671
ETH,ET,Ethiopia,ET15,Dire Dawa,ET1502,Dire Dawa rural,2026-06-07,0.0,1-1.5,2.07792204905259e-07
ETH,ET,Ethiopia,ET15,Dire Dawa,ET1501,Dire Dawa urban,2026-06-07,0.0,1-1.5,2.07792204905259e-07
ETH,ET,Ethiopia,ET06,Benishangul Gumz,ET0604,Kamashi,2026-06-07,0.02194288,>10,0.006037158170877112
ETH,ET,Ethiopia,ET06,Benishangul Gumz,ET0602,Metekel,2026-06-07,0.02194288,>10,0.006037158170877112
ETH,ET,Ethiopia,ET06,Benishangul Gumz,ET0605,Mao Komo Special,2026-06-07,0.02194288,>10,0.006037158170877112
ETH,ET,Ethiopia,ET06,Benishangul Gumz,ET0603,Assosa,2026-06-07,0.02194288,>10,0.006037158170877112
ETH,ET,Ethiopia,ET02,Afar,ET0201,Awsi /Zone 1,2026-06-07,0.0,1-1.5,0.004281561528544196
ETH,ET,Ethiopia,ET02,Afar,ET0204,Fanti /Zone 4,2026-06-07,0.0,1-1.5,0.004281561528544196
ETH,ET,Ethiopia,ET02,Afar,ET0205,Hari /Zone 5,2026-06-07,0.0,1-1.5,0.004281561528544196
ETH,ET,Ethiopia,ET02,Afar,ET0202,Kilbati /Zone2,2026-06-07,0.0,1-1.5,0.004281561528544196
ETH,ET,Ethiopia,ET02,Afar,ET0203,Gabi /Zone 3,2026-06-07,0.0,1-1.5,0.004281561528544196
ETH,ET,Ethiopia,ET03,Amhara,ET0307,West Gojam,2026-06-07,0.0003054399,1-1.5,0.0003132459653028521
ETH,ET,Ethiopia,ET03,Amhara,ET0309,Awi,2026-06-07,0.0003054399,1-1.5,0.0003132459653028521
ETH,ET,Ethiopia,ET03,Amhara,ET0305,North Shewa (AM),2026-06-07,0.0003054399,1-1.5,0.0003132459653028521
ETH,ET,Ethiopia,ET03,Amhara,ET0302,South Gondar,2026-06-07,0.0003054399,1-1.5,0.0003132459653028521
ETH,ET,Ethiopia,ET03,Amhara,ET0312,West Gondar,2026-06-07,0.0003054399,1-1.5,0.0003132459653028521
ETH,ET,Ethiopia,ET03,Amhara,ET0310,Oromia,2026-06-07,0.0003054399,1-1.5,0.0003132459653028521
ETH,ET,Ethiopia,ET03,Amhara,ET0304,South Wello,2026-06-07,0.0003054399,1-1.5,0.0003132459653028521
ETH,ET,Ethiopia,ET03,Amhara,ET0301,North Gondar,2026-06-07,0.0003054399,1-1.5,0.0003132459653028521
ETH,ET,Ethiopia,ET03,Amhara,ET0311,Central Gondar,2026-06-07,0.0003054399,1-1.5,0.0003132459653028521
ETH,ET,Ethiopia,ET03,Amhara,ET0303,North Wello,2026-06-07,0.0003054399,1-1.5,0.0003132459653028521
ETH,ET,Ethiopia,ET03,Amhara,ET0308,Wag Hamra,2026-06-07,0.0003054399,1-1.5,0.0003132459653028521
ETH,ET,Ethiopia,ET03,Amhara,ET0306,East Gojam,2026-06-07,0.0003054399,1-1.5,0.0003132459653028521
ETH,ET,Ethiopia,ET12,Gambela,ET1202,Agnewak,2026-06-07,0.0,1-1.5,0.0009681733306603167
ETH,ET,Ethiopia,ET12,Gambela,ET1204,Itang Special woreda,2026-06-07,0.0,1-1.5,0.0009681733306603167
ETH,ET,Ethiopia,ET12,Gambela,ET1203,Majang,2026-06-07,0.0,1-1.5,0.0009681733306603167
ETH,ET,Ethiopia,ET12,Gambela,ET1201,Nuwer,2026-06-07,0.0,1-1.5,0.0009681733306603167
ETH,ET,Ethiopia,ET13,Harari,ET1301,Harari,2026-06-07,0.0,1-1.5,0.0003721212212357469
ETH,ET,Ethiopia,ET14,Addis Ababa,ET1401,Region 14,2026-06-07,0.0,1-1.5,3.676136253819674e-05
ETH,ET,Ethiopia,ET11,South West Ethiopia,ET1106,Konta Special,2026-06-07,0.0,1-1.5,3.184562632376562e-05
ETH,ET,Ethiopia,ET11,South West Ethiopia,ET1105,Mirab Omo,2026-06-07,0.0,1-1.5,3.184562632376562e-05
ETH,ET,Ethiopia,ET11,South West Ethiopia,ET1104,Dawuro,2026-06-07,0.0,1-1.5,3.184562632376562e-05
ETH,ET,Ethiopia,ET11,South West Ethiopia,ET1101,Sheka,2026-06-07,0.0,1-1.5,3.184562632376562e-05
ETH,ET,Ethiopia,ET11,South West Ethiopia,ET1103,Bench Sheko,2026-06-07,0.0,1-1.5,3.184562632376562e-05
ETH,ET,Ethiopia,ET11,South West Ethiopia,ET1102,Kefa,2026-06-07,0.0,1-1.5,3.184562632376562e-05
ETH,ET,Ethiopia,ET05,Somali,ET0510,Nogob,2026-06-07,0.0,1-1.5,0.0001456160409754371
ETH,ET,Ethiopia,ET05,Somali,ET0506,Shabelle,2026-06-07,0.0,1-1.5,0.0001456160409754371
ETH,ET,Ethiopia,ET05,Somali,ET0502,Fafan,2026-06-07,0.0,1-1.5,0.0001456160409754371
ETH,ET,Ethiopia,ET05,Somali,ET0503,Jarar,2026-06-07,0.0,1-1.5,0.0001456160409754371
ETH,ET,Ethiopia,ET05,Somali,ET0501,Siti,2026-06-07,0.0,1-1.5,0.0001456160409754371
ETH,ET,Ethiopia,ET05,Somali,ET0508,Afder,2026-06-07,0.0,1-1.5,0.0001456160409754371
ETH,ET,Ethiopia,ET05,Somali,ET0504,Erer,2026-06-07,0.0,1-1.5,0.0001456160409754371
ETH,ET,Ethiopia,ET05,Somali,ET0509,Liban,2026-06-07,0.0,1-1.5,0.0001456160409754371
ETH,ET,Ethiopia,ET05,Somali,ET0507,Doolo,2026-06-07,0.0,1-1.5,0.0001456160409754371
ETH,ET,Ethiopia,ET05,Somali,ET0505,Korahe,2026-06-07,0.0,1-1.5,0.0001456160409754371
ETH,ET,Ethiopia,ET05,Somali,ET0511,Daawa,2026-06-07,0.0,1-1.5,0.0001456160409754371
ETH,ET,Ethiopia,ET16,Sidama,ET1600,Sidama,2026-06-08,0.0,1-1.5,1.00848064489996e-05
ETH,ET,Ethiopia,ET01,Tigray,ET0107,Mekelle,2026-06-08,5.7045064e-08,1-1.5,0.0003071378218966071
ETH,ET,Ethiopia,ET01,Tigray,ET0104,Southern,2026-06-08,5.7045064e-08,1-1.5,0.0003071378218966071
ETH,ET,Ethiopia,ET01,Tigray,ET0101,North Western,2026-06-08,5.7045064e-08,1-1.5,0.0003071378218966071
ETH,ET,Ethiopia,ET01,Tigray,ET0102,Central,2026-06-08,5.7045064e-08,1-1.5,0.0003071378218966071
ETH,ET,Ethiopia,ET01,Tigray,ET0105,Western,2026-06-08,5.7045064e-08,1-1.5,0.0003071378218966071
ETH,ET,Ethiopia,ET01,Tigray,ET0106,South Eastern,2026-06-08,5.7045064e-08,1-1.5,0.0003071378218966071
ETH,ET,Ethiopia,ET01,Tigray,ET0103,Eastern,2026-06-08,5.7045064e-08,1-1.5,0.0003071378218966071
ETH,ET,Ethiopia,ET04,Oromia,ET0404,Jimma,2026-06-08,0.0027545455,1-1.5,0.002036209102317861
ETH,ET,Ethiopia,ET04,Oromia,ET0410,East Hararge,2026-06-08,0.0027545455,1-1.5,0.002036209102317861
ETH,ET,Ethiopia,ET04,Oromia,ET0409,West Hararge,2026-06-08,0.0027545455,1-1.5,0.002036209102317861
ETH,ET,Ethiopia,ET04,Oromia,ET0401,West Wellega,2026-06-08,0.0027545455,1-1.5,0.002036209102317861
ETH,ET,Ethiopia,ET04,Oromia,ET0408,Arsi,2026-06-08,0.0027545455,1-1.5,0.002036209102317861
ETH,ET,Ethiopia,ET04,Oromia,ET0403,Ilu Aba Bora,2026-06-08,0.0027545455,1-1.5,0.002036209102317861
ETH,ET,Ethiopia,ET04,Oromia,ET0407,East Shewa,2026-06-08,0.0027545455,1-1.5,0.002036209102317861
ETH,ET,Ethiopia,ET04,Oromia,ET0405,West Shewa,2026-06-08,0.0027545455,1-1.5,0.002036209102317861
ETH,ET,Ethiopia,ET04,Oromia,ET0406,North Shewa (OR),2026-06-08,0.0027545455,1-1.5,0.002036209102317861
ETH,ET,Ethiopia,ET04,Oromia,ET0402,East Wellega,2026-06-08,0.0027545455,1-1.5,0.002036209102317861
ETH,ET,Ethiopia,ET04,Oromia,ET0418,Kelem Wellega,2026-06-08,0.0027545455,1-1.5,0.002036209102317861
ETH,ET,Ethiopia,ET04,Oromia,ET0411,Bale,2026-06-08,0.0027545455,1-1.5,0.002036209102317861
ETH,ET,Ethiopia,ET04,Oromia,ET0416,Buno Bedele,2026-06-08,0.0027545455,1-1.5,0.002036209102317861
ETH,ET,Ethiopia,ET04,Oromia,ET0421,East Bale,2026-06-08,0.0027545455,1-1.5,0.002036209102317861
ETH,ET,Ethiopia,ET04,Oromia,ET0412,Borena,2026-06-08,0.0027545455,1-1.5,0.002036209102317861
ETH,ET,Ethiopia,ET04,Oromia,ET0419,Horo Gudru Wellega,2026-06-08,0.0027545455,1-1.5,0.002036209102317861
ETH,ET,Ethiopia,ET04,Oromia,ET0417,West Arsi,2026-06-08,0.0027545455,1-1.5,0.002036209102317861
ETH,ET,Ethiopia,ET04,Oromia,ET0413,South West Shewa,2026-06-08,0.0027545455,1-1.5,0.002036209102317861
ETH,ET,Ethiopia,ET04,Oromia,ET0415,West Guji,2026-06-08,0.0027545455,1-1.5,0.002036209102317861
ETH,ET,Ethiopia,ET04,Oromia,ET0414,Guji,2026-06-08,0.0027545455,1-1.5,0.002036209102317861
ETH,ET,Ethiopia,ET04,Oromia,ET0420,Finfine Special,2026-06-08,0.0027545455,1-1.5,0.002036209102317861
ETH,ET,Ethiopia,ET07,SNNP,ET0701,Guraghe,2026-06-08,0.009086501,1-1.5,0.00146970921725204
ETH,ET,Ethiopia,ET07,SNNP,ET0724,Yem Special,2026-06-08,0.009086501,1-1.5,0.00146970921725204
ETH,ET,Ethiopia,ET07,SNNP,ET0721,Amaro,2026-06-08,0.009086501,1-1.5,0.00146970921725204
ETH,ET,Ethiopia,ET07,SNNP,ET0703,Kembata Tembaro,2026-06-08,0.009086501,1-1.5,0.00146970921725204
ETH,ET,Ethiopia,ET07,SNNP,ET0710,Gamo,2026-06-08,0.009086501,1-1.5,0.00146970921725204
ETH,ET,Ethiopia,ET07,SNNP,ET0720,Siltie,2026-06-08,0.009086501,1-1.5,0.00146970921725204
ETH,ET,Ethiopia,ET07,SNNP,ET0715,Gofa,2026-06-08,0.009086501,1-1.5,0.00146970921725204
ETH,ET,Ethiopia,ET07,SNNP,ET0713,Konso,2026-06-08,0.009086501,1-1.5,0.00146970921725204
ETH,ET,Ethiopia,ET07,SNNP,ET0723,Derashe,2026-06-08,0.009086501,1-1.5,0.00146970921725204
ETH,ET,Ethiopia,ET07,SNNP,ET0705,Gedeo,2026-06-08,0.009086501,1-1.5,0.00146970921725204
ETH,ET,Ethiopia,ET07,SNNP,ET0706,Wolayita,2026-06-08,0.009086501,1-1.5,0.00146970921725204
ETH,ET,Ethiopia,ET07,SNNP,ET0714,Halaba,2026-06-08,0.009086501,1-1.5,0.00146970921725204
ETH,ET,Ethiopia,ET07,SNNP,ET0722,Burji,2026-06-08,0.009086501,1-1.5,0.00146970921725204
ETH,ET,Ethiopia,ET07,SNNP,ET0707,South Omo,2026-06-08,0.009086501,1-1.5,0.00146970921725204
ETH,ET,Ethiopia,ET07,SNNP,ET0702,Hadiya,2026-06-08,0.009086501,1-1.5,0.00146970921725204
ETH,ET,Ethiopia,ET07,SNNP,ET0716,Basketo,2026-06-08,0.009086501,1-1.5,0.00146970921725204
ETH,ET,Ethiopia,ET07,SNNP,ET0712,Alle,2026-06-08,0.009086501,1-1.5,0.00146970921725204
ETH,ET,Ethiopia,ET15,Dire Dawa,ET1502,Dire Dawa rural,2026-06-08,0.0,1-1.5,1.038961024526295e-07
ETH,ET,Ethiopia,ET15,Dire Dawa,ET1501,Dire Dawa urban,2026-06-08,0.0,1-1.5,1.038961024526295e-07
ETH,ET,Ethiopia,ET06,Benishangul Gumz,ET0604,Kamashi,2026-06-08,0.020456204,>10,0.006035312843399962
ETH,ET,Ethiopia,ET06,Benishangul Gumz,ET0602,Metekel,2026-06-08,0.020456204,>10,0.006035312843399962
ETH,ET,Ethiopia,ET06,Benishangul Gumz,ET0605,Mao Komo Special,2026-06-08,0.020456204,>10,0.006035312843399962
ETH,ET,Ethiopia,ET06,Benishangul Gumz,ET0603,Assosa,2026-06-08,0.020456204,>10,0.006035312843399962
ETH,ET,Ethiopia,ET02,Afar,ET0201,Awsi /Zone 1,2026-06-08,0.0,1-1.5,0.00417109278655103
ETH,ET,Ethiopia,ET02,Afar,ET0204,Fanti /Zone 4,2026-06-08,0.0,1-1.5,0.00417109278655103
ETH,ET,Ethiopia,ET02,Afar,ET0205,Hari /Zone 5,2026-06-08,0.0,1-1.5,0.00417109278655103
ETH,ET,Ethiopia,ET02,Afar,ET0202,Kilbati /Zone2,2026-06-08,0.0,1-1.5,0.00417109278655103
ETH,ET,Ethiopia,ET02,Afar,ET0203,Gabi /Zone 3,2026-06-08,0.0,1-1.5,0.00417109278655103
ETH,ET,Ethiopia,ET03,Amhara,ET0307,West Gojam,2026-06-08,0.0002927876,1-1.5,0.0003108361441942748
ETH,ET,Ethiopia,ET03,Amhara,ET0309,Awi,2026-06-08,0.0002927876,1-1.5,0.0003108361441942748
ETH,ET,Ethiopia,ET03,Amhara,ET0305,North Shewa (AM),2026-06-08,0.0002927876,1-1.5,0.0003108361441942748
ETH,ET,Ethiopia,ET03,Amhara,ET0302,South Gondar,2026-06-08,0.0002927876,1-1.5,0.0003108361441942748
ETH,ET,Ethiopia,ET03,Amhara,ET0312,West Gondar,2026-06-08,0.0002927876,1-1.5,0.0003108361441942748
ETH,ET,Ethiopia,ET03,Amhara,ET0310,Oromia,2026-06-08,0.0002927876,1-1.5,0.0003108361441942748
ETH,ET,Ethiopia,ET03,Amhara,ET0304,South Wello,2026-06-08,0.0002927876,1-1.5,0.0003108361441942748
ETH,ET,Ethiopia,ET03,Amhara,ET0301,North Gondar,2026-06-08,0.0002927876,1-1.5,0.0003108361441942748
ETH,ET,Ethiopia,ET03,Amhara,ET0311,Central Gondar,2026-06-08,0.0002927876,1-1.5,0.0003108361441942748
ETH,ET,Ethiopia,ET03,Amhara,ET0303,North Wello,2026-06-08,0.0002927876,1-1.5,0.0003108361441942748
ETH,ET,Ethiopia,ET03,Amhara,ET0308,Wag Hamra,2026-06-08,0.0002927876,1-1.5,0.0003108361441942748
ETH,ET,Ethiopia,ET03,Amhara,ET0306,East Gojam,2026-06-08,0.0002927876,1-1.5,0.0003108361441942748
ETH,ET,Ethiopia,ET12,Gambela,ET1202,Agnewak,2026-06-08,0.0,1-1.5,0.0009557179498105225
ETH,ET,Ethiopia,ET12,Gambela,ET1204,Itang Special woreda,2026-06-08,0.0,1-1.5,0.0009557179498105225
ETH,ET,Ethiopia,ET12,Gambela,ET1203,Majang,2026-06-08,0.0,1-1.5,0.0009557179498105225
ETH,ET,Ethiopia,ET12,Gambela,ET1201,Nuwer,2026-06-08,0.0,1-1.5,0.0009557179498105225
ETH,ET,Ethiopia,ET13,Harari,ET1301,Harari,2026-06-08,0.0,1-1.5,0.0003719697060825473
ETH,ET,Ethiopia,ET14,Addis Ababa,ET1401,Region 14,2026-06-08,0.0,1-1.5,3.681818072271364e-05
ETH,ET,Ethiopia,ET11,South West Ethiopia,ET1106,Konta Special,2026-06-08,0.0,1-1.5,2.894253147073558e-05
ETH,ET,Ethiopia,ET11,South West Ethiopia,ET1105,Mirab Omo,2026-06-08,0.0,1-1.5,2.894253147073558e-05
ETH,ET,Ethiopia,ET11,South West Ethiopia,ET1104,Dawuro,2026-06-08,0.0,1-1.5,2.894253147073558e-05
ETH,ET,Ethiopia,ET11,South West Ethiopia,ET1101,Sheka,2026-06-08,0.0,1-1.5,2.894253147073558e-05
ETH,ET,Ethiopia,ET11,South West Ethiopia,ET1103,Bench Sheko,2026-06-08,0.0,1-1.5,2.894253147073558e-05
ETH,ET,Ethiopia,ET11,South West Ethiopia,ET1102,Kefa,2026-06-08,0.0,1-1.5,2.894253147073558e-05
ETH,ET,Ethiopia,ET05,Somali,ET0510,Nogob,2026-06-08,0.0,1-1.5,0.000139820898850748
ETH,ET,Ethiopia,ET05,Somali,ET0506,Shabelle,2026-06-08,0.0,1-1.5,0.000139820898850748
ETH,ET,Ethiopia,ET05,Somali,ET0502,Fafan,2026-06-08,0.0,1-1.5,0.000139820898850748
ETH,ET,Ethiopia,ET05,Somali,ET0503,Jarar,2026-06-08,0.0,1-1.5,0.000139820898850748
ETH,ET,Ethiopia,ET05,Somali,ET0501,Siti,2026-06-08,0.0,1-1.5,0.000139820898850748
ETH,ET,Ethiopia,ET05,Somali,ET0508,Afder,2026-06-08,0.0,1-1.5,0.000139820898850748
ETH,ET,Ethiopia,ET05,Somali,ET0504,Erer,2026-06-08,0.0,1-1.5,0.000139820898850748
ETH,ET,Ethiopia,ET05,Somali,ET0509,Liban,2026-06-08,0.0,1-1.5,0.000139820898850748
ETH,ET,Ethiopia,ET05,Somali,ET0507,Doolo,2026-06-08,0.0,1-1.5,0.000139820898850748
ETH,ET,Ethiopia,ET05,Somali,ET0505,Korahe,2026-06-08,0.0,1-1.5,0.000139820898850748
ETH,ET,Ethiopia,ET05,Somali,ET0511,Daawa,2026-06-08,0.0,1-1.5,0.000139820898850748
ETH,ET,Ethiopia,ET16,Sidama,ET1600,Sidama,2026-06-09,0.0,1-1.5,1.00848064489996e-05
ETH,ET,Ethiopia,ET01,Tigray,ET0107,Mekelle,2026-06-09,0.0,1-1.5,0.000420675856530424
ETH,ET,Ethiopia,ET01,Tigray,ET0104,Southern,2026-06-09,0.0,1-1.5,0.000420675856530424
ETH,ET,Ethiopia,ET01,Tigray,ET0101,North Western,2026-06-09,0.0,1-1.5,0.000420675856530424
ETH,ET,Ethiopia,ET01,Tigray,ET0102,Central,2026-06-09,0.0,1-1.5,0.000420675856530424
ETH,ET,Ethiopia,ET01,Tigray,ET0105,Western,2026-06-09,0.0,1-1.5,0.000420675856530424
ETH,ET,Ethiopia,ET01,Tigray,ET0106,South Eastern,2026-06-09,0.0,1-1.5,0.000420675856530424
ETH,ET,Ethiopia,ET01,Tigray,ET0103,Eastern,2026-06-09,0.0,1-1.5,0.000420675856530424
ETH,ET,Ethiopia,ET04,Oromia,ET0404,Jimma,2026-06-09,0.002801022,1-1.5,0.002034467804266817
ETH,ET,Ethiopia,ET04,Oromia,ET0410,East Hararge,2026-06-09,0.002801022,1-1.5,0.002034467804266817
ETH,ET,Ethiopia,ET04,Oromia,ET0409,West Hararge,2026-06-09,0.002801022,1-1.5,0.002034467804266817
ETH,ET,Ethiopia,ET04,Oromia,ET0401,West Wellega,2026-06-09,0.002801022,1-1.5,0.002034467804266817
ETH,ET,Ethiopia,ET04,Oromia,ET0408,Arsi,2026-06-09,0.002801022,1-1.5,0.002034467804266817
ETH,ET,Ethiopia,ET04,Oromia,ET0403,Ilu Aba Bora,2026-06-09,0.002801022,1-1.5,0.002034467804266817
ETH,ET,Ethiopia,ET04,Oromia,ET0407,East Shewa,2026-06-09,0.002801022,1-1.5,0.002034467804266817
ETH,ET,Ethiopia,ET04,Oromia,ET0405,West Shewa,2026-06-09,0.002801022,1-1.5,0.002034467804266817
ETH,ET,Ethiopia,ET04,Oromia,ET0406,North Shewa (OR),2026-06-09,0.002801022,1-1.5,0.002034467804266817
ETH,ET,Ethiopia,ET04,Oromia,ET0402,East Wellega,2026-06-09,0.002801022,1-1.5,0.002034467804266817
ETH,ET,Ethiopia,ET04,Oromia,ET0418,Kelem Wellega,2026-06-09,0.002801022,1-1.5,0.002034467804266817
ETH,ET,Ethiopia,ET04,Oromia,ET0411,Bale,2026-06-09,0.002801022,1-1.5,0.002034467804266817
ETH,ET,Ethiopia,ET04,Oromia,ET0416,Buno Bedele,2026-06-09,0.002801022,1-1.5,0.002034467804266817
ETH,ET,Ethiopia,ET04,Oromia,ET0421,East Bale,2026-06-09,0.002801022,1-1.5,0.002034467804266817
ETH,ET,Ethiopia,ET04,Oromia,ET0412,Borena,2026-06-09,0.002801022,1-1.5,0.002034467804266817
ETH,ET,Ethiopia,ET04,Oromia,ET0419,Horo Gudru Wellega,2026-06-09,0.002801022,1-1.5,0.002034467804266817
ETH,ET,Ethiopia,ET04,Oromia,ET0417,West Arsi,2026-06-09,0.002801022,1-1.5,0.002034467804266817
ETH,ET,Ethiopia,ET04,Oromia,ET0413,South West Shewa,2026-06-09,0.002801022,1-1.5,0.002034467804266817
ETH,ET,Ethiopia,ET04,Oromia,ET0415,West Guji,2026-06-09,0.002801022,1-1.5,0.002034467804266817
ETH,ET,Ethiopia,ET04,Oromia,ET0414,Guji,2026-06-09,0.002801022,1-1.5,0.002034467804266817
ETH,ET,Ethiopia,ET04,Oromia,ET0420,Finfine Special,2026-06-09,0.002801022,1-1.5,0.002034467804266817
ETH,ET,Ethiopia,ET07,SNNP,ET0701,Guraghe,2026-06-09,0.009235544,1-1.5,0.00144491169987966
ETH,ET,Ethiopia,ET07,SNNP,ET0724,Yem Special,2026-06-09,0.009235544,1-1.5,0.00144491169987966
ETH,ET,Ethiopia,ET07,SNNP,ET0721,Amaro,2026-06-09,0.009235544,1-1.5,0.00144491169987966
ETH,ET,Ethiopia,ET07,SNNP,ET0703,Kembata Tembaro,2026-06-09,0.009235544,1-1.5,0.00144491169987966
ETH,ET,Ethiopia,ET07,SNNP,ET0710,Gamo,2026-06-09,0.009235544,1-1.5,0.00144491169987966
ETH,ET,Ethiopia,ET07,SNNP,ET0720,Siltie,2026-06-09,0.009235544,1-1.5,0.00144491169987966
ETH,ET,Ethiopia,ET07,SNNP,ET0715,Gofa,2026-06-09,0.009235544,1-1.5,0.00144491169987966
ETH,ET,Ethiopia,ET07,SNNP,ET0713,Konso,2026-06-09,0.009235544,1-1.5,0.00144491169987966
ETH,ET,Ethiopia,ET07,SNNP,ET0723,Derashe,2026-06-09,0.009235544,1-1.5,0.00144491169987966
ETH,ET,Ethiopia,ET07,SNNP,ET0705,Gedeo,2026-06-09,0.009235544,1-1.5,0.00144491169987966
ETH,ET,Ethiopia,ET07,SNNP,ET0706,Wolayita,2026-06-09,0.009235544,1-1.5,0.00144491169987966
ETH,ET,Ethiopia,ET07,SNNP,ET0714,Halaba,2026-06-09,0.009235544,1-1.5,0.00144491169987966
ETH,ET,Ethiopia,ET07,SNNP,ET0722,Burji,2026-06-09,0.009235544,1-1.5,0.00144491169987966
ETH,ET,Ethiopia,ET07,SNNP,ET0707,South Omo,2026-06-09,0.009235544,1-1.5,0.00144491169987966
ETH,ET,Ethiopia,ET07,SNNP,ET0702,Hadiya,2026-06-09,0.009235544,1-1.5,0.00144491169987966
ETH,ET,Ethiopia,ET07,SNNP,ET0716,Basketo,2026-06-09,0.009235544,1-1.5,0.00144491169987966
ETH,ET,Ethiopia,ET07,SNNP,ET0712,Alle,2026-06-09,0.009235544,1-1.5,0.00144491169987966
ETH,ET,Ethiopia,ET15,Dire Dawa,ET1502,Dire Dawa rural,2026-06-09,0.0,1-1.5,0.0
ETH,ET,Ethiopia,ET15,Dire Dawa,ET1501,Dire Dawa urban,2026-06-09,0.0,1-1.5,0.0
ETH,ET,Ethiopia,ET06,Benishangul Gumz,ET0604,Kamashi,2026-06-09,0.020800445,>10,0.006039303015977153
ETH,ET,Ethiopia,ET06,Benishangul Gumz,ET0602,Metekel,2026-06-09,0.020800445,>10,0.006039303015977153
ETH,ET,Ethiopia,ET06,Benishangul Gumz,ET0605,Mao Komo Special,2026-06-09,0.020800445,>10,0.006039303015977153
ETH,ET,Ethiopia,ET06,Benishangul Gumz,ET0603,Assosa,2026-06-09,0.020800445,>10,0.006039303015977153
ETH,ET,Ethiopia,ET02,Afar,ET0201,Awsi /Zone 1,2026-06-09,0.0,1-1.5,0.004072739343709228
ETH,ET,Ethiopia,ET02,Afar,ET0204,Fanti /Zone 4,2026-06-09,0.0,1-1.5,0.004072739343709228
ETH,ET,Ethiopia,ET02,Afar,ET0205,Hari /Zone 5,2026-06-09,0.0,1-1.5,0.004072739343709228
ETH,ET,Ethiopia,ET02,Afar,ET0202,Kilbati /Zone2,2026-06-09,0.0,1-1.5,0.004072739343709228
ETH,ET,Ethiopia,ET02,Afar,ET0203,Gabi /Zone 3,2026-06-09,0.0,1-1.5,0.004072739343709228
ETH,ET,Ethiopia,ET03,Amhara,ET0307,West Gojam,2026-06-09,0.0,1-1.5,0.0003112563524499895
ETH,ET,Ethiopia,ET03,Amhara,ET0309,Awi,2026-06-09,0.0,1-1.5,0.0003112563524499895
ETH,ET,Ethiopia,ET03,Amhara,ET0305,North Shewa (AM),2026-06-09,0.0,1-1.5,0.0003112563524499895
ETH,ET,Ethiopia,ET03,Amhara,ET0302,South Gondar,2026-06-09,0.0,1-1.5,0.0003112563524499895
ETH,ET,Ethiopia,ET03,Amhara,ET0312,West Gondar,2026-06-09,0.0,1-1.5,0.0003112563524499895
ETH,ET,Ethiopia,ET03,Amhara,ET0310,Oromia,2026-06-09,0.0,1-1.5,0.0003112563524499895
ETH,ET,Ethiopia,ET03,Amhara,ET0304,South Wello,2026-06-09,0.0,1-1.5,0.0003112563524499895
ETH,ET,Ethiopia,ET03,Amhara,ET0301,North Gondar,2026-06-09,0.0,1-1.5,0.0003112563524499895
ETH,ET,Ethiopia,ET03,Amhara,ET0311,Central Gondar,2026-06-09,0.0,1-1.5,0.0003112563524499895
ETH,ET,Ethiopia,ET03,Amhara,ET0303,North Wello,2026-06-09,0.0,1-1.5,0.0003112563524499895
ETH,ET,Ethiopia,ET03,Amhara,ET0308,Wag Hamra,2026-06-09,0.0,1-1.5,0.0003112563524499895
ETH,ET,Ethiopia,ET03,Amhara,ET0306,East Gojam,2026-06-09,0.0,1-1.5,0.0003112563524499895
ETH,ET,Ethiopia,ET12,Gambela,ET1202,Agnewak,2026-06-09,0.0,1-1.5,0.000950880177234384
ETH,ET,Ethiopia,ET12,Gambela,ET1204,Itang Special woreda,2026-06-09,0.0,1-1.5,0.000950880177234384
ETH,ET,Ethiopia,ET12,Gambela,ET1203,Majang,2026-06-09,0.0,1-1.5,0.000950880177234384
ETH,ET,Ethiopia,ET12,Gambela,ET1201,Nuwer,2026-06-09,0.0,1-1.5,0.000950880177234384
ETH,ET,Ethiopia,ET13,Harari,ET1301,Harari,2026-06-09,0.0,1-1.5,0.0003056060723875734
ETH,ET,Ethiopia,ET14,Addis Ababa,ET1401,Region 14,2026-06-09,0.0,1-1.5,3.721590801433195e-05
ETH,ET,Ethiopia,ET11,South West Ethiopia,ET1106,Konta Special,2026-06-09,0.0,1-1.5,2.614721716737863e-05
ETH,ET,Ethiopia,ET11,South West Ethiopia,ET1105,Mirab Omo,2026-06-09,0.0,1-1.5,2.614721716737863e-05
ETH,ET,Ethiopia,ET11,South West Ethiopia,ET1104,Dawuro,2026-06-09,0.0,1-1.5,2.614721716737863e-05
ETH,ET,Ethiopia,ET11,South West Ethiopia,ET1101,Sheka,2026-06-09,0.0,1-1.5,2.614721716737863e-05
ETH,ET,Ethiopia,ET11,South West Ethiopia,ET1103,Bench Sheko,2026-06-09,0.0,1-1.5,2.614721716737863e-05
ETH,ET,Ethiopia,ET11,South West Ethiopia,ET1102,Kefa,2026-06-09,0.0,1-1.5,2.614721716737863e-05
ETH,ET,Ethiopia,ET05,Somali,ET0510,Nogob,2026-06-09,0.0,1-1.5,0.000127087018118808
ETH,ET,Ethiopia,ET05,Somali,ET0506,Shabelle,2026-06-09,0.0,1-1.5,0.000127087018118808
ETH,ET,Ethiopia,ET05,Somali,ET0502,Fafan,2026-06-09,0.0,1-1.5,0.000127087018118808
ETH,ET,Ethiopia,ET05,Somali,ET0503,Jarar,2026-06-09,0.0,1-1.5,0.000127087018118808
ETH,ET,Ethiopia,ET05,Somali,ET0501,Siti,2026-06-09,0.0,1-1.5,0.000127087018118808
ETH,ET,Ethiopia,ET05,Somali,ET0508,Afder,2026-06-09,0.0,1-1.5,0.000127087018118808
ETH,ET,Ethiopia,ET05,Somali,ET0504,Erer,2026-06-09,0.0,1-1.5,0.000127087018118808
ETH,ET,Ethiopia,ET05,Somali,ET0509,Liban,2026-06-09,0.0,1-1.5,0.000127087018118808
ETH,ET,Ethiopia,ET05,Somali,ET0507,Doolo,2026-06-09,0.0,1-1.5,0.000127087018118808
ETH,ET,Ethiopia,ET05,Somali,ET0505,Korahe,2026-06-09,0.0,1-1.5,0.000127087018118808
ETH,ET,Ethiopia,ET05,Somali,ET0511,Daawa,2026-06-09,0.0,1-1.5,0.000127087018118808
ETH,ET,Ethiopia,ET16,Sidama,ET1600,Sidama,2026-06-10,0.0,1-1.5,1.00848064489996e-05
ETH,ET,Ethiopia,ET01,Tigray,ET0107,Mekelle,2026-06-10,0.0,1-1.5,0.000471215745051526
ETH,ET,Ethiopia,ET01,Tigray,ET0104,Southern,2026-06-10,0.0,1-1.5,0.000471215745051526
ETH,ET,Ethiopia,ET01,Tigray,ET0101,North Western,2026-06-10,0.0,1-1.5,0.000471215745051526
ETH,ET,Ethiopia,ET01,Tigray,ET0102,Central,2026-06-10,0.0,1-1.5,0.000471215745051526
ETH,ET,Ethiopia,ET01,Tigray,ET0105,Western,2026-06-10,0.0,1-1.5,0.000471215745051526
ETH,ET,Ethiopia,ET01,Tigray,ET0106,South Eastern,2026-06-10,0.0,1-1.5,0.000471215745051526
ETH,ET,Ethiopia,ET01,Tigray,ET0103,Eastern,2026-06-10,0.0,1-1.5,0.000471215745051526
ETH,ET,Ethiopia,ET04,Oromia,ET0404,Jimma,2026-06-10,0.0028639338,1-1.5,0.002031223970962773
ETH,ET,Ethiopia,ET04,Oromia,ET0410,East Hararge,2026-06-10,0.0028639338,1-1.5,0.002031223970962773
ETH,ET,Ethiopia,ET04,Oromia,ET0409,West Hararge,2026-06-10,0.0028639338,1-1.5,0.002031223970962773
ETH,ET,Ethiopia,ET04,Oromia,ET0401,West Wellega,2026-06-10,0.0028639338,1-1.5,0.002031223970962773
ETH,ET,Ethiopia,ET04,Oromia,ET0408,Arsi,2026-06-10,0.0028639338,1-1.5,0.002031223970962773
ETH,ET,Ethiopia,ET04,Oromia,ET0403,Ilu Aba Bora,2026-06-10,0.0028639338,1-1.5,0.002031223970962773
ETH,ET,Ethiopia,ET04,Oromia,ET0407,East Shewa,2026-06-10,0.0028639338,1-1.5,0.002031223970962773
ETH,ET,Ethiopia,ET04,Oromia,ET0405,West Shewa,2026-06-10,0.0028639338,1-1.5,0.002031223970962773
ETH,ET,Ethiopia,ET04,Oromia,ET0406,North Shewa (OR),2026-06-10,0.0028639338,1-1.5,0.002031223970962773
ETH,ET,Ethiopia,ET04,Oromia,ET0402,East Wellega,2026-06-10,0.0028639338,1-1.5,0.002031223970962773
ETH,ET,Ethiopia,ET04,Oromia,ET0418,Kelem Wellega,2026-06-10,0.0028639338,1-1.5,0.002031223970962773
ETH,ET,Ethiopia,ET04,Oromia,ET0411,Bale,2026-06-10,0.0028639338,1-1.5,0.002031223970962773
ETH,ET,Ethiopia,ET04,Oromia,ET0416,Buno Bedele,2026-06-10,0.0028639338,1-1.5,0.002031223970962773
ETH,ET,Ethiopia,ET04,Oromia,ET0421,East Bale,2026-06-10,0.0028639338,1-1.5,0.002031223970962773
ETH,ET,Ethiopia,ET04,Oromia,ET0412,Borena,2026-06-10,0.0028639338,1-1.5,0.002031223970962773
ETH,ET,Ethiopia,ET04,Oromia,ET0419,Horo Gudru Wellega,2026-06-10,0.0028639338,1-1.5,0.002031223970962773
ETH,ET,Ethiopia,ET04,Oromia,ET0417,West Arsi,2026-06-10,0.0028639338,1-1.5,0.002031223970962773
ETH,ET,Ethiopia,ET04,Oromia,ET0413,South West Shewa,2026-06-10,0.0028639338,1-1.5,0.002031223970962773
ETH,ET,Ethiopia,ET04,Oromia,ET0415,West Guji,2026-06-10,0.0028639338,1-1.5,0.002031223970962773
ETH,ET,Ethiopia,ET04,Oromia,ET0414,Guji,2026-06-10,0.0028639338,1-1.5,0.002031223970962773
ETH,ET,Ethiopia,ET04,Oromia,ET0420,Finfine Special,2026-06-10,0.0028639338,1-1.5,0.002031223970962773
ETH,ET,Ethiopia,ET07,SNNP,ET0701,Guraghe,2026-06-10,0.00947164,1-1.5,0.001428468228021467
ETH,ET,Ethiopia,ET07,SNNP,ET0724,Yem Special,2026-06-10,0.00947164,1-1.5,0.001428468228021467
ETH,ET,Ethiopia,ET07,SNNP,ET0721,Amaro,2026-06-10,0.00947164,1-1.5,0.001428468228021467
ETH,ET,Ethiopia,ET07,SNNP,ET0703,Kembata Tembaro,2026-06-10,0.00947164,1-1.5,0.001428468228021467
ETH,ET,Ethiopia,ET07,SNNP,ET0710,Gamo,2026-06-10,0.00947164,1-1.5,0.001428468228021467
ETH,ET,Ethiopia,ET07,SNNP,ET0720,Siltie,2026-06-10,0.00947164,1-1.5,0.001428468228021467
ETH,ET,Ethiopia,ET07,SNNP,ET0715,Gofa,2026-06-10,0.00947164,1-1.5,0.001428468228021467
ETH,ET,Ethiopia,ET07,SNNP,ET0713,Konso,2026-06-10,0.00947164,1-1.5,0.001428468228021467
ETH,ET,Ethiopia,ET07,SNNP,ET0723,Derashe,2026-06-10,0.00947164,1-1.5,0.001428468228021467
ETH,ET,Ethiopia,ET07,SNNP,ET0705,Gedeo,2026-06-10,0.00947164,1-1.5,0.001428468228021467
ETH,ET,Ethiopia,ET07,SNNP,ET0706,Wolayita,2026-06-10,0.00947164,1-1.5,0.001428468228021467
ETH,ET,Ethiopia,ET07,SNNP,ET0714,Halaba,2026-06-10,0.00947164,1-1.5,0.001428468228021467
ETH,ET,Ethiopia,ET07,SNNP,ET0722,Burji,2026-06-10,0.00947164,1-1.5,0.001428468228021467
ETH,ET,Ethiopia,ET07,SNNP,ET0707,South Omo,2026-06-10,0.00947164,1-1.5,0.001428468228021467
ETH,ET,Ethiopia,ET07,SNNP,ET0702,Hadiya,2026-06-10,0.00947164,1-1.5,0.001428468228021467
ETH,ET,Ethiopia,ET07,SNNP,ET0716,Basketo,2026-06-10,0.00947164,1-1.5,0.001428468228021467
ETH,ET,Ethiopia,ET07,SNNP,ET0712,Alle,2026-06-10,0.00947164,1-1.5,0.001428468228021467
ETH,ET,Ethiopia,ET15,Dire Dawa,ET1502,Dire Dawa rural,2026-06-10,0.0,1-1.5,0.0
ETH,ET,Ethiopia,ET15,Dire Dawa,ET1501,Dire Dawa urban,2026-06-10,0.0,1-1.5,0.0
ETH,ET,Ethiopia,ET06,Benishangul Gumz,ET0604,Kamashi,2026-06-10,0.020882782,>10,0.006071580790026845
ETH,ET,Ethiopia,ET06,Benishangul Gumz,ET0602,Metekel,2026-06-10,0.020882782,>10,0.006071580790026845
ETH,ET,Ethiopia,ET06,Benishangul Gumz,ET0605,Mao Komo Special,2026-06-10,0.020882782,>10,0.006071580790026845
ETH,ET,Ethiopia,ET06,Benishangul Gumz,ET0603,Assosa,2026-06-10,0.020882782,>10,0.006071580790026845
ETH,ET,Ethiopia,ET02,Afar,ET0201,Awsi /Zone 1,2026-06-10,0.0,1-1.5,0.003970618168188429
ETH,ET,Ethiopia,ET02,Afar,ET0204,Fanti /Zone 4,2026-06-10,0.0,1-1.5,0.003970618168188429
ETH,ET,Ethiopia,ET02,Afar,ET0205,Hari /Zone 5,2026-06-10,0.0,1-1.5,0.003970618168188429
ETH,ET,Ethiopia,ET02,Afar,ET0202,Kilbati /Zone2,2026-06-10,0.0,1-1.5,0.003970618168188429
ETH,ET,Ethiopia,ET02,Afar,ET0203,Gabi /Zone 3,2026-06-10,0.0,1-1.5,0.003970618168188429
ETH,ET,Ethiopia,ET03,Amhara,ET0307,West Gojam,2026-06-10,0.0,1-1.5,0.000370290225957329
ETH,ET,Ethiopia,ET03,Amhara,ET0309,Awi,2026-06-10,0.0,1-1.5,0.000370290225957329
ETH,ET,Ethiopia,ET03,Amhara,ET0305,North Shewa (AM),2026-06-10,0.0,1-1.5,0.000370290225957329
ETH,ET,Ethiopia,ET03,Amhara,ET0302,South Gondar,2026-06-10,0.0,1-1.5,0.000370290225957329
ETH,ET,Ethiopia,ET03,Amhara,ET0312,West Gondar,2026-06-10,0.0,1-1.5,0.000370290225957329
ETH,ET,Ethiopia,ET03,Amhara,ET0310,Oromia,2026-06-10,0.0,1-1.5,0.000370290225957329
ETH,ET,Ethiopia,ET03,Amhara,ET0304,South Wello,2026-06-10,0.0,1-1.5,0.000370290225957329
ETH,ET,Ethiopia,ET03,Amhara,ET0301,North Gondar,2026-06-10,0.0,1-1.5,0.000370290225957329
ETH,ET,Ethiopia,ET03,Amhara,ET0311,Central Gondar,2026-06-10,0.0,1-1.5,0.000370290225957329
ETH,ET,Ethiopia,ET03,Amhara,ET0303,North Wello,2026-06-10,0.0,1-1.5,0.000370290225957329
ETH,ET,Ethiopia,ET03,Amhara,ET0308,Wag Hamra,2026-06-10,0.0,1-1.5,0.000370290225957329
ETH,ET,Ethiopia,ET03,Amhara,ET0306,East Gojam,2026-06-10,0.0,1-1.5,0.000370290225957329
ETH,ET,Ethiopia,ET12,Gambela,ET1202,Agnewak,2026-06-10,0.0,1-1.5,0.0009378491845299404
ETH,ET,Ethiopia,ET12,Gambela,ET1204,Itang Special woreda,2026-06-10,0.0,1-1.5,0.0009378491845299404
ETH,ET,Ethiopia,ET12,Gambela,ET1203,Majang,2026-06-10,0.0,1-1.5,0.0009378491845299404
ETH,ET,Ethiopia,ET12,Gambela,ET1201,Nuwer,2026-06-10,0.0,1-1.5,0.0009378491845299404
ETH,ET,Ethiopia,ET13,Harari,ET1301,Harari,2026-06-10,0.0,1-1.5,0.0001559090916998684
ETH,ET,Ethiopia,ET14,Addis Ababa,ET1401,Region 14,2026-06-10,0.0,1-1.5,3.721590801433195e-05
ETH,ET,Ethiopia,ET11,South West Ethiopia,ET1106,Konta Special,2026-06-10,0.0,1-1.5,2.334411610550288e-05
ETH,ET,Ethiopia,ET11,South West Ethiopia,ET1105,Mirab Omo,2026-06-10,0.0,1-1.5,2.334411610550288e-05
ETH,ET,Ethiopia,ET11,South West Ethiopia,ET1104,Dawuro,2026-06-10,0.0,1-1.5,2.334411610550288e-05
ETH,ET,Ethiopia,ET11,South West Ethiopia,ET1101,Sheka,2026-06-10,0.0,1-1.5,2.334411610550288e-05
ETH,ET,Ethiopia,ET11,South West Ethiopia,ET1103,Bench Sheko,2026-06-10,0.0,1-1.5,2.334411610550288e-05
ETH,ET,Ethiopia,ET11,South West Ethiopia,ET1102,Kefa,2026-06-10,0.0,1-1.5,2.334411610550288e-05
ETH,ET,Ethiopia,ET05,Somali,ET0510,Nogob,2026-06-10,0.0,1-1.5,0.0001240743020611067
ETH,ET,Ethiopia,ET05,Somali,ET0506,Shabelle,2026-06-10,0.0,1-1.5,0.0001240743020611067
ETH,ET,Ethiopia,ET05,Somali,ET0502,Fafan,2026-06-10,0.0,1-1.5,0.0001240743020611067
ETH,ET,Ethiopia,ET05,Somali,ET0503,Jarar,2026-06-10,0.0,1-1.5,0.0001240743020611067
ETH,ET,Ethiopia,ET05,Somali,ET0501,Siti,2026-06-10,0.0,1-1.5,0.0001240743020611067
ETH,ET,Ethiopia,ET05,Somali,ET0508,Afder,2026-06-10,0.0,1-1.5,0.0001240743020611067
ETH,ET,Ethiopia,ET05,Somali,ET0504,Erer,2026-06-10,0.0,1-1.5,0.0001240743020611067
ETH,ET,Ethiopia,ET05,Somali,ET0509,Liban,2026-06-10,0.0,1-1.5,0.0001240743020611067
ETH,ET,Ethiopia,ET05,Somali,ET0507,Doolo,2026-06-10,0.0,1-1.5,0.0001240743020611067
ETH,ET,Ethiopia,ET05,Somali,ET0505,Korahe,2026-06-10,0.0,1-1.5,0.0001240743020611067
ETH,ET,Ethiopia,ET05,Somali,ET0511,Daawa,2026-06-10,0.0,1-1.5,0.0001240743020611067
ETH,ET,Ethiopia,ET16,Sidama,ET1600,Sidama,2026-06-11,0.0,1-1.5,5.138041408579077e-06
ETH,ET,Ethiopia,ET01,Tigray,ET0107,Mekelle,2026-06-11,0.0,1-1.5,0.0004829324745992898
ETH,ET,Ethiopia,ET01,Tigray,ET0104,Southern,2026-06-11,0.0,1-1.5,0.0004829324745992898
ETH,ET,Ethiopia,ET01,Tigray,ET0101,North Western,2026-06-11,0.0,1-1.5,0.0004829324745992898
ETH,ET,Ethiopia,ET01,Tigray,ET0102,Central,2026-06-11,0.0,1-1.5,0.0004829324745992898
ETH,ET,Ethiopia,ET01,Tigray,ET0105,Western,2026-06-11,0.0,1-1.5,0.0004829324745992898
ETH,ET,Ethiopia,ET01,Tigray,ET0106,South Eastern,2026-06-11,0.0,1-1.5,0.0004829324745992898
ETH,ET,Ethiopia,ET01,Tigray,ET0103,Eastern,2026-06-11,0.0,1-1.5,0.0004829324745992898
ETH,ET,Ethiopia,ET04,Oromia,ET0404,Jimma,2026-06-11,0.002841183,1-1.5,0.002017261535035107
ETH,ET,Ethiopia,ET04,Oromia,ET0410,East Hararge,2026-06-11,0.002841183,1-1.5,0.002017261535035107
ETH,ET,Ethiopia,ET04,Oromia,ET0409,West Hararge,2026-06-11,0.002841183,1-1.5,0.002017261535035107
ETH,ET,Ethiopia,ET04,Oromia,ET0401,West Wellega,2026-06-11,0.002841183,1-1.5,0.002017261535035107
ETH,ET,Ethiopia,ET04,Oromia,ET0408,Arsi,2026-06-11,0.002841183,1-1.5,0.002017261535035107
ETH,ET,Ethiopia,ET04,Oromia,ET0403,Ilu Aba Bora,2026-06-11,0.002841183,1-1.5,0.002017261535035107
ETH,ET,Ethiopia,ET04,Oromia,ET0407,East Shewa,2026-06-11,0.002841183,1-1.5,0.002017261535035107
ETH,ET,Ethiopia,ET04,Oromia,ET0405,West Shewa,2026-06-11,0.002841183,1-1.5,0.002017261535035107
ETH,ET,Ethiopia,ET04,Oromia,ET0406,North Shewa (OR),2026-06-11,0.002841183,1-1.5,0.002017261535035107
ETH,ET,Ethiopia,ET04,Oromia,ET0402,East Wellega,2026-06-11,0.002841183,1-1.5,0.002017261535035107
ETH,ET,Ethiopia,ET04,Oromia,ET0418,Kelem Wellega,2026-06-11,0.002841183,1-1.5,0.002017261535035107
ETH,ET,Ethiopia,ET04,Oromia,ET0411,Bale,2026-06-11,0.002841183,1-1.5,0.002017261535035107
ETH,ET,Ethiopia,ET04,Oromia,ET0416,Buno Bedele,2026-06-11,0.002841183,1-1.5,0.002017261535035107
ETH,ET,Ethiopia,ET04,Oromia,ET0421,East Bale,2026-06-11,0.002841183,1-1.5,0.002017261535035107
ETH,ET,Ethiopia,ET04,Oromia,ET0412,Borena,2026-06-11,0.002841183,1-1.5,0.002017261535035107
ETH,ET,Ethiopia,ET04,Oromia,ET0419,Horo Gudru Wellega,2026-06-11,0.002841183,1-1.5,0.002017261535035107
ETH,ET,Ethiopia,ET04,Oromia,ET0417,West Arsi,2026-06-11,0.002841183,1-1.5,0.002017261535035107
ETH,ET,Ethiopia,ET04,Oromia,ET0413,South West Shewa,2026-06-11,0.002841183,1-1.5,0.002017261535035107
ETH,ET,Ethiopia,ET04,Oromia,ET0415,West Guji,2026-06-11,0.002841183,1-1.5,0.002017261535035107
ETH,ET,Ethiopia,ET04,Oromia,ET0414,Guji,2026-06-11,0.002841183,1-1.5,0.002017261535035107
ETH,ET,Ethiopia,ET04,Oromia,ET0420,Finfine Special,2026-06-11,0.002841183,1-1.5,0.002017261535035107
ETH,ET,Ethiopia,ET07,SNNP,ET0701,Guraghe,2026-06-11,0.009378127,1-1.5,0.001417947917732156
ETH,ET,Ethiopia,ET07,SNNP,ET0724,Yem Special,2026-06-11,0.009378127,1-1.5,0.001417947917732156
ETH,ET,Ethiopia,ET07,SNNP,ET0721,Amaro,2026-06-11,0.009378127,1-1.5,0.001417947917732156
ETH,ET,Ethiopia,ET07,SNNP,ET0703,Kembata Tembaro,2026-06-11,0.009378127,1-1.5,0.001417947917732156
ETH,ET,Ethiopia,ET07,SNNP,ET0710,Gamo,2026-06-11,0.009378127,1-1.5,0.001417947917732156
ETH,ET,Ethiopia,ET07,SNNP,ET0720,Siltie,2026-06-11,0.009378127,1-1.5,0.001417947917732156
ETH,ET,Ethiopia,ET07,SNNP,ET0715,Gofa,2026-06-11,0.009378127,1-1.5,0.001417947917732156
ETH,ET,Ethiopia,ET07,SNNP,ET0713,Konso,2026-06-11,0.009378127,1-1.5,0.001417947917732156
ETH,ET,Ethiopia,ET07,SNNP,ET0723,Derashe,2026-06-11,0.009378127,1-1.5,0.001417947917732156
ETH,ET,Ethiopia,ET07,SNNP,ET0705,Gedeo,2026-06-11,0.009378127,1-1.5,0.001417947917732156
ETH,ET,Ethiopia,ET07,SNNP,ET0706,Wolayita,2026-06-11,0.009378127,1-1.5,0.001417947917732156
ETH,ET,Ethiopia,ET07,SNNP,ET0714,Halaba,2026-06-11,0.009378127,1-1.5,0.001417947917732156
ETH,ET,Ethiopia,ET07,SNNP,ET0722,Burji,2026-06-11,0.009378127,1-1.5,0.001417947917732156
ETH,ET,Ethiopia,ET07,SNNP,ET0707,South Omo,2026-06-11,0.009378127,1-1.5,0.001417947917732156
ETH,ET,Ethiopia,ET07,SNNP,ET0702,Hadiya,2026-06-11,0.009378127,1-1.5,0.001417947917732156
ETH,ET,Ethiopia,ET07,SNNP,ET0716,Basketo,2026-06-11,0.009378127,1-1.5,0.001417947917732156
ETH,ET,Ethiopia,ET07,SNNP,ET0712,Alle,2026-06-11,0.009378127,1-1.5,0.001417947917732156
ETH,ET,Ethiopia,ET15,Dire Dawa,ET1502,Dire Dawa rural,2026-06-11,0.0,1-1.5,0.0
ETH,ET,Ethiopia,ET15,Dire Dawa,ET1501,Dire Dawa urban,2026-06-11,0.0,1-1.5,0.0
ETH,ET,Ethiopia,ET06,Benishangul Gumz,ET0604,Kamashi,2026-06-11,0.021859262,>10,0.006052294164679753
ETH,ET,Ethiopia,ET06,Benishangul Gumz,ET0602,Metekel,2026-06-11,0.021859262,>10,0.006052294164679753
ETH,ET,Ethiopia,ET06,Benishangul Gumz,ET0605,Mao Komo Special,2026-06-11,0.021859262,>10,0.006052294164679753
ETH,ET,Ethiopia,ET06,Benishangul Gumz,ET0603,Assosa,2026-06-11,0.021859262,>10,0.006052294164679753
ETH,ET,Ethiopia,ET02,Afar,ET0201,Awsi /Zone 1,2026-06-11,0.0,1-1.5,0.003880315328106834
ETH,ET,Ethiopia,ET02,Afar,ET0204,Fanti /Zone 4,2026-06-11,0.0,1-1.5,0.003880315328106834
ETH,ET,Ethiopia,ET02,Afar,ET0205,Hari /Zone 5,2026-06-11,0.0,1-1.5,0.003880315328106834
ETH,ET,Ethiopia,ET02,Afar,ET0202,Kilbati /Zone2,2026-06-11,0.0,1-1.5,0.003880315328106834
ETH,ET,Ethiopia,ET02,Afar,ET0203,Gabi /Zone 3,2026-06-11,0.0,1-1.5,0.003880315328106834
ETH,ET,Ethiopia,ET03,Amhara,ET0307,West Gojam,2026-06-11,0.0,1-1.5,0.0003889225040315868
ETH,ET,Ethiopia,ET03,Amhara,ET0309,Awi,2026-06-11,0.0,1-1.5,0.0003889225040315868
ETH,ET,Ethiopia,ET03,Amhara,ET0305,North Shewa (AM),2026-06-11,0.0,1-1.5,0.0003889225040315868
ETH,ET,Ethiopia,ET03,Amhara,ET0302,South Gondar,2026-06-11,0.0,1-1.5,0.0003889225040315868
ETH,ET,Ethiopia,ET03,Amhara,ET0312,West Gondar,2026-06-11,0.0,1-1.5,0.0003889225040315868
ETH,ET,Ethiopia,ET03,Amhara,ET0310,Oromia,2026-06-11,0.0,1-1.5,0.0003889225040315868
ETH,ET,Ethiopia,ET03,Amhara,ET0304,South Wello,2026-06-11,0.0,1-1.5,0.0003889225040315868
ETH,ET,Ethiopia,ET03,Amhara,ET0301,North Gondar,2026-06-11,0.0,1-1.5,0.0003889225040315868
ETH,ET,Ethiopia,ET03,Amhara,ET0311,Central Gondar,2026-06-11,0.0,1-1.5,0.0003889225040315868
ETH,ET,Ethiopia,ET03,Amhara,ET0303,North Wello,2026-06-11,0.0,1-1.5,0.0003889225040315868
ETH,ET,Ethiopia,ET03,Amhara,ET0308,Wag Hamra,2026-06-11,0.0,1-1.5,0.0003889225040315868
ETH,ET,Ethiopia,ET03,Amhara,ET0306,East Gojam,2026-06-11,0.0,1-1.5,0.0003889225040315868
ETH,ET,Ethiopia,ET12,Gambela,ET1202,Agnewak,2026-06-11,0.0,1-1.5,0.0009355985673292625
ETH,ET,Ethiopia,ET12,Gambela,ET1204,Itang Special woreda,2026-06-11,0.0,1-1.5,0.0009355985673292625
ETH,ET,Ethiopia,ET12,Gambela,ET1203,Majang,2026-06-11,0.0,1-1.5,0.0009355985673292625
ETH,ET,Ethiopia,ET12,Gambela,ET1201,Nuwer,2026-06-11,0.0,1-1.5,0.0009355985673292625
ETH,ET,Ethiopia,ET13,Harari,ET1301,Harari,2026-06-11,0.0,1-1.5,7.030302976173433e-05
ETH,ET,Ethiopia,ET14,Addis Ababa,ET1401,Region 14,2026-06-11,0.0,1-1.5,3.721590801433195e-05
ETH,ET,Ethiopia,ET11,South West Ethiopia,ET1106,Konta Special,2026-06-11,0.00016039315,1-1.5,2.340102202589895e-05
ETH,ET,Ethiopia,ET11,South West Ethiopia,ET1105,Mirab Omo,2026-06-11,0.00016039315,1-1.5,2.340102202589895e-05
ETH,ET,Ethiopia,ET11,South West Ethiopia,ET1104,Dawuro,2026-06-11,0.00016039315,1-1.5,2.340102202589895e-05
ETH,ET,Ethiopia,ET11,South West Ethiopia,ET1101,Sheka,2026-06-11,0.00016039315,1-1.5,2.340102202589895e-05
ETH,ET,Ethiopia,ET11,South West Ethiopia,ET1103,Bench Sheko,2026-06-11,0.00016039315,1-1.5,2.340102202589895e-05
ETH,ET,Ethiopia,ET11,South West Ethiopia,ET1102,Kefa,2026-06-11,0.00016039315,1-1.5,2.340102202589895e-05
ETH,ET,Ethiopia,ET05,Somali,ET0510,Nogob,2026-06-11,0.0,1-1.5,0.0001285309961110638
ETH,ET,Ethiopia,ET05,Somali,ET0506,Shabelle,2026-06-11,0.0,1-1.5,0.0001285309961110638
ETH,ET,Ethiopia,ET05,Somali,ET0502,Fafan,2026-06-11,0.0,1-1.5,0.0001285309961110638
ETH,ET,Ethiopia,ET05,Somali,ET0503,Jarar,2026-06-11,0.0,1-1.5,0.0001285309961110638
ETH,ET,Ethiopia,ET05,Somali,ET0501,Siti,2026-06-11,0.0,1-1.5,0.0001285309961110638
ETH,ET,Ethiopia,ET05,Somali,ET0508,Afder,2026-06-11,0.0,1-1.5,0.0001285309961110638
ETH,ET,Ethiopia,ET05,Somali,ET0504,Erer,2026-06-11,0.0,1-1.5,0.0001285309961110638
ETH,ET,Ethiopia,ET05,Somali,ET0509,Liban,2026-06-11,0.0,1-1.5,0.0001285309961110638
ETH,ET,Ethiopia,ET05,Somali,ET0507,Doolo,2026-06-11,0.0,1-1.5,0.0001285309961110638
ETH,ET,Ethiopia,ET05,Somali,ET0505,Korahe,2026-06-11,0.0,1-1.5,0.0001285309961110638
ETH,ET,Ethiopia,ET05,Somali,ET0511,Daawa,2026-06-11,0.0,1-1.5,0.0001285309961110638
ETH,ET,Ethiopia,ET16,Sidama,ET1600,Sidama,2026-06-12,0.0,1-1.5,5.138041408579077e-06
ETH,ET,Ethiopia,ET01,Tigray,ET0107,Mekelle,2026-06-12,0.0,1-1.5,0.0004863098004283923
ETH,ET,Ethiopia,ET01,Tigray,ET0104,Southern,2026-06-12,0.0,1-1.5,0.0004863098004283923
ETH,ET,Ethiopia,ET01,Tigray,ET0101,North Western,2026-06-12,0.0,1-1.5,0.0004863098004283923
ETH,ET,Ethiopia,ET01,Tigray,ET0102,Central,2026-06-12,0.0,1-1.5,0.0004863098004283923
ETH,ET,Ethiopia,ET01,Tigray,ET0105,Western,2026-06-12,0.0,1-1.5,0.0004863098004283923
ETH,ET,Ethiopia,ET01,Tigray,ET0106,South Eastern,2026-06-12,0.0,1-1.5,0.0004863098004283923
ETH,ET,Ethiopia,ET01,Tigray,ET0103,Eastern,2026-06-12,0.0,1-1.5,0.0004863098004283923
ETH,ET,Ethiopia,ET04,Oromia,ET0404,Jimma,2026-06-12,0.0029452045,1-1.5,0.002000972528846681
ETH,ET,Ethiopia,ET04,Oromia,ET0410,East Hararge,2026-06-12,0.0029452045,1-1.5,0.002000972528846681
ETH,ET,Ethiopia,ET04,Oromia,ET0409,West Hararge,2026-06-12,0.0029452045,1-1.5,0.002000972528846681
ETH,ET,Ethiopia,ET04,Oromia,ET0401,West Wellega,2026-06-12,0.0029452045,1-1.5,0.002000972528846681
ETH,ET,Ethiopia,ET04,Oromia,ET0408,Arsi,2026-06-12,0.0029452045,1-1.5,0.002000972528846681
ETH,ET,Ethiopia,ET04,Oromia,ET0403,Ilu Aba Bora,2026-06-12,0.0029452045,1-1.5,0.002000972528846681
ETH,ET,Ethiopia,ET04,Oromia,ET0407,East Shewa,2026-06-12,0.0029452045,1-1.5,0.002000972528846681
ETH,ET,Ethiopia,ET04,Oromia,ET0405,West Shewa,2026-06-12,0.0029452045,1-1.5,0.002000972528846681
ETH,ET,Ethiopia,ET04,Oromia,ET0406,North Shewa (OR),2026-06-12,0.0029452045,1-1.5,0.002000972528846681
ETH,ET,Ethiopia,ET04,Oromia,ET0402,East Wellega,2026-06-12,0.0029452045,1-1.5,0.002000972528846681
ETH,ET,Ethiopia,ET04,Oromia,ET0418,Kelem Wellega,2026-06-12,0.0029452045,1-1.5,0.002000972528846681
ETH,ET,Ethiopia,ET04,Oromia,ET0411,Bale,2026-06-12,0.0029452045,1-1.5,0.002000972528846681
ETH,ET,Ethiopia,ET04,Oromia,ET0416,Buno Bedele,2026-06-12,0.0029452045,1-1.5,0.002000972528846681
ETH,ET,Ethiopia,ET04,Oromia,ET0421,East Bale,2026-06-12,0.0029452045,1-1.5,0.002000972528846681
ETH,ET,Ethiopia,ET04,Oromia,ET0412,Borena,2026-06-12,0.0029452045,1-1.5,0.002000972528846681
ETH,ET,Ethiopia,ET04,Oromia,ET0419,Horo Gudru Wellega,2026-06-12,0.0029452045,1-1.5,0.002000972528846681
ETH,ET,Ethiopia,ET04,Oromia,ET0417,West Arsi,2026-06-12,0.0029452045,1-1.5,0.002000972528846681
ETH,ET,Ethiopia,ET04,Oromia,ET0413,South West Shewa,2026-06-12,0.0029452045,1-1.5,0.002000972528846681
ETH,ET,Ethiopia,ET04,Oromia,ET0415,West Guji,2026-06-12,0.0029452045,1-1.5,0.002000972528846681
ETH,ET,Ethiopia,ET04,Oromia,ET0414,Guji,2026-06-12,0.0029452045,1-1.5,0.002000972528846681
ETH,ET,Ethiopia,ET04,Oromia,ET0420,Finfine Special,2026-06-12,0.0029452045,1-1.5,0.002000972528846681
ETH,ET,Ethiopia,ET07,SNNP,ET0701,Guraghe,2026-06-12,0.009370917,1-1.5,0.001385753651265986
ETH,ET,Ethiopia,ET07,SNNP,ET0724,Yem Special,2026-06-12,0.009370917,1-1.5,0.001385753651265986
ETH,ET,Ethiopia,ET07,SNNP,ET0721,Amaro,2026-06-12,0.009370917,1-1.5,0.001385753651265986
ETH,ET,Ethiopia,ET07,SNNP,ET0703,Kembata Tembaro,2026-06-12,0.009370917,1-1.5,0.001385753651265986
ETH,ET,Ethiopia,ET07,SNNP,ET0710,Gamo,2026-06-12,0.009370917,1-1.5,0.001385753651265986
ETH,ET,Ethiopia,ET07,SNNP,ET0720,Siltie,2026-06-12,0.009370917,1-1.5,0.001385753651265986
ETH,ET,Ethiopia,ET07,SNNP,ET0715,Gofa,2026-06-12,0.009370917,1-1.5,0.001385753651265986
ETH,ET,Ethiopia,ET07,SNNP,ET0713,Konso,2026-06-12,0.009370917,1-1.5,0.001385753651265986
ETH,ET,Ethiopia,ET07,SNNP,ET0723,Derashe,2026-06-12,0.009370917,1-1.5,0.001385753651265986
ETH,ET,Ethiopia,ET07,SNNP,ET0705,Gedeo,2026-06-12,0.009370917,1-1.5,0.001385753651265986
ETH,ET,Ethiopia,ET07,SNNP,ET0706,Wolayita,2026-06-12,0.009370917,1-1.5,0.001385753651265986
ETH,ET,Ethiopia,ET07,SNNP,ET0714,Halaba,2026-06-12,0.009370917,1-1.5,0.001385753651265986
ETH,ET,Ethiopia,ET07,SNNP,ET0722,Burji,2026-06-12,0.009370917,1-1.5,0.001385753651265986
ETH,ET,Ethiopia,ET07,SNNP,ET0707,South Omo,2026-06-12,0.009370917,1-1.5,0.001385753651265986
ETH,ET,Ethiopia,ET07,SNNP,ET0702,Hadiya,2026-06-12,0.009370917,1-1.5,0.001385753651265986
ETH,ET,Ethiopia,ET07,SNNP,ET0716,Basketo,2026-06-12,0.009370917,1-1.5,0.001385753651265986
ETH,ET,Ethiopia,ET07,SNNP,ET0712,Alle,2026-06-12,0.009370917,1-1.5,0.001385753651265986
ETH,ET,Ethiopia,ET15,Dire Dawa,ET1502,Dire Dawa rural,2026-06-12,0.0,1-1.5,0.0
ETH,ET,Ethiopia,ET15,Dire Dawa,ET1501,Dire Dawa urban,2026-06-12,0.0,1-1.5,0.0
ETH,ET,Ethiopia,ET06,Benishangul Gumz,ET0604,Kamashi,2026-06-12,0.02047951,>10,0.006047133750006398
ETH,ET,Ethiopia,ET06,Benishangul Gumz,ET0602,Metekel,2026-06-12,0.02047951,>10,0.006047133750006398
ETH,ET,Ethiopia,ET06,Benishangul Gumz,ET0605,Mao Komo Special,2026-06-12,0.02047951,>10,0.006047133750006398
ETH,ET,Ethiopia,ET06,Benishangul Gumz,ET0603,Assosa,2026-06-12,0.02047951,>10,0.006047133750006398
ETH,ET,Ethiopia,ET02,Afar,ET0201,Awsi /Zone 1,2026-06-12,0.0,1-1.5,0.003817714917055458
ETH,ET,Ethiopia,ET02,Afar,ET0204,Fanti /Zone 4,2026-06-12,0.0,1-1.5,0.003817714917055458
ETH,ET,Ethiopia,ET02,Afar,ET0205,Hari /Zone 5,2026-06-12,0.0,1-1.5,0.003817714917055458
ETH,ET,Ethiopia,ET02,Afar,ET0202,Kilbati /Zone2,2026-06-12,0.0,1-1.5,0.003817714917055458
ETH,ET,Ethiopia,ET02,Afar,ET0203,Gabi /Zone 3,2026-06-12,0.0,1-1.5,0.003817714917055458
ETH,ET,Ethiopia,ET03,Amhara,ET0307,West Gojam,2026-06-12,0.0,1-1.5,0.0003953882821981351
ETH,ET,Ethiopia,ET03,Amhara,ET0309,Awi,2026-06-12,0.0,1-1.5,0.0003953882821981351
ETH,ET,Ethiopia,ET03,Amhara,ET0305,North Shewa (AM),2026-06-12,0.0,1-1.5,0.0003953882821981351
ETH,ET,Ethiopia,ET03,Amhara,ET0302,South Gondar,2026-06-12,0.0,1-1.5,0.0003953882821981351
ETH,ET,Ethiopia,ET03,Amhara,ET0312,West Gondar,2026-06-12,0.0,1-1.5,0.0003953882821981351
ETH,ET,Ethiopia,ET03,Amhara,ET0310,Oromia,2026-06-12,0.0,1-1.5,0.0003953882821981351
ETH,ET,Ethiopia,ET03,Amhara,ET0304,South Wello,2026-06-12,0.0,1-1.5,0.0003953882821981351
ETH,ET,Ethiopia,ET03,Amhara,ET0301,North Gondar,2026-06-12,0.0,1-1.5,0.0003953882821981351
ETH,ET,Ethiopia,ET03,Amhara,ET0311,Central Gondar,2026-06-12,0.0,1-1.5,0.0003953882821981351
ETH,ET,Ethiopia,ET03,Amhara,ET0303,North Wello,2026-06-12,0.0,1-1.5,0.0003953882821981351
ETH,ET,Ethiopia,ET03,Amhara,ET0308,Wag Hamra,2026-06-12,0.0,1-1.5,0.0003953882821981351
ETH,ET,Ethiopia,ET03,Amhara,ET0306,East Gojam,2026-06-12,0.0,1-1.5,0.0003953882821981351
ETH,ET,Ethiopia,ET12,Gambela,ET1202,Agnewak,2026-06-12,0.0,1-1.5,0.0009241726228289985
ETH,ET,Ethiopia,ET12,Gambela,ET1204,Itang Special woreda,2026-06-12,0.0,1-1.5,0.0009241726228289985
ETH,ET,Ethiopia,ET12,Gambela,ET1203,Majang,2026-06-12,0.0,1-1.5,0.0009241726228289985
ETH,ET,Ethiopia,ET12,Gambela,ET1201,Nuwer,2026-06-12,0.0,1-1.5,0.0009241726228289985
ETH,ET,Ethiopia,ET13,Harari,ET1301,Harari,2026-06-12,0.0,1-1.5,7.030302976173434e-05
ETH,ET,Ethiopia,ET14,Addis Ababa,ET1401,Region 14,2026-06-12,0.0,1-1.5,3.63068171282066e-05
ETH,ET,Ethiopia,ET11,South West Ethiopia,ET1106,Konta Special,2026-06-12,1.8057694e-06,1-1.5,2.435445987368274e-05
ETH,ET,Ethiopia,ET11,South West Ethiopia,ET1105,Mirab Omo,2026-06-12,1.8057694e-06,1-1.5,2.435445987368274e-05
ETH,ET,Ethiopia,ET11,South West Ethiopia,ET1104,Dawuro,2026-06-12,1.8057694e-06,1-1.5,2.435445987368274e-05
ETH,ET,Ethiopia,ET11,South West Ethiopia,ET1101,Sheka,2026-06-12,1.8057694e-06,1-1.5,2.435445987368274e-05
ETH,ET,Ethiopia,ET11,South West Ethiopia,ET1103,Bench Sheko,2026-06-12,1.8057694e-06,1-1.5,2.435445987368274e-05
ETH,ET,Ethiopia,ET11,South West Ethiopia,ET1102,Kefa,2026-06-12,1.8057694e-06,1-1.5,2.435445987368274e-05
ETH,ET,Ethiopia,ET05,Somali,ET0510,Nogob,2026-06-12,0.0,1-1.5,0.0001398846284384399
ETH,ET,Ethiopia,ET05,Somali,ET0506,Shabelle,2026-06-12,0.0,1-1.5,0.0001398846284384399
ETH,ET,Ethiopia,ET05,Somali,ET0502,Fafan,2026-06-12,0.0,1-1.5,0.0001398846284384399
ETH,ET,Ethiopia,ET05,Somali,ET0503,Jarar,2026-06-12,0.0,1-1.5,0.0001398846284384399
ETH,ET,Ethiopia,ET05,Somali,ET0501,Siti,2026-06-12,0.0,1-1.5,0.0001398846284384399
ETH,ET,Ethiopia,ET05,Somali,ET0508,Afder,2026-06-12,0.0,1-1.5,0.0001398846284384399
ETH,ET,Ethiopia,ET05,Somali,ET0504,Erer,2026-06-12,0.0,1-1.5,0.0001398846284384399
ETH,ET,Ethiopia,ET05,Somali,ET0509,Liban,2026-06-12,0.0,1-1.5,0.0001398846284384399
ETH,ET,Ethiopia,ET05,Somali,ET0507,Doolo,2026-06-12,0.0,1-1.5,0.0001398846284384399
ETH,ET,Ethiopia,ET05,Somali,ET0505,Korahe,2026-06-12,0.0,1-1.5,0.0001398846284384399
ETH,ET,Ethiopia,ET05,Somali,ET0511,Daawa,2026-06-12,0.0,1-1.5,0.0001398846284384399
ETH,ET,Ethiopia,ET16,Sidama,ET1600,Sidama,2026-06-13,0.0,1-1.5,4.919984266135461e-06
ETH,ET,Ethiopia,ET01,Tigray,ET0107,Mekelle,2026-06-13,0.0,1-1.5,0.000520614257055482
ETH,ET,Ethiopia,ET01,Tigray,ET0104,Southern,2026-06-13,0.0,1-1.5,0.000520614257055482
ETH,ET,Ethiopia,ET01,Tigray,ET0101,North Western,2026-06-13,0.0,1-1.5,0.000520614257055482
ETH,ET,Ethiopia,ET01,Tigray,ET0102,Central,2026-06-13,0.0,1-1.5,0.000520614257055482
ETH,ET,Ethiopia,ET01,Tigray,ET0105,Western,2026-06-13,0.0,1-1.5,0.000520614257055482
ETH,ET,Ethiopia,ET01,Tigray,ET0106,South Eastern,2026-06-13,0.0,1-1.5,0.000520614257055482
ETH,ET,Ethiopia,ET01,Tigray,ET0103,Eastern,2026-06-13,0.0,1-1.5,0.000520614257055482
ETH,ET,Ethiopia,ET04,Oromia,ET0404,Jimma,2026-06-13,0.0028968647,1-1.5,0.001995541357477619
ETH,ET,Ethiopia,ET04,Oromia,ET0410,East Hararge,2026-06-13,0.0028968647,1-1.5,0.001995541357477619
ETH,ET,Ethiopia,ET04,Oromia,ET0409,West Hararge,2026-06-13,0.0028968647,1-1.5,0.001995541357477619
ETH,ET,Ethiopia,ET04,Oromia,ET0401,West Wellega,2026-06-13,0.0028968647,1-1.5,0.001995541357477619
ETH,ET,Ethiopia,ET04,Oromia,ET0408,Arsi,2026-06-13,0.0028968647,1-1.5,0.001995541357477619
ETH,ET,Ethiopia,ET04,Oromia,ET0403,Ilu Aba Bora,2026-06-13,0.0028968647,1-1.5,0.001995541357477619
ETH,ET,Ethiopia,ET04,Oromia,ET0407,East Shewa,2026-06-13,0.0028968647,1-1.5,0.001995541357477619
ETH,ET,Ethiopia,ET04,Oromia,ET0405,West Shewa,2026-06-13,0.0028968647,1-1.5,0.001995541357477619
ETH,ET,Ethiopia,ET04,Oromia,ET0406,North Shewa (OR),2026-06-13,0.0028968647,1-1.5,0.001995541357477619
ETH,ET,Ethiopia,ET04,Oromia,ET0402,East Wellega,2026-06-13,0.0028968647,1-1.5,0.001995541357477619
ETH,ET,Ethiopia,ET04,Oromia,ET0418,Kelem Wellega,2026-06-13,0.0028968647,1-1.5,0.001995541357477619
ETH,ET,Ethiopia,ET04,Oromia,ET0411,Bale,2026-06-13,0.0028968647,1-1.5,0.001995541357477619
ETH,ET,Ethiopia,ET04,Oromia,ET0416,Buno Bedele,2026-06-13,0.0028968647,1-1.5,0.001995541357477619
ETH,ET,Ethiopia,ET04,Oromia,ET0421,East Bale,2026-06-13,0.0028968647,1-1.5,0.001995541357477619
ETH,ET,Ethiopia,ET04,Oromia,ET0412,Borena,2026-06-13,0.0028968647,1-1.5,0.001995541357477619
ETH,ET,Ethiopia,ET04,Oromia,ET0419,Horo Gudru Wellega,2026-06-13,0.0028968647,1-1.5,0.001995541357477619
ETH,ET,Ethiopia,ET04,Oromia,ET0417,West Arsi,2026-06-13,0.0028968647,1-1.5,0.001995541357477619
ETH,ET,Ethiopia,ET04,Oromia,ET0413,South West Shewa,2026-06-13,0.0028968647,1-1.5,0.001995541357477619
ETH,ET,Ethiopia,ET04,Oromia,ET0415,West Guji,2026-06-13,0.0028968647,1-1.5,0.001995541357477619
ETH,ET,Ethiopia,ET04,Oromia,ET0414,Guji,2026-06-13,0.0028968647,1-1.5,0.001995541357477619
ETH,ET,Ethiopia,ET04,Oromia,ET0420,Finfine Special,2026-06-13,0.0028968647,1-1.5,0.001995541357477619
ETH,ET,Ethiopia,ET07,SNNP,ET0701,Guraghe,2026-06-13,0.009404873,1-1.5,0.001394230781112459
ETH,ET,Ethiopia,ET07,SNNP,ET0724,Yem Special,2026-06-13,0.009404873,1-1.5,0.001394230781112459
ETH,ET,Ethiopia,ET07,SNNP,ET0721,Amaro,2026-06-13,0.009404873,1-1.5,0.001394230781112459
ETH,ET,Ethiopia,ET07,SNNP,ET0703,Kembata Tembaro,2026-06-13,0.009404873,1-1.5,0.001394230781112459
ETH,ET,Ethiopia,ET07,SNNP,ET0710,Gamo,2026-06-13,0.009404873,1-1.5,0.001394230781112459
ETH,ET,Ethiopia,ET07,SNNP,ET0720,Siltie,2026-06-13,0.009404873,1-1.5,0.001394230781112459
ETH,ET,Ethiopia,ET07,SNNP,ET0715,Gofa,2026-06-13,0.009404873,1-1.5,0.001394230781112459
ETH,ET,Ethiopia,ET07,SNNP,ET0713,Konso,2026-06-13,0.009404873,1-1.5,0.001394230781112459
ETH,ET,Ethiopia,ET07,SNNP,ET0723,Derashe,2026-06-13,0.009404873,1-1.5,0.001394230781112459
ETH,ET,Ethiopia,ET07,SNNP,ET0705,Gedeo,2026-06-13,0.009404873,1-1.5,0.001394230781112459
ETH,ET,Ethiopia,ET07,SNNP,ET0706,Wolayita,2026-06-13,0.009404873,1-1.5,0.001394230781112459
ETH,ET,Ethiopia,ET07,SNNP,ET0714,Halaba,2026-06-13,0.009404873,1-1.5,0.001394230781112459
ETH,ET,Ethiopia,ET07,SNNP,ET0722,Burji,2026-06-13,0.009404873,1-1.5,0.001394230781112459
ETH,ET,Ethiopia,ET07,SNNP,ET0707,South Omo,2026-06-13,0.009404873,1-1.5,0.001394230781112459
ETH,ET,Ethiopia,ET07,SNNP,ET0702,Hadiya,2026-06-13,0.009404873,1-1.5,0.001394230781112459
ETH,ET,Ethiopia,ET07,SNNP,ET0716,Basketo,2026-06-13,0.009404873,1-1.5,0.001394230781112459
ETH,ET,Ethiopia,ET07,SNNP,ET0712,Alle,2026-06-13,0.009404873,1-1.5,0.001394230781112459
ETH,ET,Ethiopia,ET15,Dire Dawa,ET1502,Dire Dawa rural,2026-06-13,0.0,1-1.5,0.0
ETH,ET,Ethiopia,ET15,Dire Dawa,ET1501,Dire Dawa urban,2026-06-13,0.0,1-1.5,0.0
ETH,ET,Ethiopia,ET06,Benishangul Gumz,ET0604,Kamashi,2026-06-13,0.02136748,>10,0.006021164990423374
ETH,ET,Ethiopia,ET06,Benishangul Gumz,ET0602,Metekel,2026-06-13,0.02136748,>10,0.006021164990423374
ETH,ET,Ethiopia,ET06,Benishangul Gumz,ET0605,Mao Komo Special,2026-06-13,0.02136748,>10,0.006021164990423374
ETH,ET,Ethiopia,ET06,Benishangul Gumz,ET0603,Assosa,2026-06-13,0.02136748,>10,0.006021164990423374
ETH,ET,Ethiopia,ET02,Afar,ET0201,Awsi /Zone 1,2026-06-13,0.0,1-1.5,0.003753889873438642
ETH,ET,Ethiopia,ET02,Afar,ET0204,Fanti /Zone 4,2026-06-13,0.0,1-1.5,0.003753889873438642
ETH,ET,Ethiopia,ET02,Afar,ET0205,Hari /Zone 5,2026-06-13,0.0,1-1.5,0.003753889873438642
ETH,ET,Ethiopia,ET02,Afar,ET0202,Kilbati /Zone2,2026-06-13,0.0,1-1.5,0.003753889873438642
ETH,ET,Ethiopia,ET02,Afar,ET0203,Gabi /Zone 3,2026-06-13,0.0,1-1.5,0.003753889873438642
ETH,ET,Ethiopia,ET03,Amhara,ET0307,West Gojam,2026-06-13,0.0,1-1.5,0.0004137880365195428
ETH,ET,Ethiopia,ET03,Amhara,ET0309,Awi,2026-06-13,0.0,1-1.5,0.0004137880365195428
ETH,ET,Ethiopia,ET03,Amhara,ET0305,North Shewa (AM),2026-06-13,0.0,1-1.5,0.0004137880365195428
ETH,ET,Ethiopia,ET03,Amhara,ET0302,South Gondar,2026-06-13,0.0,1-1.5,0.0004137880365195428
ETH,ET,Ethiopia,ET03,Amhara,ET0312,West Gondar,2026-06-13,0.0,1-1.5,0.0004137880365195428
ETH,ET,Ethiopia,ET03,Amhara,ET0310,Oromia,2026-06-13,0.0,1-1.5,0.0004137880365195428
ETH,ET,Ethiopia,ET03,Amhara,ET0304,South Wello,2026-06-13,0.0,1-1.5,0.0004137880365195428
ETH,ET,Ethiopia,ET03,Amhara,ET0301,North Gondar,2026-06-13,0.0,1-1.5,0.0004137880365195428
ETH,ET,Ethiopia,ET03,Amhara,ET0311,Central Gondar,2026-06-13,0.0,1-1.5,0.0004137880365195428
ETH,ET,Ethiopia,ET03,Amhara,ET0303,North Wello,2026-06-13,0.0,1-1.5,0.0004137880365195428
ETH,ET,Ethiopia,ET03,Amhara,ET0308,Wag Hamra,2026-06-13,0.0,1-1.5,0.0004137880365195428
ETH,ET,Ethiopia,ET03,Amhara,ET0306,East Gojam,2026-06-13,0.0,1-1.5,0.0004137880365195428
ETH,ET,Ethiopia,ET12,Gambela,ET1202,Agnewak,2026-06-13,0.0,1-1.5,0.0009078836018240758
ETH,ET,Ethiopia,ET12,Gambela,ET1204,Itang Special woreda,2026-06-13,0.0,1-1.5,0.0009078836018240758
ETH,ET,Ethiopia,ET12,Gambela,ET1203,Majang,2026-06-13,0.0,1-1.5,0.0009078836018240758
ETH,ET,Ethiopia,ET12,Gambela,ET1201,Nuwer,2026-06-13,0.0,1-1.5,0.0009078836018240758
ETH,ET,Ethiopia,ET13,Harari,ET1301,Harari,2026-06-13,0.0,1-1.5,7.030302976173433e-05
ETH,ET,Ethiopia,ET14,Addis Ababa,ET1401,Region 14,2026-06-13,0.0,1-1.5,3.63068171282066e-05
ETH,ET,Ethiopia,ET11,South West Ethiopia,ET1106,Konta Special,2026-06-13,0.0,1-1.5,2.466198862123292e-05
ETH,ET,Ethiopia,ET11,South West Ethiopia,ET1105,Mirab Omo,2026-06-13,0.0,1-1.5,2.466198862123292e-05
ETH,ET,Ethiopia,ET11,South West Ethiopia,ET1104,Dawuro,2026-06-13,0.0,1-1.5,2.466198862123292e-05
ETH,ET,Ethiopia,ET11,South West Ethiopia,ET1101,Sheka,2026-06-13,0.0,1-1.5,2.466198862123292e-05
ETH,ET,Ethiopia,ET11,South West Ethiopia,ET1103,Bench Sheko,2026-06-13,0.0,1-1.5,2.466198862123292e-05
ETH,ET,Ethiopia,ET11,South West Ethiopia,ET1102,Kefa,2026-06-13,0.0,1-1.5,2.466198862123292e-05
ETH,ET,Ethiopia,ET05,Somali,ET0510,Nogob,2026-06-13,0.0,1-1.5,0.0001479880217437552
ETH,ET,Ethiopia,ET05,Somali,ET0506,Shabelle,2026-06-13,0.0,1-1.5,0.0001479880217437552
ETH,ET,Ethiopia,ET05,Somali,ET0502,Fafan,2026-06-13,0.0,1-1.5,0.0001479880217437552
ETH,ET,Ethiopia,ET05,Somali,ET0503,Jarar,2026-06-13,0.0,1-1.5,0.0001479880217437552
ETH,ET,Ethiopia,ET05,Somali,ET0501,Siti,2026-06-13,0.0,1-1.5,0.0001479880217437552
ETH,ET,Ethiopia,ET05,Somali,ET0508,Afder,2026-06-13,0.0,1-1.5,0.0001479880217437552
ETH,ET,Ethiopia,ET05,Somali,ET0504,Erer,2026-06-13,0.0,1-1.5,0.0001479880217437552
ETH,ET,Ethiopia,ET05,Somali,ET0509,Liban,2026-06-13,0.0,1-1.5,0.0001479880217437552
ETH,ET,Ethiopia,ET05,Somali,ET0507,Doolo,2026-06-13,0.0,1-1.5,0.0001479880217437552
ETH,ET,Ethiopia,ET05,Somali,ET0505,Korahe,2026-06-13,0.0,1-1.5,0.0001479880217437552
ETH,ET,Ethiopia,ET05,Somali,ET0511,Daawa,2026-06-13,0.0,1-1.5,0.0001479880217437552
ETH,ET,Ethiopia,ET16,Sidama,ET1600,Sidama,2026-06-14,0.0,1-1.5,5.227144645852439e-06
ETH,ET,Ethiopia,ET01,Tigray,ET0107,Mekelle,2026-06-14,0.0,1-1.5,0.0005642968891010014
ETH,ET,Ethiopia,ET01,Tigray,ET0104,Southern,2026-06-14,0.0,1-1.5,0.0005642968891010014
ETH,ET,Ethiopia,ET01,Tigray,ET0101,North Western,2026-06-14,0.0,1-1.5,0.0005642968891010014
ETH,ET,Ethiopia,ET01,Tigray,ET0102,Central,2026-06-14,0.0,1-1.5,0.0005642968891010014
ETH,ET,Ethiopia,ET01,Tigray,ET0105,Western,2026-06-14,0.0,1-1.5,0.0005642968891010014
ETH,ET,Ethiopia,ET01,Tigray,ET0106,South Eastern,2026-06-14,0.0,1-1.5,0.0005642968891010014
ETH,ET,Ethiopia,ET01,Tigray,ET0103,Eastern,2026-06-14,0.0,1-1.5,0.0005642968891010014
ETH,ET,Ethiopia,ET04,Oromia,ET0404,Jimma,2026-06-14,0.002954209,1-1.5,0.001989707852639681
ETH,ET,Ethiopia,ET04,Oromia,ET0410,East Hararge,2026-06-14,0.002954209,1-1.5,0.001989707852639681
ETH,ET,Ethiopia,ET04,Oromia,ET0409,West Hararge,2026-06-14,0.002954209,1-1.5,0.001989707852639681
ETH,ET,Ethiopia,ET04,Oromia,ET0401,West Wellega,2026-06-14,0.002954209,1-1.5,0.001989707852639681
ETH,ET,Ethiopia,ET04,Oromia,ET0408,Arsi,2026-06-14,0.002954209,1-1.5,0.001989707852639681
ETH,ET,Ethiopia,ET04,Oromia,ET0403,Ilu Aba Bora,2026-06-14,0.002954209,1-1.5,0.001989707852639681
ETH,ET,Ethiopia,ET04,Oromia,ET0407,East Shewa,2026-06-14,0.002954209,1-1.5,0.001989707852639681
ETH,ET,Ethiopia,ET04,Oromia,ET0405,West Shewa,2026-06-14,0.002954209,1-1.5,0.001989707852639681
ETH,ET,Ethiopia,ET04,Oromia,ET0406,North Shewa (OR),2026-06-14,0.002954209,1-1.5,0.001989707852639681
ETH,ET,Ethiopia,ET04,Oromia,ET0402,East Wellega,2026-06-14,0.002954209,1-1.5,0.001989707852639681
ETH,ET,Ethiopia,ET04,Oromia,ET0418,Kelem Wellega,2026-06-14,0.002954209,1-1.5,0.001989707852639681
ETH,ET,Ethiopia,ET04,Oromia,ET0411,Bale,2026-06-14,0.002954209,1-1.5,0.001989707852639681
ETH,ET,Ethiopia,ET04,Oromia,ET0416,Buno Bedele,2026-06-14,0.002954209,1-1.5,0.001989707852639681
ETH,ET,Ethiopia,ET04,Oromia,ET0421,East Bale,2026-06-14,0.002954209,1-1.5,0.001989707852639681
ETH,ET,Ethiopia,ET04,Oromia,ET0412,Borena,2026-06-14,0.002954209,1-1.5,0.001989707852639681
ETH,ET,Ethiopia,ET04,Oromia,ET0419,Horo Gudru Wellega,2026-06-14,0.002954209,1-1.5,0.001989707852639681
ETH,ET,Ethiopia,ET04,Oromia,ET0417,West Arsi,2026-06-14,0.002954209,1-1.5,0.001989707852639681
ETH,ET,Ethiopia,ET04,Oromia,ET0413,South West Shewa,2026-06-14,0.002954209,1-1.5,0.001989707852639681
ETH,ET,Ethiopia,ET04,Oromia,ET0415,West Guji,2026-06-14,0.002954209,1-1.5,0.001989707852639681
ETH,ET,Ethiopia,ET04,Oromia,ET0414,Guji,2026-06-14,0.002954209,1-1.5,0.001989707852639681
ETH,ET,Ethiopia,ET04,Oromia,ET0420,Finfine Special,2026-06-14,0.002954209,1-1.5,0.001989707852639681
ETH,ET,Ethiopia,ET07,SNNP,ET0701,Guraghe,2026-06-14,0.009826405,1.5-2,0.001405113440970044
ETH,ET,Ethiopia,ET07,SNNP,ET0724,Yem Special,2026-06-14,0.009826405,1.5-2,0.001405113440970044
ETH,ET,Ethiopia,ET07,SNNP,ET0721,Amaro,2026-06-14,0.009826405,1.5-2,0.001405113440970044
ETH,ET,Ethiopia,ET07,SNNP,ET0703,Kembata Tembaro,2026-06-14,0.009826405,1.5-2,0.001405113440970044
ETH,ET,Ethiopia,ET07,SNNP,ET0710,Gamo,2026-06-14,0.009826405,1.5-2,0.001405113440970044
ETH,ET,Ethiopia,ET07,SNNP,ET0720,Siltie,2026-06-14,0.009826405,1.5-2,0.001405113440970044
ETH,ET,Ethiopia,ET07,SNNP,ET0715,Gofa,2026-06-14,0.009826405,1.5-2,0.001405113440970044
ETH,ET,Ethiopia,ET07,SNNP,ET0713,Konso,2026-06-14,0.009826405,1.5-2,0.001405113440970044
ETH,ET,Ethiopia,ET07,SNNP,ET0723,Derashe,2026-06-14,0.009826405,1.5-2,0.001405113440970044
ETH,ET,Ethiopia,ET07,SNNP,ET0705,Gedeo,2026-06-14,0.009826405,1.5-2,0.001405113440970044
ETH,ET,Ethiopia,ET07,SNNP,ET0706,Wolayita,2026-06-14,0.009826405,1.5-2,0.001405113440970044
ETH,ET,Ethiopia,ET07,SNNP,ET0714,Halaba,2026-06-14,0.009826405,1.5-2,0.001405113440970044
ETH,ET,Ethiopia,ET07,SNNP,ET0722,Burji,2026-06-14,0.009826405,1.5-2,0.001405113440970044
ETH,ET,Ethiopia,ET07,SNNP,ET0707,South Omo,2026-06-14,0.009826405,1.5-2,0.001405113440970044
ETH,ET,Ethiopia,ET07,SNNP,ET0702,Hadiya,2026-06-14,0.009826405,1.5-2,0.001405113440970044
ETH,ET,Ethiopia,ET07,SNNP,ET0716,Basketo,2026-06-14,0.009826405,1.5-2,0.001405113440970044
ETH,ET,Ethiopia,ET07,SNNP,ET0712,Alle,2026-06-14,0.009826405,1.5-2,0.001405113440970044
ETH,ET,Ethiopia,ET15,Dire Dawa,ET1502,Dire Dawa rural,2026-06-14,0.0,1-1.5,0.0
ETH,ET,Ethiopia,ET15,Dire Dawa,ET1501,Dire Dawa urban,2026-06-14,0.0,1-1.5,0.0
ETH,ET,Ethiopia,ET06,Benishangul Gumz,ET0604,Kamashi,2026-06-14,0.022180956,>10,0.005981303714933713
ETH,ET,Ethiopia,ET06,Benishangul Gumz,ET0602,Metekel,2026-06-14,0.022180956,>10,0.005981303714933713
ETH,ET,Ethiopia,ET06,Benishangul Gumz,ET0605,Mao Komo Special,2026-06-14,0.022180956,>10,0.005981303714933713
ETH,ET,Ethiopia,ET06,Benishangul Gumz,ET0603,Assosa,2026-06-14,0.022180956,>10,0.005981303714933713
ETH,ET,Ethiopia,ET02,Afar,ET0201,Awsi /Zone 1,2026-06-14,0.0,1-1.5,0.003695418148179835
ETH,ET,Ethiopia,ET02,Afar,ET0204,Fanti /Zone 4,2026-06-14,0.0,1-1.5,0.003695418148179835
ETH,ET,Ethiopia,ET02,Afar,ET0205,Hari /Zone 5,2026-06-14,0.0,1-1.5,0.003695418148179835
ETH,ET,Ethiopia,ET02,Afar,ET0202,Kilbati /Zone2,2026-06-14,0.0,1-1.5,0.003695418148179835
ETH,ET,Ethiopia,ET02,Afar,ET0203,Gabi /Zone 3,2026-06-14,0.0,1-1.5,0.003695418148179835
ETH,ET,Ethiopia,ET03,Amhara,ET0307,West Gojam,2026-06-14,0.0,1-1.5,0.0004329121624668081
ETH,ET,Ethiopia,ET03,Amhara,ET0309,Awi,2026-06-14,0.0,1-1.5,0.0004329121624668081
ETH,ET,Ethiopia,ET03,Amhara,ET0305,North Shewa (AM),2026-06-14,0.0,1-1.5,0.0004329121624668081
ETH,ET,Ethiopia,ET03,Amhara,ET0302,South Gondar,2026-06-14,0.0,1-1.5,0.0004329121624668081
ETH,ET,Ethiopia,ET03,Amhara,ET0312,West Gondar,2026-06-14,0.0,1-1.5,0.0004329121624668081
ETH,ET,Ethiopia,ET03,Amhara,ET0310,Oromia,2026-06-14,0.0,1-1.5,0.0004329121624668081
ETH,ET,Ethiopia,ET03,Amhara,ET0304,South Wello,2026-06-14,0.0,1-1.5,0.0004329121624668081
ETH,ET,Ethiopia,ET03,Amhara,ET0301,North Gondar,2026-06-14,0.0,1-1.5,0.0004329121624668081
ETH,ET,Ethiopia,ET03,Amhara,ET0311,Central Gondar,2026-06-14,0.0,1-1.5,0.0004329121624668081
ETH,ET,Ethiopia,ET03,Amhara,ET0303,North Wello,2026-06-14,0.0,1-1.5,0.0004329121624668081
ETH,ET,Ethiopia,ET03,Amhara,ET0308,Wag Hamra,2026-06-14,0.0,1-1.5,0.0004329121624668081
ETH,ET,Ethiopia,ET03,Amhara,ET0306,East Gojam,2026-06-14,0.0,1-1.5,0.0004329121624668081
ETH,ET,Ethiopia,ET12,Gambela,ET1202,Agnewak,2026-06-14,0.0,1-1.5,0.000885879302024312
ETH,ET,Ethiopia,ET12,Gambela,ET1204,Itang Special woreda,2026-06-14,0.0,1-1.5,0.000885879302024312
ETH,ET,Ethiopia,ET12,Gambela,ET1203,Majang,2026-06-14,0.0,1-1.5,0.000885879302024312
ETH,ET,Ethiopia,ET12,Gambela,ET1201,Nuwer,2026-06-14,0.0,1-1.5,0.000885879302024312
ETH,ET,Ethiopia,ET13,Harari,ET1301,Harari,2026-06-14,0.0,1-1.5,7.030302976173434e-05
ETH,ET,Ethiopia,ET14,Addis Ababa,ET1401,Region 14,2026-06-14,0.0,1-1.5,3.562499898014886e-05
ETH,ET,Ethiopia,ET11,South West Ethiopia,ET1106,Konta Special,2026-06-14,0.0,1-1.5,2.355667220890402e-05
ETH,ET,Ethiopia,ET11,South West Ethiopia,ET1105,Mirab Omo,2026-06-14,0.0,1-1.5,2.355667220890402e-05
ETH,ET,Ethiopia,ET11,South West Ethiopia,ET1104,Dawuro,2026-06-14,0.0,1-1.5,2.355667220890402e-05
ETH,ET,Ethiopia,ET11,South West Ethiopia,ET1101,Sheka,2026-06-14,0.0,1-1.5,2.355667220890402e-05
ETH,ET,Ethiopia,ET11,South West Ethiopia,ET1103,Bench Sheko,2026-06-14,0.0,1-1.5,2.355667220890402e-05
ETH,ET,Ethiopia,ET11,South West Ethiopia,ET1102,Kefa,2026-06-14,0.0,1-1.5,2.355667220890402e-05
ETH,ET,Ethiopia,ET05,Somali,ET0510,Nogob,2026-06-14,0.0,1-1.5,0.0001514168337345513
ETH,ET,Ethiopia,ET05,Somali,ET0506,Shabelle,2026-06-14,0.0,1-1.5,0.0001514168337345513
ETH,ET,Ethiopia,ET05,Somali,ET0502,Fafan,2026-06-14,0.0,1-1.5,0.0001514168337345513
ETH,ET,Ethiopia,ET05,Somali,ET0503,Jarar,2026-06-14,0.0,1-1.5,0.0001514168337345513
ETH,ET,Ethiopia,ET05,Somali,ET0501,Siti,2026-06-14,0.0,1-1.5,0.0001514168337345513
ETH,ET,Ethiopia,ET05,Somali,ET0508,Afder,2026-06-14,0.0,1-1.5,0.0001514168337345513
ETH,ET,Ethiopia,ET05,Somali,ET0504,Erer,2026-06-14,0.0,1-1.5,0.0001514168337345513
ETH,ET,Ethiopia,ET05,Somali,ET0509,Liban,2026-06-14,0.0,1-1.5,0.0001514168337345513
ETH,ET,Ethiopia,ET05,Somali,ET0507,Doolo,2026-06-14,0.0,1-1.5,0.0001514168337345513
ETH,ET,Ethiopia,ET05,Somali,ET0505,Korahe,2026-06-14,0.0,1-1.5,0.0001514168337345513
ETH,ET,Ethiopia,ET05,Somali,ET0511,Daawa,2026-06-14,0.0,1-1.5,0.0001514168337345513
ETH,ET,Ethiopia,ET16,Sidama,ET1600,Sidama,2026-06-15,0.0,1-1.5,8.67731360730514e-06
ETH,ET,Ethiopia,ET01,Tigray,ET0107,Mekelle,2026-06-15,0.0,1-1.5,0.0005994768590361652
ETH,ET,Ethiopia,ET01,Tigray,ET0104,Southern,2026-06-15,0.0,1-1.5,0.0005994768590361652
ETH,ET,Ethiopia,ET01,Tigray,ET0101,North Western,2026-06-15,0.0,1-1.5,0.0005994768590361652
ETH,ET,Ethiopia,ET01,Tigray,ET0102,Central,2026-06-15,0.0,1-1.5,0.0005994768590361652
ETH,ET,Ethiopia,ET01,Tigray,ET0105,Western,2026-06-15,0.0,1-1.5,0.0005994768590361652
ETH,ET,Ethiopia,ET01,Tigray,ET0106,South Eastern,2026-06-15,0.0,1-1.5,0.0005994768590361652
ETH,ET,Ethiopia,ET01,Tigray,ET0103,Eastern,2026-06-15,0.0,1-1.5,0.0005994768590361652
ETH,ET,Ethiopia,ET04,Oromia,ET0404,Jimma,2026-06-15,0.0033661164,1-1.5,0.001995225595469078
ETH,ET,Ethiopia,ET04,Oromia,ET0410,East Hararge,2026-06-15,0.0033661164,1-1.5,0.001995225595469078
ETH,ET,Ethiopia,ET04,Oromia,ET0409,West Hararge,2026-06-15,0.0033661164,1-1.5,0.001995225595469078
ETH,ET,Ethiopia,ET04,Oromia,ET0401,West Wellega,2026-06-15,0.0033661164,1-1.5,0.001995225595469078
ETH,ET,Ethiopia,ET04,Oromia,ET0408,Arsi,2026-06-15,0.0033661164,1-1.5,0.001995225595469078
ETH,ET,Ethiopia,ET04,Oromia,ET0403,Ilu Aba Bora,2026-06-15,0.0033661164,1-1.5,0.001995225595469078
ETH,ET,Ethiopia,ET04,Oromia,ET0407,East Shewa,2026-06-15,0.0033661164,1-1.5,0.001995225595469078
ETH,ET,Ethiopia,ET04,Oromia,ET0405,West Shewa,2026-06-15,0.0033661164,1-1.5,0.001995225595469078
ETH,ET,Ethiopia,ET04,Oromia,ET0406,North Shewa (OR),2026-06-15,0.0033661164,1-1.5,0.001995225595469078
ETH,ET,Ethiopia,ET04,Oromia,ET0402,East Wellega,2026-06-15,0.0033661164,1-1.5,0.001995225595469078
ETH,ET,Ethiopia,ET04,Oromia,ET0418,Kelem Wellega,2026-06-15,0.0033661164,1-1.5,0.001995225595469078
ETH,ET,Ethiopia,ET04,Oromia,ET0411,Bale,2026-06-15,0.0033661164,1-1.5,0.001995225595469078
ETH,ET,Ethiopia,ET04,Oromia,ET0416,Buno Bedele,2026-06-15,0.0033661164,1-1.5,0.001995225595469078
ETH,ET,Ethiopia,ET04,Oromia,ET0421,East Bale,2026-06-15,0.0033661164,1-1.5,0.001995225595469078
ETH,ET,Ethiopia,ET04,Oromia,ET0412,Borena,2026-06-15,0.0033661164,1-1.5,0.001995225595469078
ETH,ET,Ethiopia,ET04,Oromia,ET0419,Horo Gudru Wellega,2026-06-15,0.0033661164,1-1.5,0.001995225595469078
ETH,ET,Ethiopia,ET04,Oromia,ET0417,West Arsi,2026-06-15,0.0033661164,1-1.5,0.001995225595469078
ETH,ET,Ethiopia,ET04,Oromia,ET0413,South West Shewa,2026-06-15,0.0033661164,1-1.5,0.001995225595469078
ETH,ET,Ethiopia,ET04,Oromia,ET0415,West Guji,2026-06-15,0.0033661164,1-1.5,0.001995225595469078
ETH,ET,Ethiopia,ET04,Oromia,ET0414,Guji,2026-06-15,0.0033661164,1-1.5,0.001995225595469078
ETH,ET,Ethiopia,ET04,Oromia,ET0420,Finfine Special,2026-06-15,0.0033661164,1-1.5,0.001995225595469078
ETH,ET,Ethiopia,ET07,SNNP,ET0701,Guraghe,2026-06-15,0.010157293,1.5-2,0.001414411762115461
ETH,ET,Ethiopia,ET07,SNNP,ET0724,Yem Special,2026-06-15,0.010157293,1.5-2,0.001414411762115461
ETH,ET,Ethiopia,ET07,SNNP,ET0721,Amaro,2026-06-15,0.010157293,1.5-2,0.001414411762115461
ETH,ET,Ethiopia,ET07,SNNP,ET0703,Kembata Tembaro,2026-06-15,0.010157293,1.5-2,0.001414411762115461
ETH,ET,Ethiopia,ET07,SNNP,ET0710,Gamo,2026-06-15,0.010157293,1.5-2,0.001414411762115461
ETH,ET,Ethiopia,ET07,SNNP,ET0720,Siltie,2026-06-15,0.010157293,1.5-2,0.001414411762115461
ETH,ET,Ethiopia,ET07,SNNP,ET0715,Gofa,2026-06-15,0.010157293,1.5-2,0.001414411762115461
ETH,ET,Ethiopia,ET07,SNNP,ET0713,Konso,2026-06-15,0.010157293,1.5-2,0.001414411762115461
ETH,ET,Ethiopia,ET07,SNNP,ET0723,Derashe,2026-06-15,0.010157293,1.5-2,0.001414411762115461
ETH,ET,Ethiopia,ET07,SNNP,ET0705,Gedeo,2026-06-15,0.010157293,1.5-2,0.001414411762115461
ETH,ET,Ethiopia,ET07,SNNP,ET0706,Wolayita,2026-06-15,0.010157293,1.5-2,0.001414411762115461
ETH,ET,Ethiopia,ET07,SNNP,ET0714,Halaba,2026-06-15,0.010157293,1.5-2,0.001414411762115461
ETH,ET,Ethiopia,ET07,SNNP,ET0722,Burji,2026-06-15,0.010157293,1.5-2,0.001414411762115461
ETH,ET,Ethiopia,ET07,SNNP,ET0707,South Omo,2026-06-15,0.010157293,1.5-2,0.001414411762115461
ETH,ET,Ethiopia,ET07,SNNP,ET0702,Hadiya,2026-06-15,0.010157293,1.5-2,0.001414411762115461
ETH,ET,Ethiopia,ET07,SNNP,ET0716,Basketo,2026-06-15,0.010157293,1.5-2,0.001414411762115461
ETH,ET,Ethiopia,ET07,SNNP,ET0712,Alle,2026-06-15,0.010157293,1.5-2,0.001414411762115461
ETH,ET,Ethiopia,ET15,Dire Dawa,ET1502,Dire Dawa rural,2026-06-15,0.0,1-1.5,0.0
ETH,ET,Ethiopia,ET15,Dire Dawa,ET1501,Dire Dawa urban,2026-06-15,0.0,1-1.5,0.0
ETH,ET,Ethiopia,ET06,Benishangul Gumz,ET0604,Kamashi,2026-06-15,0.022553107,>10,0.005957278363528154
ETH,ET,Ethiopia,ET06,Benishangul Gumz,ET0602,Metekel,2026-06-15,0.022553107,>10,0.005957278363528154
ETH,ET,Ethiopia,ET06,Benishangul Gumz,ET0605,Mao Komo Special,2026-06-15,0.022553107,>10,0.005957278363528154
ETH,ET,Ethiopia,ET06,Benishangul Gumz,ET0603,Assosa,2026-06-15,0.022553107,>10,0.005957278363528154
ETH,ET,Ethiopia,ET02,Afar,ET0201,Awsi /Zone 1,2026-06-15,0.0,1-1.5,0.003614989954009864
ETH,ET,Ethiopia,ET02,Afar,ET0204,Fanti /Zone 4,2026-06-15,0.0,1-1.5,0.003614989954009864
ETH,ET,Ethiopia,ET02,Afar,ET0205,Hari /Zone 5,2026-06-15,0.0,1-1.5,0.003614989954009864
ETH,ET,Ethiopia,ET02,Afar,ET0202,Kilbati /Zone2,2026-06-15,0.0,1-1.5,0.003614989954009864
ETH,ET,Ethiopia,ET02,Afar,ET0203,Gabi /Zone 3,2026-06-15,0.0,1-1.5,0.003614989954009864
ETH,ET,Ethiopia,ET03,Amhara,ET0307,West Gojam,2026-06-15,0.00021127757,1-1.5,0.000447526191910199
ETH,ET,Ethiopia,ET03,Amhara,ET0309,Awi,2026-06-15,0.00021127757,1-1.5,0.000447526191910199
ETH,ET,Ethiopia,ET03,Amhara,ET0305,North Shewa (AM),2026-06-15,0.00021127757,1-1.5,0.000447526191910199
ETH,ET,Ethiopia,ET03,Amhara,ET0302,South Gondar,2026-06-15,0.00021127757,1-1.5,0.000447526191910199
ETH,ET,Ethiopia,ET03,Amhara,ET0312,West Gondar,2026-06-15,0.00021127757,1-1.5,0.000447526191910199
ETH,ET,Ethiopia,ET03,Amhara,ET0310,Oromia,2026-06-15,0.00021127757,1-1.5,0.000447526191910199
ETH,ET,Ethiopia,ET03,Amhara,ET0304,South Wello,2026-06-15,0.00021127757,1-1.5,0.000447526191910199
ETH,ET,Ethiopia,ET03,Amhara,ET0301,North Gondar,2026-06-15,0.00021127757,1-1.5,0.000447526191910199
ETH,ET,Ethiopia,ET03,Amhara,ET0311,Central Gondar,2026-06-15,0.00021127757,1-1.5,0.000447526191910199
ETH,ET,Ethiopia,ET03,Amhara,ET0303,North Wello,2026-06-15,0.00021127757,1-1.5,0.000447526191910199
ETH,ET,Ethiopia,ET03,Amhara,ET0308,Wag Hamra,2026-06-15,0.00021127757,1-1.5,0.000447526191910199
ETH,ET,Ethiopia,ET03,Amhara,ET0306,East Gojam,2026-06-15,0.00021127757,1-1.5,0.000447526191910199
ETH,ET,Ethiopia,ET12,Gambela,ET1202,Agnewak,2026-06-15,0.0,1-1.5,0.000854023442761073
ETH,ET,Ethiopia,ET12,Gambela,ET1204,Itang Special woreda,2026-06-15,0.0,1-1.5,0.000854023442761073
ETH,ET,Ethiopia,ET12,Gambela,ET1203,Majang,2026-06-15,0.0,1-1.5,0.000854023442761073
ETH,ET,Ethiopia,ET12,Gambela,ET1201,Nuwer,2026-06-15,0.0,1-1.5,0.000854023442761073
ETH,ET,Ethiopia,ET13,Harari,ET1301,Harari,2026-06-15,0.0,1-1.5,7.030302976173434e-05
ETH,ET,Ethiopia,ET14,Addis Ababa,ET1401,Region 14,2026-06-15,0.0,1-1.5,7.852272782739336e-05
ETH,ET,Ethiopia,ET11,South West Ethiopia,ET1106,Konta Special,2026-06-15,0.0,1-1.5,1.89528472648445e-05
ETH,ET,Ethiopia,ET11,South West Ethiopia,ET1105,Mirab Omo,2026-06-15,0.0,1-1.5,1.89528472648445e-05
ETH,ET,Ethiopia,ET11,South West Ethiopia,ET1104,Dawuro,2026-06-15,0.0,1-1.5,1.89528472648445e-05
ETH,ET,Ethiopia,ET11,South West Ethiopia,ET1101,Sheka,2026-06-15,0.0,1-1.5,1.89528472648445e-05
ETH,ET,Ethiopia,ET11,South West Ethiopia,ET1103,Bench Sheko,2026-06-15,0.0,1-1.5,1.89528472648445e-05
ETH,ET,Ethiopia,ET11,South West Ethiopia,ET1102,Kefa,2026-06-15,0.0,1-1.5,1.89528472648445e-05
ETH,ET,Ethiopia,ET05,Somali,ET0510,Nogob,2026-06-15,0.0,1-1.5,0.0001567620892857991
ETH,ET,Ethiopia,ET05,Somali,ET0506,Shabelle,2026-06-15,0.0,1-1.5,0.0001567620892857991
ETH,ET,Ethiopia,ET05,Somali,ET0502,Fafan,2026-06-15,0.0,1-1.5,0.0001567620892857991
ETH,ET,Ethiopia,ET05,Somali,ET0503,Jarar,2026-06-15,0.0,1-1.5,0.0001567620892857991
ETH,ET,Ethiopia,ET05,Somali,ET0501,Siti,2026-06-15,0.0,1-1.5,0.0001567620892857991
ETH,ET,Ethiopia,ET05,Somali,ET0508,Afder,2026-06-15,0.0,1-1.5,0.0001567620892857991
ETH,ET,Ethiopia,ET05,Somali,ET0504,Erer,2026-06-15,0.0,1-1.5,0.0001567620892857991
ETH,ET,Ethiopia,ET05,Somali,ET0509,Liban,2026-06-15,0.0,1-1.5,0.0001567620892857991
ETH,ET,Ethiopia,ET05,Somali,ET0507,Doolo,2026-06-15,0.0,1-1.5,0.0001567620892857991
ETH,ET,Ethiopia,ET05,Somali,ET0505,Korahe,2026-06-15,0.0,1-1.5,0.0001567620892857991
ETH,ET,Ethiopia,ET05,Somali,ET0511,Daawa,2026-06-15,0.0,1-1.5,0.0001567620892857991
ETH,ET,Ethiopia,ET16,Sidama,ET1600,Sidama,2026-06-16,0.0,1-1.5,8.67731360730514e-06
ETH,ET,Ethiopia,ET01,Tigray,ET0107,Mekelle,2026-06-16,0.000489846,1-1.5,0.0006536646282548666
ETH,ET,Ethiopia,ET01,Tigray,ET0104,Southern,2026-06-16,0.000489846,1-1.5,0.0006536646282548666
ETH,ET,Ethiopia,ET01,Tigray,ET0101,North Western,2026-06-16,0.000489846,1-1.5,0.0006536646282548666
ETH,ET,Ethiopia,ET01,Tigray,ET0102,Central,2026-06-16,0.000489846,1-1.5,0.0006536646282548666
ETH,ET,Ethiopia,ET01,Tigray,ET0105,Western,2026-06-16,0.000489846,1-1.5,0.0006536646282548666
ETH,ET,Ethiopia,ET01,Tigray,ET0106,South Eastern,2026-06-16,0.000489846,1-1.5,0.0006536646282548666
ETH,ET,Ethiopia,ET01,Tigray,ET0103,Eastern,2026-06-16,0.000489846,1-1.5,0.0006536646282548666
ETH,ET,Ethiopia,ET04,Oromia,ET0404,Jimma,2026-06-16,0.0032654707,1-1.5,0.001989728681457398
ETH,ET,Ethiopia,ET04,Oromia,ET0410,East Hararge,2026-06-16,0.0032654707,1-1.5,0.001989728681457398
ETH,ET,Ethiopia,ET04,Oromia,ET0409,West Hararge,2026-06-16,0.0032654707,1-1.5,0.001989728681457398
ETH,ET,Ethiopia,ET04,Oromia,ET0401,West Wellega,2026-06-16,0.0032654707,1-1.5,0.001989728681457398
ETH,ET,Ethiopia,ET04,Oromia,ET0408,Arsi,2026-06-16,0.0032654707,1-1.5,0.001989728681457398
ETH,ET,Ethiopia,ET04,Oromia,ET0403,Ilu Aba Bora,2026-06-16,0.0032654707,1-1.5,0.001989728681457398
ETH,ET,Ethiopia,ET04,Oromia,ET0407,East Shewa,2026-06-16,0.0032654707,1-1.5,0.001989728681457398
ETH,ET,Ethiopia,ET04,Oromia,ET0405,West Shewa,2026-06-16,0.0032654707,1-1.5,0.001989728681457398
ETH,ET,Ethiopia,ET04,Oromia,ET0406,North Shewa (OR),2026-06-16,0.0032654707,1-1.5,0.001989728681457398
ETH,ET,Ethiopia,ET04,Oromia,ET0402,East Wellega,2026-06-16,0.0032654707,1-1.5,0.001989728681457398
ETH,ET,Ethiopia,ET04,Oromia,ET0418,Kelem Wellega,2026-06-16,0.0032654707,1-1.5,0.001989728681457398
ETH,ET,Ethiopia,ET04,Oromia,ET0411,Bale,2026-06-16,0.0032654707,1-1.5,0.001989728681457398
ETH,ET,Ethiopia,ET04,Oromia,ET0416,Buno Bedele,2026-06-16,0.0032654707,1-1.5,0.001989728681457398
ETH,ET,Ethiopia,ET04,Oromia,ET0421,East Bale,2026-06-16,0.0032654707,1-1.5,0.001989728681457398
ETH,ET,Ethiopia,ET04,Oromia,ET0412,Borena,2026-06-16,0.0032654707,1-1.5,0.001989728681457398
ETH,ET,Ethiopia,ET04,Oromia,ET0419,Horo Gudru Wellega,2026-06-16,0.0032654707,1-1.5,0.001989728681457398
ETH,ET,Ethiopia,ET04,Oromia,ET0417,West Arsi,2026-06-16,0.0032654707,1-1.5,0.001989728681457398
ETH,ET,Ethiopia,ET04,Oromia,ET0413,South West Shewa,2026-06-16,0.0032654707,1-1.5,0.001989728681457398
ETH,ET,Ethiopia,ET04,Oromia,ET0415,West Guji,2026-06-16,0.0032654707,1-1.5,0.001989728681457398
ETH,ET,Ethiopia,ET04,Oromia,ET0414,Guji,2026-06-16,0.0032654707,1-1.5,0.001989728681457398
ETH,ET,Ethiopia,ET04,Oromia,ET0420,Finfine Special,2026-06-16,0.0032654707,1-1.5,0.001989728681457398
ETH,ET,Ethiopia,ET07,SNNP,ET0701,Guraghe,2026-06-16,0.010073408,1.5-2,0.001423611896990968
ETH,ET,Ethiopia,ET07,SNNP,ET0724,Yem Special,2026-06-16,0.010073408,1.5-2,0.001423611896990968
ETH,ET,Ethiopia,ET07,SNNP,ET0721,Amaro,2026-06-16,0.010073408,1.5-2,0.001423611896990968
ETH,ET,Ethiopia,ET07,SNNP,ET0703,Kembata Tembaro,2026-06-16,0.010073408,1.5-2,0.001423611896990968
ETH,ET,Ethiopia,ET07,SNNP,ET0710,Gamo,2026-06-16,0.010073408,1.5-2,0.001423611896990968
ETH,ET,Ethiopia,ET07,SNNP,ET0720,Siltie,2026-06-16,0.010073408,1.5-2,0.001423611896990968
ETH,ET,Ethiopia,ET07,SNNP,ET0715,Gofa,2026-06-16,0.010073408,1.5-2,0.001423611896990968
ETH,ET,Ethiopia,ET07,SNNP,ET0713,Konso,2026-06-16,0.010073408,1.5-2,0.001423611896990968
ETH,ET,Ethiopia,ET07,SNNP,ET0723,Derashe,2026-06-16,0.010073408,1.5-2,0.001423611896990968
ETH,ET,Ethiopia,ET07,SNNP,ET0705,Gedeo,2026-06-16,0.010073408,1.5-2,0.001423611896990968
ETH,ET,Ethiopia,ET07,SNNP,ET0706,Wolayita,2026-06-16,0.010073408,1.5-2,0.001423611896990968
ETH,ET,Ethiopia,ET07,SNNP,ET0714,Halaba,2026-06-16,0.010073408,1.5-2,0.001423611896990968
ETH,ET,Ethiopia,ET07,SNNP,ET0722,Burji,2026-06-16,0.010073408,1.5-2,0.001423611896990968
ETH,ET,Ethiopia,ET07,SNNP,ET0707,South Omo,2026-06-16,0.010073408,1.5-2,0.001423611896990968
ETH,ET,Ethiopia,ET07,SNNP,ET0702,Hadiya,2026-06-16,0.010073408,1.5-2,0.001423611896990968
ETH,ET,Ethiopia,ET07,SNNP,ET0716,Basketo,2026-06-16,0.010073408,1.5-2,0.001423611896990968
ETH,ET,Ethiopia,ET07,SNNP,ET0712,Alle,2026-06-16,0.010073408,1.5-2,0.001423611896990968
ETH,ET,Ethiopia,ET15,Dire Dawa,ET1502,Dire Dawa rural,2026-06-16,0.0,1-1.5,0.0
ETH,ET,Ethiopia,ET15,Dire Dawa,ET1501,Dire Dawa urban,2026-06-16,0.0,1-1.5,0.0
ETH,ET,Ethiopia,ET06,Benishangul Gumz,ET0604,Kamashi,2026-06-16,0.020730818,>10,0.005950404853898564
ETH,ET,Ethiopia,ET06,Benishangul Gumz,ET0602,Metekel,2026-06-16,0.020730818,>10,0.005950404853898564
ETH,ET,Ethiopia,ET06,Benishangul Gumz,ET0605,Mao Komo Special,2026-06-16,0.020730818,>10,0.005950404853898564
ETH,ET,Ethiopia,ET06,Benishangul Gumz,ET0603,Assosa,2026-06-16,0.020730818,>10,0.005950404853898564
ETH,ET,Ethiopia,ET02,Afar,ET0201,Awsi /Zone 1,2026-06-16,0.0,1-1.5,0.003530917725319424
ETH,ET,Ethiopia,ET02,Afar,ET0204,Fanti /Zone 4,2026-06-16,0.0,1-1.5,0.003530917725319424
ETH,ET,Ethiopia,ET02,Afar,ET0205,Hari /Zone 5,2026-06-16,0.0,1-1.5,0.003530917725319424
ETH,ET,Ethiopia,ET02,Afar,ET0202,Kilbati /Zone2,2026-06-16,0.0,1-1.5,0.003530917725319424
ETH,ET,Ethiopia,ET02,Afar,ET0203,Gabi /Zone 3,2026-06-16,0.0,1-1.5,0.003530917725319424
ETH,ET,Ethiopia,ET03,Amhara,ET0307,West Gojam,2026-06-16,0.00047229792,1-1.5,0.0004380201635166291
ETH,ET,Ethiopia,ET03,Amhara,ET0309,Awi,2026-06-16,0.00047229792,1-1.5,0.0004380201635166291
ETH,ET,Ethiopia,ET03,Amhara,ET0305,North Shewa (AM),2026-06-16,0.00047229792,1-1.5,0.0004380201635166291
ETH,ET,Ethiopia,ET03,Amhara,ET0302,South Gondar,2026-06-16,0.00047229792,1-1.5,0.0004380201635166291
ETH,ET,Ethiopia,ET03,Amhara,ET0312,West Gondar,2026-06-16,0.00047229792,1-1.5,0.0004380201635166291
ETH,ET,Ethiopia,ET03,Amhara,ET0310,Oromia,2026-06-16,0.00047229792,1-1.5,0.0004380201635166291
ETH,ET,Ethiopia,ET03,Amhara,ET0304,South Wello,2026-06-16,0.00047229792,1-1.5,0.0004380201635166291
ETH,ET,Ethiopia,ET03,Amhara,ET0301,North Gondar,2026-06-16,0.00047229792,1-1.5,0.0004380201635166291
ETH,ET,Ethiopia,ET03,Amhara,ET0311,Central Gondar,2026-06-16,0.00047229792,1-1.5,0.0004380201635166291
ETH,ET,Ethiopia,ET03,Amhara,ET0303,North Wello,2026-06-16,0.00047229792,1-1.5,0.0004380201635166291
ETH,ET,Ethiopia,ET03,Amhara,ET0308,Wag Hamra,2026-06-16,0.00047229792,1-1.5,0.0004380201635166291
ETH,ET,Ethiopia,ET03,Amhara,ET0306,East Gojam,2026-06-16,0.00047229792,1-1.5,0.0004380201635166291
ETH,ET,Ethiopia,ET12,Gambela,ET1202,Agnewak,2026-06-16,0.0,1-1.5,0.0008309454244061437
ETH,ET,Ethiopia,ET12,Gambela,ET1204,Itang Special woreda,2026-06-16,0.0,1-1.5,0.0008309454244061437
ETH,ET,Ethiopia,ET12,Gambela,ET1203,Majang,2026-06-16,0.0,1-1.5,0.0008309454244061437
ETH,ET,Ethiopia,ET12,Gambela,ET1201,Nuwer,2026-06-16,0.0,1-1.5,0.0008309454244061437
ETH,ET,Ethiopia,ET13,Harari,ET1301,Harari,2026-06-16,0.0,1-1.5,5.333333339711481e-05
ETH,ET,Ethiopia,ET14,Addis Ababa,ET1401,Region 14,2026-06-16,0.0,1-1.5,7.715909146513282e-05
ETH,ET,Ethiopia,ET11,South West Ethiopia,ET1106,Konta Special,2026-06-16,0.0,1-1.5,1.801504329870857e-05
ETH,ET,Ethiopia,ET11,South West Ethiopia,ET1105,Mirab Omo,2026-06-16,0.0,1-1.5,1.801504329870857e-05
ETH,ET,Ethiopia,ET11,South West Ethiopia,ET1104,Dawuro,2026-06-16,0.0,1-1.5,1.801504329870857e-05
ETH,ET,Ethiopia,ET11,South West Ethiopia,ET1101,Sheka,2026-06-16,0.0,1-1.5,1.801504329870857e-05
ETH,ET,Ethiopia,ET11,South West Ethiopia,ET1103,Bench Sheko,2026-06-16,0.0,1-1.5,1.801504329870857e-05
ETH,ET,Ethiopia,ET11,South West Ethiopia,ET1102,Kefa,2026-06-16,0.0,1-1.5,1.801504329870857e-05
ETH,ET,Ethiopia,ET05,Somali,ET0510,Nogob,2026-06-16,0.0,1-1.5,0.000134896705712606
ETH,ET,Ethiopia,ET05,Somali,ET0506,Shabelle,2026-06-16,0.0,1-1.5,0.000134896705712606
ETH,ET,Ethiopia,ET05,Somali,ET0502,Fafan,2026-06-16,0.0,1-1.5,0.000134896705712606
ETH,ET,Ethiopia,ET05,Somali,ET0503,Jarar,2026-06-16,0.0,1-1.5,0.000134896705712606
ETH,ET,Ethiopia,ET05,Somali,ET0501,Siti,2026-06-16,0.0,1-1.5,0.000134896705712606
ETH,ET,Ethiopia,ET05,Somali,ET0508,Afder,2026-06-16,0.0,1-1.5,0.000134896705712606
ETH,ET,Ethiopia,ET05,Somali,ET0504,Erer,2026-06-16,0.0,1-1.5,0.000134896705712606
ETH,ET,Ethiopia,ET05,Somali,ET0509,Liban,2026-06-16,0.0,1-1.5,0.000134896705712606
ETH,ET,Ethiopia,ET05,Somali,ET0507,Doolo,2026-06-16,0.0,1-1.5,0.000134896705712606
ETH,ET,Ethiopia,ET05,Somali,ET0505,Korahe,2026-06-16,0.0,1-1.5,0.000134896705712606
ETH,ET,Ethiopia,ET05,Somali,ET0511,Daawa,2026-06-16,0.0,1-1.5,0.000134896705712606
ETH,ET,Ethiopia,ET16,Sidama,ET1600,Sidama,2026-06-17,0.0,1-1.5,8.587223510403419e-06
ETH,ET,Ethiopia,ET01,Tigray,ET0107,Mekelle,2026-06-17,0.00046412303,1-1.5,0.0006302005878330356
ETH,ET,Ethiopia,ET01,Tigray,ET0104,Southern,2026-06-17,0.00046412303,1-1.5,0.0006302005878330356
ETH,ET,Ethiopia,ET01,Tigray,ET0101,North Western,2026-06-17,0.00046412303,1-1.5,0.0006302005878330356
ETH,ET,Ethiopia,ET01,Tigray,ET0102,Central,2026-06-17,0.00046412303,1-1.5,0.0006302005878330356
ETH,ET,Ethiopia,ET01,Tigray,ET0105,Western,2026-06-17,0.00046412303,1-1.5,0.0006302005878330356
ETH,ET,Ethiopia,ET01,Tigray,ET0106,South Eastern,2026-06-17,0.00046412303,1-1.5,0.0006302005878330356
ETH,ET,Ethiopia,ET01,Tigray,ET0103,Eastern,2026-06-17,0.00046412303,1-1.5,0.0006302005878330356
ETH,ET,Ethiopia,ET04,Oromia,ET0404,Jimma,2026-06-17,0.0030893048,1-1.5,0.001962098452812908
ETH,ET,Ethiopia,ET04,Oromia,ET0410,East Hararge,2026-06-17,0.0030893048,1-1.5,0.001962098452812908
ETH,ET,Ethiopia,ET04,Oromia,ET0409,West Hararge,2026-06-17,0.0030893048,1-1.5,0.001962098452812908
ETH,ET,Ethiopia,ET04,Oromia,ET0401,West Wellega,2026-06-17,0.0030893048,1-1.5,0.001962098452812908
ETH,ET,Ethiopia,ET04,Oromia,ET0408,Arsi,2026-06-17,0.0030893048,1-1.5,0.001962098452812908
ETH,ET,Ethiopia,ET04,Oromia,ET0403,Ilu Aba Bora,2026-06-17,0.0030893048,1-1.5,0.001962098452812908
ETH,ET,Ethiopia,ET04,Oromia,ET0407,East Shewa,2026-06-17,0.0030893048,1-1.5,0.001962098452812908
ETH,ET,Ethiopia,ET04,Oromia,ET0405,West Shewa,2026-06-17,0.0030893048,1-1.5,0.001962098452812908
ETH,ET,Ethiopia,ET04,Oromia,ET0406,North Shewa (OR),2026-06-17,0.0030893048,1-1.5,0.001962098452812908
ETH,ET,Ethiopia,ET04,Oromia,ET0402,East Wellega,2026-06-17,0.0030893048,1-1.5,0.001962098452812908
ETH,ET,Ethiopia,ET04,Oromia,ET0418,Kelem Wellega,2026-06-17,0.0030893048,1-1.5,0.001962098452812908
ETH,ET,Ethiopia,ET04,Oromia,ET0411,Bale,2026-06-17,0.0030893048,1-1.5,0.001962098452812908
ETH,ET,Ethiopia,ET04,Oromia,ET0416,Buno Bedele,2026-06-17,0.0030893048,1-1.5,0.001962098452812908
ETH,ET,Ethiopia,ET04,Oromia,ET0421,East Bale,2026-06-17,0.0030893048,1-1.5,0.001962098452812908
ETH,ET,Ethiopia,ET04,Oromia,ET0412,Borena,2026-06-17,0.0030893048,1-1.5,0.001962098452812908
ETH,ET,Ethiopia,ET04,Oromia,ET0419,Horo Gudru Wellega,2026-06-17,0.0030893048,1-1.5,0.001962098452812908
ETH,ET,Ethiopia,ET04,Oromia,ET0417,West Arsi,2026-06-17,0.0030893048,1-1.5,0.001962098452812908
ETH,ET,Ethiopia,ET04,Oromia,ET0413,South West Shewa,2026-06-17,0.0030893048,1-1.5,0.001962098452812908
ETH,ET,Ethiopia,ET04,Oromia,ET0415,West Guji,2026-06-17,0.0030893048,1-1.5,0.001962098452812908
ETH,ET,Ethiopia,ET04,Oromia,ET0414,Guji,2026-06-17,0.0030893048,1-1.5,0.001962098452812908
ETH,ET,Ethiopia,ET04,Oromia,ET0420,Finfine Special,2026-06-17,0.0030893048,1-1.5,0.001962098452812908
ETH,ET,Ethiopia,ET07,SNNP,ET0701,Guraghe,2026-06-17,0.010045733,1.5-2,0.001455649778522043
ETH,ET,Ethiopia,ET07,SNNP,ET0724,Yem Special,2026-06-17,0.010045733,1.5-2,0.001455649778522043
ETH,ET,Ethiopia,ET07,SNNP,ET0721,Amaro,2026-06-17,0.010045733,1.5-2,0.001455649778522043
ETH,ET,Ethiopia,ET07,SNNP,ET0703,Kembata Tembaro,2026-06-17,0.010045733,1.5-2,0.001455649778522043
ETH,ET,Ethiopia,ET07,SNNP,ET0710,Gamo,2026-06-17,0.010045733,1.5-2,0.001455649778522043
ETH,ET,Ethiopia,ET07,SNNP,ET0720,Siltie,2026-06-17,0.010045733,1.5-2,0.001455649778522043
ETH,ET,Ethiopia,ET07,SNNP,ET0715,Gofa,2026-06-17,0.010045733,1.5-2,0.001455649778522043
ETH,ET,Ethiopia,ET07,SNNP,ET0713,Konso,2026-06-17,0.010045733,1.5-2,0.001455649778522043
ETH,ET,Ethiopia,ET07,SNNP,ET0723,Derashe,2026-06-17,0.010045733,1.5-2,0.001455649778522043
ETH,ET,Ethiopia,ET07,SNNP,ET0705,Gedeo,2026-06-17,0.010045733,1.5-2,0.001455649778522043
ETH,ET,Ethiopia,ET07,SNNP,ET0706,Wolayita,2026-06-17,0.010045733,1.5-2,0.001455649778522043
ETH,ET,Ethiopia,ET07,SNNP,ET0714,Halaba,2026-06-17,0.010045733,1.5-2,0.001455649778522043
ETH,ET,Ethiopia,ET07,SNNP,ET0722,Burji,2026-06-17,0.010045733,1.5-2,0.001455649778522043
ETH,ET,Ethiopia,ET07,SNNP,ET0707,South Omo,2026-06-17,0.010045733,1.5-2,0.001455649778522043
ETH,ET,Ethiopia,ET07,SNNP,ET0702,Hadiya,2026-06-17,0.010045733,1.5-2,0.001455649778522043
ETH,ET,Ethiopia,ET07,SNNP,ET0716,Basketo,2026-06-17,0.010045733,1.5-2,0.001455649778522043
ETH,ET,Ethiopia,ET07,SNNP,ET0712,Alle,2026-06-17,0.010045733,1.5-2,0.001455649778522043
ETH,ET,Ethiopia,ET15,Dire Dawa,ET1502,Dire Dawa rural,2026-06-17,0.0,1-1.5,0.0
ETH,ET,Ethiopia,ET15,Dire Dawa,ET1501,Dire Dawa urban,2026-06-17,0.0,1-1.5,0.0
ETH,ET,Ethiopia,ET06,Benishangul Gumz,ET0604,Kamashi,2026-06-17,0.021028515,>10,0.005925859666405519
ETH,ET,Ethiopia,ET06,Benishangul Gumz,ET0602,Metekel,2026-06-17,0.021028515,>10,0.005925859666405519
ETH,ET,Ethiopia,ET06,Benishangul Gumz,ET0605,Mao Komo Special,2026-06-17,0.021028515,>10,0.005925859666405519
ETH,ET,Ethiopia,ET06,Benishangul Gumz,ET0603,Assosa,2026-06-17,0.021028515,>10,0.005925859666405519
ETH,ET,Ethiopia,ET02,Afar,ET0201,Awsi /Zone 1,2026-06-17,0.0,1-1.5,0.003435142817298501
ETH,ET,Ethiopia,ET02,Afar,ET0204,Fanti /Zone 4,2026-06-17,0.0,1-1.5,0.003435142817298501
ETH,ET,Ethiopia,ET02,Afar,ET0205,Hari /Zone 5,2026-06-17,0.0,1-1.5,0.003435142817298501
ETH,ET,Ethiopia,ET02,Afar,ET0202,Kilbati /Zone2,2026-06-17,0.0,1-1.5,0.003435142817298501
ETH,ET,Ethiopia,ET02,Afar,ET0203,Gabi /Zone 3,2026-06-17,0.0,1-1.5,0.003435142817298501
ETH,ET,Ethiopia,ET03,Amhara,ET0307,West Gojam,2026-06-17,0.0005940629,1-1.5,0.0004280811621603643
ETH,ET,Ethiopia,ET03,Amhara,ET0309,Awi,2026-06-17,0.0005940629,1-1.5,0.0004280811621603643
ETH,ET,Ethiopia,ET03,Amhara,ET0305,North Shewa (AM),2026-06-17,0.0005940629,1-1.5,0.0004280811621603643
ETH,ET,Ethiopia,ET03,Amhara,ET0302,South Gondar,2026-06-17,0.0005940629,1-1.5,0.0004280811621603643
ETH,ET,Ethiopia,ET03,Amhara,ET0312,West Gondar,2026-06-17,0.0005940629,1-1.5,0.0004280811621603643
ETH,ET,Ethiopia,ET03,Amhara,ET0310,Oromia,2026-06-17,0.0005940629,1-1.5,0.0004280811621603643
ETH,ET,Ethiopia,ET03,Amhara,ET0304,South Wello,2026-06-17,0.0005940629,1-1.5,0.0004280811621603643
ETH,ET,Ethiopia,ET03,Amhara,ET0301,North Gondar,2026-06-17,0.0005940629,1-1.5,0.0004280811621603643
ETH,ET,Ethiopia,ET03,Amhara,ET0311,Central Gondar,2026-06-17,0.0005940629,1-1.5,0.0004280811621603643
ETH,ET,Ethiopia,ET03,Amhara,ET0303,North Wello,2026-06-17,0.0005940629,1-1.5,0.0004280811621603643
ETH,ET,Ethiopia,ET03,Amhara,ET0308,Wag Hamra,2026-06-17,0.0005940629,1-1.5,0.0004280811621603643
ETH,ET,Ethiopia,ET03,Amhara,ET0306,East Gojam,2026-06-17,0.0005940629,1-1.5,0.0004280811621603643
ETH,ET,Ethiopia,ET12,Gambela,ET1202,Agnewak,2026-06-17,0.0,1-1.5,0.0008493067954325603
ETH,ET,Ethiopia,ET12,Gambela,ET1204,Itang Special woreda,2026-06-17,0.0,1-1.5,0.0008493067954325603
ETH,ET,Ethiopia,ET12,Gambela,ET1203,Majang,2026-06-17,0.0,1-1.5,0.0008493067954325603
ETH,ET,Ethiopia,ET12,Gambela,ET1201,Nuwer,2026-06-17,0.0,1-1.5,0.0008493067954325603
ETH,ET,Ethiopia,ET13,Harari,ET1301,Harari,2026-06-17,0.0,1-1.5,9.69696980477734e-06
ETH,ET,Ethiopia,ET14,Addis Ababa,ET1401,Region 14,2026-06-17,0.0,1-1.5,5.005681964989476e-05
ETH,ET,Ethiopia,ET11,South West Ethiopia,ET1106,Konta Special,2026-06-17,0.0,1-1.5,1.976260398867618e-05
ETH,ET,Ethiopia,ET11,South West Ethiopia,ET1105,Mirab Omo,2026-06-17,0.0,1-1.5,1.976260398867618e-05
ETH,ET,Ethiopia,ET11,South West Ethiopia,ET1104,Dawuro,2026-06-17,0.0,1-1.5,1.976260398867618e-05
ETH,ET,Ethiopia,ET11,South West Ethiopia,ET1101,Sheka,2026-06-17,0.0,1-1.5,1.976260398867618e-05
ETH,ET,Ethiopia,ET11,South West Ethiopia,ET1103,Bench Sheko,2026-06-17,0.0,1-1.5,1.976260398867618e-05
ETH,ET,Ethiopia,ET11,South West Ethiopia,ET1102,Kefa,2026-06-17,0.0,1-1.5,1.976260398867618e-05
ETH,ET,Ethiopia,ET05,Somali,ET0510,Nogob,2026-06-17,1.9648295e-08,1-1.5,0.0001173874288103217
ETH,ET,Ethiopia,ET05,Somali,ET0506,Shabelle,2026-06-17,1.9648295e-08,1-1.5,0.0001173874288103217
ETH,ET,Ethiopia,ET05,Somali,ET0502,Fafan,2026-06-17,1.9648295e-08,1-1.5,0.0001173874288103217
ETH,ET,Ethiopia,ET05,Somali,ET0503,Jarar,2026-06-17,1.9648295e-08,1-1.5,0.0001173874288103217
ETH,ET,Ethiopia,ET05,Somali,ET0501,Siti,2026-06-17,1.9648295e-08,1-1.5,0.0001173874288103217
ETH,ET,Ethiopia,ET05,Somali,ET0508,Afder,2026-06-17,1.9648295e-08,1-1.5,0.0001173874288103217
ETH,ET,Ethiopia,ET05,Somali,ET0504,Erer,2026-06-17,1.9648295e-08,1-1.5,0.0001173874288103217
ETH,ET,Ethiopia,ET05,Somali,ET0509,Liban,2026-06-17,1.9648295e-08,1-1.5,0.0001173874288103217
ETH,ET,Ethiopia,ET05,Somali,ET0507,Doolo,2026-06-17,1.9648295e-08,1-1.5,0.0001173874288103217
ETH,ET,Ethiopia,ET05,Somali,ET0505,Korahe,2026-06-17,1.9648295e-08,1-1.5,0.0001173874288103217
ETH,ET,Ethiopia,ET05,Somali,ET0511,Daawa,2026-06-17,1.9648295e-08,1-1.5,0.0001173874288103217
ETH,ET,Ethiopia,ET16,Sidama,ET1600,Sidama,2026-06-18,0.0,1-1.5,8.587223510403419e-06
ETH,ET,Ethiopia,ET01,Tigray,ET0107,Mekelle,2026-06-18,0.0027874007,1-1.5,0.0006294898350474072
ETH,ET,Ethiopia,ET01,Tigray,ET0104,Southern,2026-06-18,0.0027874007,1-1.5,0.0006294898350474072
ETH,ET,Ethiopia,ET01,Tigray,ET0101,North Western,2026-06-18,0.0027874007,1-1.5,0.0006294898350474072
ETH,ET,Ethiopia,ET01,Tigray,ET0102,Central,2026-06-18,0.0027874007,1-1.5,0.0006294898350474072
ETH,ET,Ethiopia,ET01,Tigray,ET0105,Western,2026-06-18,0.0027874007,1-1.5,0.0006294898350474072
ETH,ET,Ethiopia,ET01,Tigray,ET0106,South Eastern,2026-06-18,0.0027874007,1-1.5,0.0006294898350474072
ETH,ET,Ethiopia,ET01,Tigray,ET0103,Eastern,2026-06-18,0.0027874007,1-1.5,0.0006294898350474072
ETH,ET,Ethiopia,ET04,Oromia,ET0404,Jimma,2026-06-18,0.003048406,1-1.5,0.001942102511847307
ETH,ET,Ethiopia,ET04,Oromia,ET0410,East Hararge,2026-06-18,0.003048406,1-1.5,0.001942102511847307
ETH,ET,Ethiopia,ET04,Oromia,ET0409,West Hararge,2026-06-18,0.003048406,1-1.5,0.001942102511847307
ETH,ET,Ethiopia,ET04,Oromia,ET0401,West Wellega,2026-06-18,0.003048406,1-1.5,0.001942102511847307
ETH,ET,Ethiopia,ET04,Oromia,ET0408,Arsi,2026-06-18,0.003048406,1-1.5,0.001942102511847307
ETH,ET,Ethiopia,ET04,Oromia,ET0403,Ilu Aba Bora,2026-06-18,0.003048406,1-1.5,0.001942102511847307
ETH,ET,Ethiopia,ET04,Oromia,ET0407,East Shewa,2026-06-18,0.003048406,1-1.5,0.001942102511847307
ETH,ET,Ethiopia,ET04,Oromia,ET0405,West Shewa,2026-06-18,0.003048406,1-1.5,0.001942102511847307
ETH,ET,Ethiopia,ET04,Oromia,ET0406,North Shewa (OR),2026-06-18,0.003048406,1-1.5,0.001942102511847307
ETH,ET,Ethiopia,ET04,Oromia,ET0402,East Wellega,2026-06-18,0.003048406,1-1.5,0.001942102511847307
ETH,ET,Ethiopia,ET04,Oromia,ET0418,Kelem Wellega,2026-06-18,0.003048406,1-1.5,0.001942102511847307
ETH,ET,Ethiopia,ET04,Oromia,ET0411,Bale,2026-06-18,0.003048406,1-1.5,0.001942102511847307
ETH,ET,Ethiopia,ET04,Oromia,ET0416,Buno Bedele,2026-06-18,0.003048406,1-1.5,0.001942102511847307
ETH,ET,Ethiopia,ET04,Oromia,ET0421,East Bale,2026-06-18,0.003048406,1-1.5,0.001942102511847307
ETH,ET,Ethiopia,ET04,Oromia,ET0412,Borena,2026-06-18,0.003048406,1-1.5,0.001942102511847307
ETH,ET,Ethiopia,ET04,Oromia,ET0419,Horo Gudru Wellega,2026-06-18,0.003048406,1-1.5,0.001942102511847307
ETH,ET,Ethiopia,ET04,Oromia,ET0417,West Arsi,2026-06-18,0.003048406,1-1.5,0.001942102511847307
ETH,ET,Ethiopia,ET04,Oromia,ET0413,South West Shewa,2026-06-18,0.003048406,1-1.5,0.001942102511847307
ETH,ET,Ethiopia,ET04,Oromia,ET0415,West Guji,2026-06-18,0.003048406,1-1.5,0.001942102511847307
ETH,ET,Ethiopia,ET04,Oromia,ET0414,Guji,2026-06-18,0.003048406,1-1.5,0.001942102511847307
ETH,ET,Ethiopia,ET04,Oromia,ET0420,Finfine Special,2026-06-18,0.003048406,1-1.5,0.001942102511847307
ETH,ET,Ethiopia,ET07,SNNP,ET0701,Guraghe,2026-06-18,0.009069363,1-1.5,0.001448313520152376
ETH,ET,Ethiopia,ET07,SNNP,ET0724,Yem Special,2026-06-18,0.009069363,1-1.5,0.001448313520152376
ETH,ET,Ethiopia,ET07,SNNP,ET0721,Amaro,2026-06-18,0.009069363,1-1.5,0.001448313520152376
ETH,ET,Ethiopia,ET07,SNNP,ET0703,Kembata Tembaro,2026-06-18,0.009069363,1-1.5,0.001448313520152376
ETH,ET,Ethiopia,ET07,SNNP,ET0710,Gamo,2026-06-18,0.009069363,1-1.5,0.001448313520152376
ETH,ET,Ethiopia,ET07,SNNP,ET0720,Siltie,2026-06-18,0.009069363,1-1.5,0.001448313520152376
ETH,ET,Ethiopia,ET07,SNNP,ET0715,Gofa,2026-06-18,0.009069363,1-1.5,0.001448313520152376
ETH,ET,Ethiopia,ET07,SNNP,ET0713,Konso,2026-06-18,0.009069363,1-1.5,0.001448313520152376
ETH,ET,Ethiopia,ET07,SNNP,ET0723,Derashe,2026-06-18,0.009069363,1-1.5,0.001448313520152376
ETH,ET,Ethiopia,ET07,SNNP,ET0705,Gedeo,2026-06-18,0.009069363,1-1.5,0.001448313520152376
ETH,ET,Ethiopia,ET07,SNNP,ET0706,Wolayita,2026-06-18,0.009069363,1-1.5,0.001448313520152376
ETH,ET,Ethiopia,ET07,SNNP,ET0714,Halaba,2026-06-18,0.009069363,1-1.5,0.001448313520152376
ETH,ET,Ethiopia,ET07,SNNP,ET0722,Burji,2026-06-18,0.009069363,1-1.5,0.001448313520152376
ETH,ET,Ethiopia,ET07,SNNP,ET0707,South Omo,2026-06-18,0.009069363,1-1.5,0.001448313520152376
ETH,ET,Ethiopia,ET07,SNNP,ET0702,Hadiya,2026-06-18,0.009069363,1-1.5,0.001448313520152376
ETH,ET,Ethiopia,ET07,SNNP,ET0716,Basketo,2026-06-18,0.009069363,1-1.5,0.001448313520152376
ETH,ET,Ethiopia,ET07,SNNP,ET0712,Alle,2026-06-18,0.009069363,1-1.5,0.001448313520152376
ETH,ET,Ethiopia,ET15,Dire Dawa,ET1502,Dire Dawa rural,2026-06-18,0.0,1-1.5,0.0
ETH,ET,Ethiopia,ET15,Dire Dawa,ET1501,Dire Dawa urban,2026-06-18,0.0,1-1.5,0.0
ETH,ET,Ethiopia,ET06,Benishangul Gumz,ET0604,Kamashi,2026-06-18,0.022180252,>10,0.005916840019893693
ETH,ET,Ethiopia,ET06,Benishangul Gumz,ET0602,Metekel,2026-06-18,0.022180252,>10,0.005916840019893693
ETH,ET,Ethiopia,ET06,Benishangul Gumz,ET0605,Mao Komo Special,2026-06-18,0.022180252,>10,0.005916840019893693
ETH,ET,Ethiopia,ET06,Benishangul Gumz,ET0603,Assosa,2026-06-18,0.022180252,>10,0.005916840019893693
ETH,ET,Ethiopia,ET02,Afar,ET0201,Awsi /Zone 1,2026-06-18,0.0,1-1.5,0.00335760056001494
ETH,ET,Ethiopia,ET02,Afar,ET0204,Fanti /Zone 4,2026-06-18,0.0,1-1.5,0.00335760056001494
ETH,ET,Ethiopia,ET02,Afar,ET0205,Hari /Zone 5,2026-06-18,0.0,1-1.5,0.00335760056001494
ETH,ET,Ethiopia,ET02,Afar,ET0202,Kilbati /Zone2,2026-06-18,0.0,1-1.5,0.00335760056001494
ETH,ET,Ethiopia,ET02,Afar,ET0203,Gabi /Zone 3,2026-06-18,0.0,1-1.5,0.00335760056001494
ETH,ET,Ethiopia,ET03,Amhara,ET0307,West Gojam,2026-06-18,0.00018642755,1-1.5,0.0004276439725550868
ETH,ET,Ethiopia,ET03,Amhara,ET0309,Awi,2026-06-18,0.00018642755,1-1.5,0.0004276439725550868
ETH,ET,Ethiopia,ET03,Amhara,ET0305,North Shewa (AM),2026-06-18,0.00018642755,1-1.5,0.0004276439725550868
ETH,ET,Ethiopia,ET03,Amhara,ET0302,South Gondar,2026-06-18,0.00018642755,1-1.5,0.0004276439725550868
ETH,ET,Ethiopia,ET03,Amhara,ET0312,West Gondar,2026-06-18,0.00018642755,1-1.5,0.0004276439725550868
ETH,ET,Ethiopia,ET03,Amhara,ET0310,Oromia,2026-06-18,0.00018642755,1-1.5,0.0004276439725550868
ETH,ET,Ethiopia,ET03,Amhara,ET0304,South Wello,2026-06-18,0.00018642755,1-1.5,0.0004276439725550868
ETH,ET,Ethiopia,ET03,Amhara,ET0301,North Gondar,2026-06-18,0.00018642755,1-1.5,0.0004276439725550868
ETH,ET,Ethiopia,ET03,Amhara,ET0311,Central Gondar,2026-06-18,0.00018642755,1-1.5,0.0004276439725550868
ETH,ET,Ethiopia,ET03,Amhara,ET0303,North Wello,2026-06-18,0.00018642755,1-1.5,0.0004276439725550868
ETH,ET,Ethiopia,ET03,Amhara,ET0308,Wag Hamra,2026-06-18,0.00018642755,1-1.5,0.0004276439725550868
ETH,ET,Ethiopia,ET03,Amhara,ET0306,East Gojam,2026-06-18,0.00018642755,1-1.5,0.0004276439725550868
ETH,ET,Ethiopia,ET12,Gambela,ET1202,Agnewak,2026-06-18,0.0,1-1.5,0.0008870571809066778
ETH,ET,Ethiopia,ET12,Gambela,ET1204,Itang Special woreda,2026-06-18,0.0,1-1.5,0.0008870571809066778
ETH,ET,Ethiopia,ET12,Gambela,ET1203,Majang,2026-06-18,0.0,1-1.5,0.0008870571809066778
ETH,ET,Ethiopia,ET12,Gambela,ET1201,Nuwer,2026-06-18,0.0,1-1.5,0.0008870571809066778
ETH,ET,Ethiopia,ET13,Harari,ET1301,Harari,2026-06-18,0.0,1-1.5,0.0
ETH,ET,Ethiopia,ET14,Addis Ababa,ET1401,Region 14,2026-06-18,0.0,1-1.5,5.181818327070108e-05
ETH,ET,Ethiopia,ET11,South West Ethiopia,ET1106,Konta Special,2026-06-18,0.0,1-1.5,2.015956226609267e-05
ETH,ET,Ethiopia,ET11,South West Ethiopia,ET1105,Mirab Omo,2026-06-18,0.0,1-1.5,2.015956226609267e-05
ETH,ET,Ethiopia,ET11,South West Ethiopia,ET1104,Dawuro,2026-06-18,0.0,1-1.5,2.015956226609267e-05
ETH,ET,Ethiopia,ET11,South West Ethiopia,ET1101,Sheka,2026-06-18,0.0,1-1.5,2.015956226609267e-05
ETH,ET,Ethiopia,ET11,South West Ethiopia,ET1103,Bench Sheko,2026-06-18,0.0,1-1.5,2.015956226609267e-05
ETH,ET,Ethiopia,ET11,South West Ethiopia,ET1102,Kefa,2026-06-18,0.0,1-1.5,2.015956226609267e-05
ETH,ET,Ethiopia,ET05,Somali,ET0510,Nogob,2026-06-18,0.0,1-1.5,0.0001072601308285409
ETH,ET,Ethiopia,ET05,Somali,ET0506,Shabelle,2026-06-18,0.0,1-1.5,0.0001072601308285409
ETH,ET,Ethiopia,ET05,Somali,ET0502,Fafan,2026-06-18,0.0,1-1.5,0.0001072601308285409
ETH,ET,Ethiopia,ET05,Somali,ET0503,Jarar,2026-06-18,0.0,1-1.5,0.0001072601308285409
ETH,ET,Ethiopia,ET05,Somali,ET0501,Siti,2026-06-18,0.0,1-1.5,0.0001072601308285409
ETH,ET,Ethiopia,ET05,Somali,ET0508,Afder,2026-06-18,0.0,1-1.5,0.0001072601308285409
ETH,ET,Ethiopia,ET05,Somali,ET0504,Erer,2026-06-18,0.0,1-1.5,0.0001072601308285409
ETH,ET,Ethiopia,ET05,Somali,ET0509,Liban,2026-06-18,0.0,1-1.5,0.0001072601308285409
ETH,ET,Ethiopia,ET05,Somali,ET0507,Doolo,2026-06-18,0.0,1-1.5,0.0001072601308285409
ETH,ET,Ethiopia,ET05,Somali,ET0505,Korahe,2026-06-18,0.0,1-1.5,0.0001072601308285409
ETH,ET,Ethiopia,ET05,Somali,ET0511,Daawa,2026-06-18,0.0,1-1.5,0.0001072601308285409
ETH,ET,Ethiopia,ET16,Sidama,ET1600,Sidama,2026-06-19,0.0,1-1.5,2.145372692129141e-05
ETH,ET,Ethiopia,ET01,Tigray,ET0107,Mekelle,2026-06-19,0.0004111851,1-1.5,0.0006211930949929596
ETH,ET,Ethiopia,ET01,Tigray,ET0104,Southern,2026-06-19,0.0004111851,1-1.5,0.0006211930949929596
ETH,ET,Ethiopia,ET01,Tigray,ET0101,North Western,2026-06-19,0.0004111851,1-1.5,0.0006211930949929596
ETH,ET,Ethiopia,ET01,Tigray,ET0102,Central,2026-06-19,0.0004111851,1-1.5,0.0006211930949929596
ETH,ET,Ethiopia,ET01,Tigray,ET0105,Western,2026-06-19,0.0004111851,1-1.5,0.0006211930949929596
ETH,ET,Ethiopia,ET01,Tigray,ET0106,South Eastern,2026-06-19,0.0004111851,1-1.5,0.0006211930949929596
ETH,ET,Ethiopia,ET01,Tigray,ET0103,Eastern,2026-06-19,0.0004111851,1-1.5,0.0006211930949929596
ETH,ET,Ethiopia,ET04,Oromia,ET0404,Jimma,2026-06-19,0.0029562279,1-1.5,0.001929400621156674
ETH,ET,Ethiopia,ET04,Oromia,ET0410,East Hararge,2026-06-19,0.0029562279,1-1.5,0.001929400621156674
ETH,ET,Ethiopia,ET04,Oromia,ET0409,West Hararge,2026-06-19,0.0029562279,1-1.5,0.001929400621156674
ETH,ET,Ethiopia,ET04,Oromia,ET0401,West Wellega,2026-06-19,0.0029562279,1-1.5,0.001929400621156674
ETH,ET,Ethiopia,ET04,Oromia,ET0408,Arsi,2026-06-19,0.0029562279,1-1.5,0.001929400621156674
ETH,ET,Ethiopia,ET04,Oromia,ET0403,Ilu Aba Bora,2026-06-19,0.0029562279,1-1.5,0.001929400621156674
ETH,ET,Ethiopia,ET04,Oromia,ET0407,East Shewa,2026-06-19,0.0029562279,1-1.5,0.001929400621156674
ETH,ET,Ethiopia,ET04,Oromia,ET0405,West Shewa,2026-06-19,0.0029562279,1-1.5,0.001929400621156674
ETH,ET,Ethiopia,ET04,Oromia,ET0406,North Shewa (OR),2026-06-19,0.0029562279,1-1.5,0.001929400621156674
ETH,ET,Ethiopia,ET04,Oromia,ET0402,East Wellega,2026-06-19,0.0029562279,1-1.5,0.001929400621156674
ETH,ET,Ethiopia,ET04,Oromia,ET0418,Kelem Wellega,2026-06-19,0.0029562279,1-1.5,0.001929400621156674
ETH,ET,Ethiopia,ET04,Oromia,ET0411,Bale,2026-06-19,0.0029562279,1-1.5,0.001929400621156674
ETH,ET,Ethiopia,ET04,Oromia,ET0416,Buno Bedele,2026-06-19,0.0029562279,1-1.5,0.001929400621156674
ETH,ET,Ethiopia,ET04,Oromia,ET0421,East Bale,2026-06-19,0.0029562279,1-1.5,0.001929400621156674
ETH,ET,Ethiopia,ET04,Oromia,ET0412,Borena,2026-06-19,0.0029562279,1-1.5,0.001929400621156674
ETH,ET,Ethiopia,ET04,Oromia,ET0419,Horo Gudru Wellega,2026-06-19,0.0029562279,1-1.5,0.001929400621156674
ETH,ET,Ethiopia,ET04,Oromia,ET0417,West Arsi,2026-06-19,0.0029562279,1-1.5,0.001929400621156674
ETH,ET,Ethiopia,ET04,Oromia,ET0413,South West Shewa,2026-06-19,0.0029562279,1-1.5,0.001929400621156674
ETH,ET,Ethiopia,ET04,Oromia,ET0415,West Guji,2026-06-19,0.0029562279,1-1.5,0.001929400621156674
ETH,ET,Ethiopia,ET04,Oromia,ET0414,Guji,2026-06-19,0.0029562279,1-1.5,0.001929400621156674
ETH,ET,Ethiopia,ET04,Oromia,ET0420,Finfine Special,2026-06-19,0.0029562279,1-1.5,0.001929400621156674
ETH,ET,Ethiopia,ET07,SNNP,ET0701,Guraghe,2026-06-19,0.008540524,1-1.5,0.001440822887260848
ETH,ET,Ethiopia,ET07,SNNP,ET0724,Yem Special,2026-06-19,0.008540524,1-1.5,0.001440822887260848
ETH,ET,Ethiopia,ET07,SNNP,ET0721,Amaro,2026-06-19,0.008540524,1-1.5,0.001440822887260848
ETH,ET,Ethiopia,ET07,SNNP,ET0703,Kembata Tembaro,2026-06-19,0.008540524,1-1.5,0.001440822887260848
ETH,ET,Ethiopia,ET07,SNNP,ET0710,Gamo,2026-06-19,0.008540524,1-1.5,0.001440822887260848
ETH,ET,Ethiopia,ET07,SNNP,ET0720,Siltie,2026-06-19,0.008540524,1-1.5,0.001440822887260848
ETH,ET,Ethiopia,ET07,SNNP,ET0715,Gofa,2026-06-19,0.008540524,1-1.5,0.001440822887260848
ETH,ET,Ethiopia,ET07,SNNP,ET0713,Konso,2026-06-19,0.008540524,1-1.5,0.001440822887260848
ETH,ET,Ethiopia,ET07,SNNP,ET0723,Derashe,2026-06-19,0.008540524,1-1.5,0.001440822887260848
ETH,ET,Ethiopia,ET07,SNNP,ET0705,Gedeo,2026-06-19,0.008540524,1-1.5,0.001440822887260848
ETH,ET,Ethiopia,ET07,SNNP,ET0706,Wolayita,2026-06-19,0.008540524,1-1.5,0.001440822887260848
ETH,ET,Ethiopia,ET07,SNNP,ET0714,Halaba,2026-06-19,0.008540524,1-1.5,0.001440822887260848
ETH,ET,Ethiopia,ET07,SNNP,ET0722,Burji,2026-06-19,0.008540524,1-1.5,0.001440822887260848
ETH,ET,Ethiopia,ET07,SNNP,ET0707,South Omo,2026-06-19,0.008540524,1-1.5,0.001440822887260848
ETH,ET,Ethiopia,ET07,SNNP,ET0702,Hadiya,2026-06-19,0.008540524,1-1.5,0.001440822887260848
ETH,ET,Ethiopia,ET07,SNNP,ET0716,Basketo,2026-06-19,0.008540524,1-1.5,0.001440822887260848
ETH,ET,Ethiopia,ET07,SNNP,ET0712,Alle,2026-06-19,0.008540524,1-1.5,0.001440822887260848
ETH,ET,Ethiopia,ET15,Dire Dawa,ET1502,Dire Dawa rural,2026-06-19,0.0,1-1.5,0.0
ETH,ET,Ethiopia,ET15,Dire Dawa,ET1501,Dire Dawa urban,2026-06-19,0.0,1-1.5,0.0
ETH,ET,Ethiopia,ET06,Benishangul Gumz,ET0604,Kamashi,2026-06-19,0.022152951,>10,0.005907934681573966
ETH,ET,Ethiopia,ET06,Benishangul Gumz,ET0602,Metekel,2026-06-19,0.022152951,>10,0.005907934681573966
ETH,ET,Ethiopia,ET06,Benishangul Gumz,ET0605,Mao Komo Special,2026-06-19,0.022152951,>10,0.005907934681573966
ETH,ET,Ethiopia,ET06,Benishangul Gumz,ET0603,Assosa,2026-06-19,0.022152951,>10,0.005907934681573966
ETH,ET,Ethiopia,ET02,Afar,ET0201,Awsi /Zone 1,2026-06-19,0.0,1-1.5,0.003273152269089636
ETH,ET,Ethiopia,ET02,Afar,ET0204,Fanti /Zone 4,2026-06-19,0.0,1-1.5,0.003273152269089636
ETH,ET,Ethiopia,ET02,Afar,ET0205,Hari /Zone 5,2026-06-19,0.0,1-1.5,0.003273152269089636
ETH,ET,Ethiopia,ET02,Afar,ET0202,Kilbati /Zone2,2026-06-19,0.0,1-1.5,0.003273152269089636
ETH,ET,Ethiopia,ET02,Afar,ET0203,Gabi /Zone 3,2026-06-19,0.0,1-1.5,0.003273152269089636
ETH,ET,Ethiopia,ET03,Amhara,ET0307,West Gojam,2026-06-19,0.00041076101,1-1.5,0.000429340821519052
ETH,ET,Ethiopia,ET03,Amhara,ET0309,Awi,2026-06-19,0.00041076101,1-1.5,0.000429340821519052
ETH,ET,Ethiopia,ET03,Amhara,ET0305,North Shewa (AM),2026-06-19,0.00041076101,1-1.5,0.000429340821519052
ETH,ET,Ethiopia,ET03,Amhara,ET0302,South Gondar,2026-06-19,0.00041076101,1-1.5,0.000429340821519052
ETH,ET,Ethiopia,ET03,Amhara,ET0312,West Gondar,2026-06-19,0.00041076101,1-1.5,0.000429340821519052
ETH,ET,Ethiopia,ET03,Amhara,ET0310,Oromia,2026-06-19,0.00041076101,1-1.5,0.000429340821519052
ETH,ET,Ethiopia,ET03,Amhara,ET0304,South Wello,2026-06-19,0.00041076101,1-1.5,0.000429340821519052
ETH,ET,Ethiopia,ET03,Amhara,ET0301,North Gondar,2026-06-19,0.00041076101,1-1.5,0.000429340821519052
ETH,ET,Ethiopia,ET03,Amhara,ET0311,Central Gondar,2026-06-19,0.00041076101,1-1.5,0.000429340821519052
ETH,ET,Ethiopia,ET03,Amhara,ET0303,North Wello,2026-06-19,0.00041076101,1-1.5,0.000429340821519052
ETH,ET,Ethiopia,ET03,Amhara,ET0308,Wag Hamra,2026-06-19,0.00041076101,1-1.5,0.000429340821519052
ETH,ET,Ethiopia,ET03,Amhara,ET0306,East Gojam,2026-06-19,0.00041076101,1-1.5,0.000429340821519052
ETH,ET,Ethiopia,ET12,Gambela,ET1202,Agnewak,2026-06-19,0.0,1-1.5,0.0009439587235564514
ETH,ET,Ethiopia,ET12,Gambela,ET1204,Itang Special woreda,2026-06-19,0.0,1-1.5,0.0009439587235564514
ETH,ET,Ethiopia,ET12,Gambela,ET1203,Majang,2026-06-19,0.0,1-1.5,0.0009439587235564514
ETH,ET,Ethiopia,ET12,Gambela,ET1201,Nuwer,2026-06-19,0.0,1-1.5,0.0009439587235564514
ETH,ET,Ethiopia,ET13,Harari,ET1301,Harari,2026-06-19,0.0,1-1.5,0.0
ETH,ET,Ethiopia,ET14,Addis Ababa,ET1401,Region 14,2026-06-19,0.0,1-1.5,5.142045597908277e-05
ETH,ET,Ethiopia,ET11,South West Ethiopia,ET1106,Konta Special,2026-06-19,0.0,1-1.5,1.952595725898929e-05
ETH,ET,Ethiopia,ET11,South West Ethiopia,ET1105,Mirab Omo,2026-06-19,0.0,1-1.5,1.952595725898929e-05
ETH,ET,Ethiopia,ET11,South West Ethiopia,ET1104,Dawuro,2026-06-19,0.0,1-1.5,1.952595725898929e-05
ETH,ET,Ethiopia,ET11,South West Ethiopia,ET1101,Sheka,2026-06-19,0.0,1-1.5,1.952595725898929e-05
ETH,ET,Ethiopia,ET11,South West Ethiopia,ET1103,Bench Sheko,2026-06-19,0.0,1-1.5,1.952595725898929e-05
ETH,ET,Ethiopia,ET11,South West Ethiopia,ET1102,Kefa,2026-06-19,0.0,1-1.5,1.952595725898929e-05
ETH,ET,Ethiopia,ET05,Somali,ET0510,Nogob,2026-06-19,4.0396895e-05,1-1.5,9.878605447087548e-05
ETH,ET,Ethiopia,ET05,Somali,ET0506,Shabelle,2026-06-19,4.0396895e-05,1-1.5,9.878605447087548e-05
ETH,ET,Ethiopia,ET05,Somali,ET0502,Fafan,2026-06-19,4.0396895e-05,1-1.5,9.878605447087548e-05
ETH,ET,Ethiopia,ET05,Somali,ET0503,Jarar,2026-06-19,4.0396895e-05,1-1.5,9.878605447087548e-05
ETH,ET,Ethiopia,ET05,Somali,ET0501,Siti,2026-06-19,4.0396895e-05,1-1.5,9.878605447087548e-05
ETH,ET,Ethiopia,ET05,Somali,ET0508,Afder,2026-06-19,4.0396895e-05,1-1.5,9.878605447087548e-05
ETH,ET,Ethiopia,ET05,Somali,ET0504,Erer,2026-06-19,4.0396895e-05,1-1.5,9.878605447087548e-05
ETH,ET,Ethiopia,ET05,Somali,ET0509,Liban,2026-06-19,4.0396895e-05,1-1.5,9.878605447087548e-05
ETH,ET,Ethiopia,ET05,Somali,ET0507,Doolo,2026-06-19,4.0396895e-05,1-1.5,9.878605447087548e-05
ETH,ET,Ethiopia,ET05,Somali,ET0505,Korahe,2026-06-19,4.0396895e-05,1-1.5,9.878605447087548e-05
ETH,ET,Ethiopia,ET05,Somali,ET0511,Daawa,2026-06-19,4.0396895e-05,1-1.5,9.878605447087548e-05
ETH,ET,Ethiopia,ET16,Sidama,ET1600,Sidama,2026-06-20,0.0,1-1.5,5.693157564482218e-05
ETH,ET,Ethiopia,ET01,Tigray,ET0107,Mekelle,2026-06-20,0.0011917253,1-1.5,0.0005478021496809436
ETH,ET,Ethiopia,ET01,Tigray,ET0104,Southern,2026-06-20,0.0011917253,1-1.5,0.0005478021496809436
ETH,ET,Ethiopia,ET01,Tigray,ET0101,North Western,2026-06-20,0.0011917253,1-1.5,0.0005478021496809436
ETH,ET,Ethiopia,ET01,Tigray,ET0102,Central,2026-06-20,0.0011917253,1-1.5,0.0005478021496809436
ETH,ET,Ethiopia,ET01,Tigray,ET0105,Western,2026-06-20,0.0011917253,1-1.5,0.0005478021496809436
ETH,ET,Ethiopia,ET01,Tigray,ET0106,South Eastern,2026-06-20,0.0011917253,1-1.5,0.0005478021496809436
ETH,ET,Ethiopia,ET01,Tigray,ET0103,Eastern,2026-06-20,0.0011917253,1-1.5,0.0005478021496809436
ETH,ET,Ethiopia,ET04,Oromia,ET0404,Jimma,2026-06-20,0.0029285748,1-1.5,0.001940804983579173
ETH,ET,Ethiopia,ET04,Oromia,ET0410,East Hararge,2026-06-20,0.0029285748,1-1.5,0.001940804983579173
ETH,ET,Ethiopia,ET04,Oromia,ET0409,West Hararge,2026-06-20,0.0029285748,1-1.5,0.001940804983579173
ETH,ET,Ethiopia,ET04,Oromia,ET0401,West Wellega,2026-06-20,0.0029285748,1-1.5,0.001940804983579173
ETH,ET,Ethiopia,ET04,Oromia,ET0408,Arsi,2026-06-20,0.0029285748,1-1.5,0.001940804983579173
ETH,ET,Ethiopia,ET04,Oromia,ET0403,Ilu Aba Bora,2026-06-20,0.0029285748,1-1.5,0.001940804983579173
ETH,ET,Ethiopia,ET04,Oromia,ET0407,East Shewa,2026-06-20,0.0029285748,1-1.5,0.001940804983579173
ETH,ET,Ethiopia,ET04,Oromia,ET0405,West Shewa,2026-06-20,0.0029285748,1-1.5,0.001940804983579173
ETH,ET,Ethiopia,ET04,Oromia,ET0406,North Shewa (OR),2026-06-20,0.0029285748,1-1.5,0.001940804983579173
ETH,ET,Ethiopia,ET04,Oromia,ET0402,East Wellega,2026-06-20,0.0029285748,1-1.5,0.001940804983579173
ETH,ET,Ethiopia,ET04,Oromia,ET0418,Kelem Wellega,2026-06-20,0.0029285748,1-1.5,0.001940804983579173
ETH,ET,Ethiopia,ET04,Oromia,ET0411,Bale,2026-06-20,0.0029285748,1-1.5,0.001940804983579173
ETH,ET,Ethiopia,ET04,Oromia,ET0416,Buno Bedele,2026-06-20,0.0029285748,1-1.5,0.001940804983579173
ETH,ET,Ethiopia,ET04,Oromia,ET0421,East Bale,2026-06-20,0.0029285748,1-1.5,0.001940804983579173
ETH,ET,Ethiopia,ET04,Oromia,ET0412,Borena,2026-06-20,0.0029285748,1-1.5,0.001940804983579173
ETH,ET,Ethiopia,ET04,Oromia,ET0419,Horo Gudru Wellega,2026-06-20,0.0029285748,1-1.5,0.001940804983579173
ETH,ET,Ethiopia,ET04,Oromia,ET0417,West Arsi,2026-06-20,0.0029285748,1-1.5,0.001940804983579173
ETH,ET,Ethiopia,ET04,Oromia,ET0413,South West Shewa,2026-06-20,0.0029285748,1-1.5,0.001940804983579173
ETH,ET,Ethiopia,ET04,Oromia,ET0415,West Guji,2026-06-20,0.0029285748,1-1.5,0.001940804983579173
ETH,ET,Ethiopia,ET04,Oromia,ET0414,Guji,2026-06-20,0.0029285748,1-1.5,0.001940804983579173
ETH,ET,Ethiopia,ET04,Oromia,ET0420,Finfine Special,2026-06-20,0.0029285748,1-1.5,0.001940804983579173
ETH,ET,Ethiopia,ET07,SNNP,ET0701,Guraghe,2026-06-20,0.0076163816,1-1.5,0.00149911614399488
ETH,ET,Ethiopia,ET07,SNNP,ET0724,Yem Special,2026-06-20,0.0076163816,1-1.5,0.00149911614399488
ETH,ET,Ethiopia,ET07,SNNP,ET0721,Amaro,2026-06-20,0.0076163816,1-1.5,0.00149911614399488
ETH,ET,Ethiopia,ET07,SNNP,ET0703,Kembata Tembaro,2026-06-20,0.0076163816,1-1.5,0.00149911614399488
ETH,ET,Ethiopia,ET07,SNNP,ET0710,Gamo,2026-06-20,0.0076163816,1-1.5,0.00149911614399488
ETH,ET,Ethiopia,ET07,SNNP,ET0720,Siltie,2026-06-20,0.0076163816,1-1.5,0.00149911614399488
ETH,ET,Ethiopia,ET07,SNNP,ET0715,Gofa,2026-06-20,0.0076163816,1-1.5,0.00149911614399488
ETH,ET,Ethiopia,ET07,SNNP,ET0713,Konso,2026-06-20,0.0076163816,1-1.5,0.00149911614399488
ETH,ET,Ethiopia,ET07,SNNP,ET0723,Derashe,2026-06-20,0.0076163816,1-1.5,0.00149911614399488
ETH,ET,Ethiopia,ET07,SNNP,ET0705,Gedeo,2026-06-20,0.0076163816,1-1.5,0.00149911614399488
ETH,ET,Ethiopia,ET07,SNNP,ET0706,Wolayita,2026-06-20,0.0076163816,1-1.5,0.00149911614399488
ETH,ET,Ethiopia,ET07,SNNP,ET0714,Halaba,2026-06-20,0.0076163816,1-1.5,0.00149911614399488
ETH,ET,Ethiopia,ET07,SNNP,ET0722,Burji,2026-06-20,0.0076163816,1-1.5,0.00149911614399488
ETH,ET,Ethiopia,ET07,SNNP,ET0707,South Omo,2026-06-20,0.0076163816,1-1.5,0.00149911614399488
ETH,ET,Ethiopia,ET07,SNNP,ET0702,Hadiya,2026-06-20,0.0076163816,1-1.5,0.00149911614399488
ETH,ET,Ethiopia,ET07,SNNP,ET0716,Basketo,2026-06-20,0.0076163816,1-1.5,0.00149911614399488
ETH,ET,Ethiopia,ET07,SNNP,ET0712,Alle,2026-06-20,0.0076163816,1-1.5,0.00149911614399488
ETH,ET,Ethiopia,ET15,Dire Dawa,ET1502,Dire Dawa rural,2026-06-20,0.0,1-1.5,1.038961024526295e-07
ETH,ET,Ethiopia,ET15,Dire Dawa,ET1501,Dire Dawa urban,2026-06-20,0.0,1-1.5,1.038961024526295e-07
ETH,ET,Ethiopia,ET06,Benishangul Gumz,ET0604,Kamashi,2026-06-20,0.023126667,>10,0.00589685713955093
ETH,ET,Ethiopia,ET06,Benishangul Gumz,ET0602,Metekel,2026-06-20,0.023126667,>10,0.00589685713955093
ETH,ET,Ethiopia,ET06,Benishangul Gumz,ET0605,Mao Komo Special,2026-06-20,0.023126667,>10,0.00589685713955093
ETH,ET,Ethiopia,ET06,Benishangul Gumz,ET0603,Assosa,2026-06-20,0.023126667,>10,0.00589685713955093
ETH,ET,Ethiopia,ET02,Afar,ET0201,Awsi /Zone 1,2026-06-20,0.0,1-1.5,0.003203256240522023
ETH,ET,Ethiopia,ET02,Afar,ET0204,Fanti /Zone 4,2026-06-20,0.0,1-1.5,0.003203256240522023
ETH,ET,Ethiopia,ET02,Afar,ET0205,Hari /Zone 5,2026-06-20,0.0,1-1.5,0.003203256240522023
ETH,ET,Ethiopia,ET02,Afar,ET0202,Kilbati /Zone2,2026-06-20,0.0,1-1.5,0.003203256240522023
ETH,ET,Ethiopia,ET02,Afar,ET0203,Gabi /Zone 3,2026-06-20,0.0,1-1.5,0.003203256240522023
ETH,ET,Ethiopia,ET03,Amhara,ET0307,West Gojam,2026-06-20,0.001139933,1-1.5,0.0004197300802773443
ETH,ET,Ethiopia,ET03,Amhara,ET0309,Awi,2026-06-20,0.001139933,1-1.5,0.0004197300802773443
ETH,ET,Ethiopia,ET03,Amhara,ET0305,North Shewa (AM),2026-06-20,0.001139933,1-1.5,0.0004197300802773443
ETH,ET,Ethiopia,ET03,Amhara,ET0302,South Gondar,2026-06-20,0.001139933,1-1.5,0.0004197300802773443
ETH,ET,Ethiopia,ET03,Amhara,ET0312,West Gondar,2026-06-20,0.001139933,1-1.5,0.0004197300802773443
ETH,ET,Ethiopia,ET03,Amhara,ET0310,Oromia,2026-06-20,0.001139933,1-1.5,0.0004197300802773443
ETH,ET,Ethiopia,ET03,Amhara,ET0304,South Wello,2026-06-20,0.001139933,1-1.5,0.0004197300802773443
ETH,ET,Ethiopia,ET03,Amhara,ET0301,North Gondar,2026-06-20,0.001139933,1-1.5,0.0004197300802773443
ETH,ET,Ethiopia,ET03,Amhara,ET0311,Central Gondar,2026-06-20,0.001139933,1-1.5,0.0004197300802773443
ETH,ET,Ethiopia,ET03,Amhara,ET0303,North Wello,2026-06-20,0.001139933,1-1.5,0.0004197300802773443
ETH,ET,Ethiopia,ET03,Amhara,ET0308,Wag Hamra,2026-06-20,0.001139933,1-1.5,0.0004197300802773443
ETH,ET,Ethiopia,ET03,Amhara,ET0306,East Gojam,2026-06-20,0.001139933,1-1.5,0.0004197300802773443
ETH,ET,Ethiopia,ET12,Gambela,ET1202,Agnewak,2026-06-20,0.0,1-1.5,0.0009963829773782476
ETH,ET,Ethiopia,ET12,Gambela,ET1204,Itang Special woreda,2026-06-20,0.0,1-1.5,0.0009963829773782476
ETH,ET,Ethiopia,ET12,Gambela,ET1203,Majang,2026-06-20,0.0,1-1.5,0.0009963829773782476
ETH,ET,Ethiopia,ET12,Gambela,ET1201,Nuwer,2026-06-20,0.0,1-1.5,0.0009963829773782476
ETH,ET,Ethiopia,ET13,Harari,ET1301,Harari,2026-06-20,0.0,1-1.5,0.0
ETH,ET,Ethiopia,ET14,Addis Ababa,ET1401,Region 14,2026-06-20,0.0,1-1.5,5.102272868746447e-05
ETH,ET,Ethiopia,ET11,South West Ethiopia,ET1106,Konta Special,2026-06-20,0.0,1-1.5,1.997813712209377e-05
ETH,ET,Ethiopia,ET11,South West Ethiopia,ET1105,Mirab Omo,2026-06-20,0.0,1-1.5,1.997813712209377e-05
ETH,ET,Ethiopia,ET11,South West Ethiopia,ET1104,Dawuro,2026-06-20,0.0,1-1.5,1.997813712209377e-05
ETH,ET,Ethiopia,ET11,South West Ethiopia,ET1101,Sheka,2026-06-20,0.0,1-1.5,1.997813712209377e-05
ETH,ET,Ethiopia,ET11,South West Ethiopia,ET1103,Bench Sheko,2026-06-20,0.0,1-1.5,1.997813712209377e-05
ETH,ET,Ethiopia,ET11,South West Ethiopia,ET1102,Kefa,2026-06-20,0.0,1-1.5,1.997813712209377e-05
ETH,ET,Ethiopia,ET05,Somali,ET0510,Nogob,2026-06-20,0.0,1-1.5,9.68579574937032e-05
ETH,ET,Ethiopia,ET05,Somali,ET0506,Shabelle,2026-06-20,0.0,1-1.5,9.68579574937032e-05
ETH,ET,Ethiopia,ET05,Somali,ET0502,Fafan,2026-06-20,0.0,1-1.5,9.68579574937032e-05
ETH,ET,Ethiopia,ET05,Somali,ET0503,Jarar,2026-06-20,0.0,1-1.5,9.68579574937032e-05
ETH,ET,Ethiopia,ET05,Somali,ET0501,Siti,2026-06-20,0.0,1-1.5,9.68579574937032e-05
ETH,ET,Ethiopia,ET05,Somali,ET0508,Afder,2026-06-20,0.0,1-1.5,9.68579574937032e-05
ETH,ET,Ethiopia,ET05,Somali,ET0504,Erer,2026-06-20,0.0,1-1.5,9.68579574937032e-05
ETH,ET,Ethiopia,ET05,Somali,ET0509,Liban,2026-06-20,0.0,1-1.5,9.68579574937032e-05
ETH,ET,Ethiopia,ET05,Somali,ET0507,Doolo,2026-06-20,0.0,1-1.5,9.68579574937032e-05
ETH,ET,Ethiopia,ET05,Somali,ET0505,Korahe,2026-06-20,0.0,1-1.5,9.68579574937032e-05
ETH,ET,Ethiopia,ET05,Somali,ET0511,Daawa,2026-06-20,0.0,1-1.5,9.68579574937032e-05
ETH,ET,Ethiopia,ET16,Sidama,ET1600,Sidama,2026-06-21,0.0,1-1.5,0.0001205568966063517
ETH,ET,Ethiopia,ET01,Tigray,ET0107,Mekelle,2026-06-21,0.0018420157,1-1.5,0.0005065568969903531
ETH,ET,Ethiopia,ET01,Tigray,ET0104,Southern,2026-06-21,0.0018420157,1-1.5,0.0005065568969903531
ETH,ET,Ethiopia,ET01,Tigray,ET0101,North Western,2026-06-21,0.0018420157,1-1.5,0.0005065568969903531
ETH,ET,Ethiopia,ET01,Tigray,ET0102,Central,2026-06-21,0.0018420157,1-1.5,0.0005065568969903531
ETH,ET,Ethiopia,ET01,Tigray,ET0105,Western,2026-06-21,0.0018420157,1-1.5,0.0005065568969903531
ETH,ET,Ethiopia,ET01,Tigray,ET0106,South Eastern,2026-06-21,0.0018420157,1-1.5,0.0005065568969903531
ETH,ET,Ethiopia,ET01,Tigray,ET0103,Eastern,2026-06-21,0.0018420157,1-1.5,0.0005065568969903531
ETH,ET,Ethiopia,ET04,Oromia,ET0404,Jimma,2026-06-21,0.0029376433,1-1.5,0.001949251167851881
ETH,ET,Ethiopia,ET04,Oromia,ET0410,East Hararge,2026-06-21,0.0029376433,1-1.5,0.001949251167851881
ETH,ET,Ethiopia,ET04,Oromia,ET0409,West Hararge,2026-06-21,0.0029376433,1-1.5,0.001949251167851881
ETH,ET,Ethiopia,ET04,Oromia,ET0401,West Wellega,2026-06-21,0.0029376433,1-1.5,0.001949251167851881
ETH,ET,Ethiopia,ET04,Oromia,ET0408,Arsi,2026-06-21,0.0029376433,1-1.5,0.001949251167851881
ETH,ET,Ethiopia,ET04,Oromia,ET0403,Ilu Aba Bora,2026-06-21,0.0029376433,1-1.5,0.001949251167851881
ETH,ET,Ethiopia,ET04,Oromia,ET0407,East Shewa,2026-06-21,0.0029376433,1-1.5,0.001949251167851881
ETH,ET,Ethiopia,ET04,Oromia,ET0405,West Shewa,2026-06-21,0.0029376433,1-1.5,0.001949251167851881
ETH,ET,Ethiopia,ET04,Oromia,ET0406,North Shewa (OR),2026-06-21,0.0029376433,1-1.5,0.001949251167851881
ETH,ET,Ethiopia,ET04,Oromia,ET0402,East Wellega,2026-06-21,0.0029376433,1-1.5,0.001949251167851881
ETH,ET,Ethiopia,ET04,Oromia,ET0418,Kelem Wellega,2026-06-21,0.0029376433,1-1.5,0.001949251167851881
ETH,ET,Ethiopia,ET04,Oromia,ET0411,Bale,2026-06-21,0.0029376433,1-1.5,0.001949251167851881
ETH,ET,Ethiopia,ET04,Oromia,ET0416,Buno Bedele,2026-06-21,0.0029376433,1-1.5,0.001949251167851881
ETH,ET,Ethiopia,ET04,Oromia,ET0421,East Bale,2026-06-21,0.0029376433,1-1.5,0.001949251167851881
ETH,ET,Ethiopia,ET04,Oromia,ET0412,Borena,2026-06-21,0.0029376433,1-1.5,0.001949251167851881
ETH,ET,Ethiopia,ET04,Oromia,ET0419,Horo Gudru Wellega,2026-06-21,0.0029376433,1-1.5,0.001949251167851881
ETH,ET,Ethiopia,ET04,Oromia,ET0417,West Arsi,2026-06-21,0.0029376433,1-1.5,0.001949251167851881
ETH,ET,Ethiopia,ET04,Oromia,ET0413,South West Shewa,2026-06-21,0.0029376433,1-1.5,0.001949251167851881
ETH,ET,Ethiopia,ET04,Oromia,ET0415,West Guji,2026-06-21,0.0029376433,1-1.5,0.001949251167851881
ETH,ET,Ethiopia,ET04,Oromia,ET0414,Guji,2026-06-21,0.0029376433,1-1.5,0.001949251167851881
ETH,ET,Ethiopia,ET04,Oromia,ET0420,Finfine Special,2026-06-21,0.0029376433,1-1.5,0.001949251167851881
ETH,ET,Ethiopia,ET07,SNNP,ET0701,Guraghe,2026-06-21,0.007893866,1-1.5,0.001532956754487135
ETH,ET,Ethiopia,ET07,SNNP,ET0724,Yem Special,2026-06-21,0.007893866,1-1.5,0.001532956754487135
ETH,ET,Ethiopia,ET07,SNNP,ET0721,Amaro,2026-06-21,0.007893866,1-1.5,0.001532956754487135
ETH,ET,Ethiopia,ET07,SNNP,ET0703,Kembata Tembaro,2026-06-21,0.007893866,1-1.5,0.001532956754487135
ETH,ET,Ethiopia,ET07,SNNP,ET0710,Gamo,2026-06-21,0.007893866,1-1.5,0.001532956754487135
ETH,ET,Ethiopia,ET07,SNNP,ET0720,Siltie,2026-06-21,0.007893866,1-1.5,0.001532956754487135
ETH,ET,Ethiopia,ET07,SNNP,ET0715,Gofa,2026-06-21,0.007893866,1-1.5,0.001532956754487135
ETH,ET,Ethiopia,ET07,SNNP,ET0713,Konso,2026-06-21,0.007893866,1-1.5,0.001532956754487135
ETH,ET,Ethiopia,ET07,SNNP,ET0723,Derashe,2026-06-21,0.007893866,1-1.5,0.001532956754487135
ETH,ET,Ethiopia,ET07,SNNP,ET0705,Gedeo,2026-06-21,0.007893866,1-1.5,0.001532956754487135
ETH,ET,Ethiopia,ET07,SNNP,ET0706,Wolayita,2026-06-21,0.007893866,1-1.5,0.001532956754487135
ETH,ET,Ethiopia,ET07,SNNP,ET0714,Halaba,2026-06-21,0.007893866,1-1.5,0.001532956754487135
ETH,ET,Ethiopia,ET07,SNNP,ET0722,Burji,2026-06-21,0.007893866,1-1.5,0.001532956754487135
ETH,ET,Ethiopia,ET07,SNNP,ET0707,South Omo,2026-06-21,0.007893866,1-1.5,0.001532956754487135
ETH,ET,Ethiopia,ET07,SNNP,ET0702,Hadiya,2026-06-21,0.007893866,1-1.5,0.001532956754487135
ETH,ET,Ethiopia,ET07,SNNP,ET0716,Basketo,2026-06-21,0.007893866,1-1.5,0.001532956754487135
ETH,ET,Ethiopia,ET07,SNNP,ET0712,Alle,2026-06-21,0.007893866,1-1.5,0.001532956754487135
ETH,ET,Ethiopia,ET15,Dire Dawa,ET1502,Dire Dawa rural,2026-06-21,0.0,1-1.5,1.038961024526295e-07
ETH,ET,Ethiopia,ET15,Dire Dawa,ET1501,Dire Dawa urban,2026-06-21,0.0,1-1.5,1.038961024526295e-07
ETH,ET,Ethiopia,ET06,Benishangul Gumz,ET0604,Kamashi,2026-06-21,0.023128277,>10,0.005888646636453969
ETH,ET,Ethiopia,ET06,Benishangul Gumz,ET0602,Metekel,2026-06-21,0.023128277,>10,0.005888646636453969
ETH,ET,Ethiopia,ET06,Benishangul Gumz,ET0605,Mao Komo Special,2026-06-21,0.023128277,>10,0.005888646636453969
ETH,ET,Ethiopia,ET06,Benishangul Gumz,ET0603,Assosa,2026-06-21,0.023128277,>10,0.005888646636453969
ETH,ET,Ethiopia,ET02,Afar,ET0201,Awsi /Zone 1,2026-06-21,0.0,1-1.5,0.003138739547549366
ETH,ET,Ethiopia,ET02,Afar,ET0204,Fanti /Zone 4,2026-06-21,0.0,1-1.5,0.003138739547549366
ETH,ET,Ethiopia,ET02,Afar,ET0205,Hari /Zone 5,2026-06-21,0.0,1-1.5,0.003138739547549366
ETH,ET,Ethiopia,ET02,Afar,ET0202,Kilbati /Zone2,2026-06-21,0.0,1-1.5,0.003138739547549366
ETH,ET,Ethiopia,ET02,Afar,ET0203,Gabi /Zone 3,2026-06-21,0.0,1-1.5,0.003138739547549366
ETH,ET,Ethiopia,ET03,Amhara,ET0307,West Gojam,2026-06-21,0.00033726552,1-1.5,0.0003575326083932527
ETH,ET,Ethiopia,ET03,Amhara,ET0309,Awi,2026-06-21,0.00033726552,1-1.5,0.0003575326083932527
ETH,ET,Ethiopia,ET03,Amhara,ET0305,North Shewa (AM),2026-06-21,0.00033726552,1-1.5,0.0003575326083932527
ETH,ET,Ethiopia,ET03,Amhara,ET0302,South Gondar,2026-06-21,0.00033726552,1-1.5,0.0003575326083932527
ETH,ET,Ethiopia,ET03,Amhara,ET0312,West Gondar,2026-06-21,0.00033726552,1-1.5,0.0003575326083932527
ETH,ET,Ethiopia,ET03,Amhara,ET0310,Oromia,2026-06-21,0.00033726552,1-1.5,0.0003575326083932527
ETH,ET,Ethiopia,ET03,Amhara,ET0304,South Wello,2026-06-21,0.00033726552,1-1.5,0.0003575326083932527
ETH,ET,Ethiopia,ET03,Amhara,ET0301,North Gondar,2026-06-21,0.00033726552,1-1.5,0.0003575326083932527
ETH,ET,Ethiopia,ET03,Amhara,ET0311,Central Gondar,2026-06-21,0.00033726552,1-1.5,0.0003575326083932527
ETH,ET,Ethiopia,ET03,Amhara,ET0303,North Wello,2026-06-21,0.00033726552,1-1.5,0.0003575326083932527
ETH,ET,Ethiopia,ET03,Amhara,ET0308,Wag Hamra,2026-06-21,0.00033726552,1-1.5,0.0003575326083932527
ETH,ET,Ethiopia,ET03,Amhara,ET0306,East Gojam,2026-06-21,0.00033726552,1-1.5,0.0003575326083932527
ETH,ET,Ethiopia,ET12,Gambela,ET1202,Agnewak,2026-06-21,0.0,1-1.5,0.001071245159751429
ETH,ET,Ethiopia,ET12,Gambela,ET1204,Itang Special woreda,2026-06-21,0.0,1-1.5,0.001071245159751429
ETH,ET,Ethiopia,ET12,Gambela,ET1203,Majang,2026-06-21,0.0,1-1.5,0.001071245159751429
ETH,ET,Ethiopia,ET12,Gambela,ET1201,Nuwer,2026-06-21,0.0,1-1.5,0.001071245159751429
ETH,ET,Ethiopia,ET13,Harari,ET1301,Harari,2026-06-21,0.0,1-1.5,0.0
ETH,ET,Ethiopia,ET14,Addis Ababa,ET1401,Region 14,2026-06-21,0.0,1-1.5,5.102272868746446e-05
ETH,ET,Ethiopia,ET11,South West Ethiopia,ET1106,Konta Special,2026-06-21,0.0,1-1.5,2.160292972723193e-05
ETH,ET,Ethiopia,ET11,South West Ethiopia,ET1105,Mirab Omo,2026-06-21,0.0,1-1.5,2.160292972723193e-05
ETH,ET,Ethiopia,ET11,South West Ethiopia,ET1104,Dawuro,2026-06-21,0.0,1-1.5,2.160292972723193e-05
ETH,ET,Ethiopia,ET11,South West Ethiopia,ET1101,Sheka,2026-06-21,0.0,1-1.5,2.160292972723193e-05
ETH,ET,Ethiopia,ET11,South West Ethiopia,ET1103,Bench Sheko,2026-06-21,0.0,1-1.5,2.160292972723193e-05
ETH,ET,Ethiopia,ET11,South West Ethiopia,ET1102,Kefa,2026-06-21,0.0,1-1.5,2.160292972723193e-05
ETH,ET,Ethiopia,ET05,Somali,ET0510,Nogob,2026-06-21,0.0,1-1.5,9.23347363108769e-05
ETH,ET,Ethiopia,ET05,Somali,ET0506,Shabelle,2026-06-21,0.0,1-1.5,9.23347363108769e-05
ETH,ET,Ethiopia,ET05,Somali,ET0502,Fafan,2026-06-21,0.0,1-1.5,9.23347363108769e-05
ETH,ET,Ethiopia,ET05,Somali,ET0503,Jarar,2026-06-21,0.0,1-1.5,9.23347363108769e-05
ETH,ET,Ethiopia,ET05,Somali,ET0501,Siti,2026-06-21,0.0,1-1.5,9.23347363108769e-05
ETH,ET,Ethiopia,ET05,Somali,ET0508,Afder,2026-06-21,0.0,1-1.5,9.23347363108769e-05
ETH,ET,Ethiopia,ET05,Somali,ET0504,Erer,2026-06-21,0.0,1-1.5,9.23347363108769e-05
ETH,ET,Ethiopia,ET05,Somali,ET0509,Liban,2026-06-21,0.0,1-1.5,9.23347363108769e-05
ETH,ET,Ethiopia,ET05,Somali,ET0507,Doolo,2026-06-21,0.0,1-1.5,9.23347363108769e-05
ETH,ET,Ethiopia,ET05,Somali,ET0505,Korahe,2026-06-21,0.0,1-1.5,9.23347363108769e-05
ETH,ET,Ethiopia,ET05,Somali,ET0511,Daawa,2026-06-21,0.0,1-1.5,9.23347363108769e-05
ETH,ET,Ethiopia,ET16,Sidama,ET1600,Sidama,2026-06-22,0.0,1-1.5,0.0001205405165819684
ETH,ET,Ethiopia,ET01,Tigray,ET0107,Mekelle,2026-06-22,0.0014584608,1-1.5,0.0005777998235275432
ETH,ET,Ethiopia,ET01,Tigray,ET0104,Southern,2026-06-22,0.0014584608,1-1.5,0.0005777998235275432
ETH,ET,Ethiopia,ET01,Tigray,ET0101,North Western,2026-06-22,0.0014584608,1-1.5,0.0005777998235275432
ETH,ET,Ethiopia,ET01,Tigray,ET0102,Central,2026-06-22,0.0014584608,1-1.5,0.0005777998235275432
ETH,ET,Ethiopia,ET01,Tigray,ET0105,Western,2026-06-22,0.0014584608,1-1.5,0.0005777998235275432
ETH,ET,Ethiopia,ET01,Tigray,ET0106,South Eastern,2026-06-22,0.0014584608,1-1.5,0.0005777998235275432
ETH,ET,Ethiopia,ET01,Tigray,ET0103,Eastern,2026-06-22,0.0014584608,1-1.5,0.0005777998235275432
ETH,ET,Ethiopia,ET04,Oromia,ET0404,Jimma,2026-06-22,0.0029888556,1-1.5,0.001959640057942703
ETH,ET,Ethiopia,ET04,Oromia,ET0410,East Hararge,2026-06-22,0.0029888556,1-1.5,0.001959640057942703
ETH,ET,Ethiopia,ET04,Oromia,ET0409,West Hararge,2026-06-22,0.0029888556,1-1.5,0.001959640057942703
ETH,ET,Ethiopia,ET04,Oromia,ET0401,West Wellega,2026-06-22,0.0029888556,1-1.5,0.001959640057942703
ETH,ET,Ethiopia,ET04,Oromia,ET0408,Arsi,2026-06-22,0.0029888556,1-1.5,0.001959640057942703
ETH,ET,Ethiopia,ET04,Oromia,ET0403,Ilu Aba Bora,2026-06-22,0.0029888556,1-1.5,0.001959640057942703
ETH,ET,Ethiopia,ET04,Oromia,ET0407,East Shewa,2026-06-22,0.0029888556,1-1.5,0.001959640057942703
ETH,ET,Ethiopia,ET04,Oromia,ET0405,West Shewa,2026-06-22,0.0029888556,1-1.5,0.001959640057942703
ETH,ET,Ethiopia,ET04,Oromia,ET0406,North Shewa (OR),2026-06-22,0.0029888556,1-1.5,0.001959640057942703
ETH,ET,Ethiopia,ET04,Oromia,ET0402,East Wellega,2026-06-22,0.0029888556,1-1.5,0.001959640057942703
ETH,ET,Ethiopia,ET04,Oromia,ET0418,Kelem Wellega,2026-06-22,0.0029888556,1-1.5,0.001959640057942703
ETH,ET,Ethiopia,ET04,Oromia,ET0411,Bale,2026-06-22,0.0029888556,1-1.5,0.001959640057942703
ETH,ET,Ethiopia,ET04,Oromia,ET0416,Buno Bedele,2026-06-22,0.0029888556,1-1.5,0.001959640057942703
ETH,ET,Ethiopia,ET04,Oromia,ET0421,East Bale,2026-06-22,0.0029888556,1-1.5,0.001959640057942703
ETH,ET,Ethiopia,ET04,Oromia,ET0412,Borena,2026-06-22,0.0029888556,1-1.5,0.001959640057942703
ETH,ET,Ethiopia,ET04,Oromia,ET0419,Horo Gudru Wellega,2026-06-22,0.0029888556,1-1.5,0.001959640057942703
ETH,ET,Ethiopia,ET04,Oromia,ET0417,West Arsi,2026-06-22,0.0029888556,1-1.5,0.001959640057942703
ETH,ET,Ethiopia,ET04,Oromia,ET0413,South West Shewa,2026-06-22,0.0029888556,1-1.5,0.001959640057942703
ETH,ET,Ethiopia,ET04,Oromia,ET0415,West Guji,2026-06-22,0.0029888556,1-1.5,0.001959640057942703
ETH,ET,Ethiopia,ET04,Oromia,ET0414,Guji,2026-06-22,0.0029888556,1-1.5,0.001959640057942703
ETH,ET,Ethiopia,ET04,Oromia,ET0420,Finfine Special,2026-06-22,0.0029888556,1-1.5,0.001959640057942703
ETH,ET,Ethiopia,ET07,SNNP,ET0701,Guraghe,2026-06-22,0.00786402,1-1.5,0.001538039138011465
ETH,ET,Ethiopia,ET07,SNNP,ET0724,Yem Special,2026-06-22,0.00786402,1-1.5,0.001538039138011465
ETH,ET,Ethiopia,ET07,SNNP,ET0721,Amaro,2026-06-22,0.00786402,1-1.5,0.001538039138011465
ETH,ET,Ethiopia,ET07,SNNP,ET0703,Kembata Tembaro,2026-06-22,0.00786402,1-1.5,0.001538039138011465
ETH,ET,Ethiopia,ET07,SNNP,ET0710,Gamo,2026-06-22,0.00786402,1-1.5,0.001538039138011465
ETH,ET,Ethiopia,ET07,SNNP,ET0720,Siltie,2026-06-22,0.00786402,1-1.5,0.001538039138011465
ETH,ET,Ethiopia,ET07,SNNP,ET0715,Gofa,2026-06-22,0.00786402,1-1.5,0.001538039138011465
ETH,ET,Ethiopia,ET07,SNNP,ET0713,Konso,2026-06-22,0.00786402,1-1.5,0.001538039138011465
ETH,ET,Ethiopia,ET07,SNNP,ET0723,Derashe,2026-06-22,0.00786402,1-1.5,0.001538039138011465
ETH,ET,Ethiopia,ET07,SNNP,ET0705,Gedeo,2026-06-22,0.00786402,1-1.5,0.001538039138011465
ETH,ET,Ethiopia,ET07,SNNP,ET0706,Wolayita,2026-06-22,0.00786402,1-1.5,0.001538039138011465
ETH,ET,Ethiopia,ET07,SNNP,ET0714,Halaba,2026-06-22,0.00786402,1-1.5,0.001538039138011465
ETH,ET,Ethiopia,ET07,SNNP,ET0722,Burji,2026-06-22,0.00786402,1-1.5,0.001538039138011465
ETH,ET,Ethiopia,ET07,SNNP,ET0707,South Omo,2026-06-22,0.00786402,1-1.5,0.001538039138011465
ETH,ET,Ethiopia,ET07,SNNP,ET0702,Hadiya,2026-06-22,0.00786402,1-1.5,0.001538039138011465
ETH,ET,Ethiopia,ET07,SNNP,ET0716,Basketo,2026-06-22,0.00786402,1-1.5,0.001538039138011465
ETH,ET,Ethiopia,ET07,SNNP,ET0712,Alle,2026-06-22,0.00786402,1-1.5,0.001538039138011465
ETH,ET,Ethiopia,ET15,Dire Dawa,ET1502,Dire Dawa rural,2026-06-22,0.0,1-1.5,1.038961024526295e-07
ETH,ET,Ethiopia,ET15,Dire Dawa,ET1501,Dire Dawa urban,2026-06-22,0.0,1-1.5,1.038961024526295e-07
ETH,ET,Ethiopia,ET06,Benishangul Gumz,ET0604,Kamashi,2026-06-22,0.023065176,>10,0.005904429559679675
ETH,ET,Ethiopia,ET06,Benishangul Gumz,ET0602,Metekel,2026-06-22,0.023065176,>10,0.005904429559679675
ETH,ET,Ethiopia,ET06,Benishangul Gumz,ET0605,Mao Komo Special,2026-06-22,0.023065176,>10,0.005904429559679675
ETH,ET,Ethiopia,ET06,Benishangul Gumz,ET0603,Assosa,2026-06-22,0.023065176,>10,0.005904429559679675
ETH,ET,Ethiopia,ET02,Afar,ET0201,Awsi /Zone 1,2026-06-22,0.0,1-1.5,0.00305517475459386
ETH,ET,Ethiopia,ET02,Afar,ET0204,Fanti /Zone 4,2026-06-22,0.0,1-1.5,0.00305517475459386
ETH,ET,Ethiopia,ET02,Afar,ET0205,Hari /Zone 5,2026-06-22,0.0,1-1.5,0.00305517475459386
ETH,ET,Ethiopia,ET02,Afar,ET0202,Kilbati /Zone2,2026-06-22,0.0,1-1.5,0.00305517475459386
ETH,ET,Ethiopia,ET02,Afar,ET0203,Gabi /Zone 3,2026-06-22,0.0,1-1.5,0.00305517475459386
ETH,ET,Ethiopia,ET03,Amhara,ET0307,West Gojam,2026-06-22,0.00015394673,1-1.5,0.0003459697885907528
ETH,ET,Ethiopia,ET03,Amhara,ET0309,Awi,2026-06-22,0.00015394673,1-1.5,0.0003459697885907528
ETH,ET,Ethiopia,ET03,Amhara,ET0305,North Shewa (AM),2026-06-22,0.00015394673,1-1.5,0.0003459697885907528
ETH,ET,Ethiopia,ET03,Amhara,ET0302,South Gondar,2026-06-22,0.00015394673,1-1.5,0.0003459697885907528
ETH,ET,Ethiopia,ET03,Amhara,ET0312,West Gondar,2026-06-22,0.00015394673,1-1.5,0.0003459697885907528
ETH,ET,Ethiopia,ET03,Amhara,ET0310,Oromia,2026-06-22,0.00015394673,1-1.5,0.0003459697885907528
ETH,ET,Ethiopia,ET03,Amhara,ET0304,South Wello,2026-06-22,0.00015394673,1-1.5,0.0003459697885907528
ETH,ET,Ethiopia,ET03,Amhara,ET0301,North Gondar,2026-06-22,0.00015394673,1-1.5,0.0003459697885907528
ETH,ET,Ethiopia,ET03,Amhara,ET0311,Central Gondar,2026-06-22,0.00015394673,1-1.5,0.0003459697885907528
ETH,ET,Ethiopia,ET03,Amhara,ET0303,North Wello,2026-06-22,0.00015394673,1-1.5,0.0003459697885907528
ETH,ET,Ethiopia,ET03,Amhara,ET0308,Wag Hamra,2026-06-22,0.00015394673,1-1.5,0.0003459697885907528
ETH,ET,Ethiopia,ET03,Amhara,ET0306,East Gojam,2026-06-22,0.00015394673,1-1.5,0.0003459697885907528
ETH,ET,Ethiopia,ET12,Gambela,ET1202,Agnewak,2026-06-22,0.0,1-1.5,0.001130909880653648
ETH,ET,Ethiopia,ET12,Gambela,ET1204,Itang Special woreda,2026-06-22,0.0,1-1.5,0.001130909880653648
ETH,ET,Ethiopia,ET12,Gambela,ET1203,Majang,2026-06-22,0.0,1-1.5,0.001130909880653648
ETH,ET,Ethiopia,ET12,Gambela,ET1201,Nuwer,2026-06-22,0.0,1-1.5,0.001130909880653648
ETH,ET,Ethiopia,ET13,Harari,ET1301,Harari,2026-06-22,0.0,1-1.5,0.0
ETH,ET,Ethiopia,ET14,Addis Ababa,ET1401,Region 14,2026-06-22,0.0,1-1.5,5.102272868746446e-05
ETH,ET,Ethiopia,ET11,South West Ethiopia,ET1106,Konta Special,2026-06-22,0.0,1-1.5,1.972151032716014e-05
ETH,ET,Ethiopia,ET11,South West Ethiopia,ET1105,Mirab Omo,2026-06-22,0.0,1-1.5,1.972151032716014e-05
ETH,ET,Ethiopia,ET11,South West Ethiopia,ET1104,Dawuro,2026-06-22,0.0,1-1.5,1.972151032716014e-05
ETH,ET,Ethiopia,ET11,South West Ethiopia,ET1101,Sheka,2026-06-22,0.0,1-1.5,1.972151032716014e-05
ETH,ET,Ethiopia,ET11,South West Ethiopia,ET1103,Bench Sheko,2026-06-22,0.0,1-1.5,1.972151032716014e-05
ETH,ET,Ethiopia,ET11,South West Ethiopia,ET1102,Kefa,2026-06-22,0.0,1-1.5,1.972151032716014e-05
ETH,ET,Ethiopia,ET05,Somali,ET0510,Nogob,2026-06-22,0.0,1-1.5,8.578463497701929e-05
ETH,ET,Ethiopia,ET05,Somali,ET0506,Shabelle,2026-06-22,0.0,1-1.5,8.578463497701929e-05
ETH,ET,Ethiopia,ET05,Somali,ET0502,Fafan,2026-06-22,0.0,1-1.5,8.578463497701929e-05
ETH,ET,Ethiopia,ET05,Somali,ET0503,Jarar,2026-06-22,0.0,1-1.5,8.578463497701929e-05
ETH,ET,Ethiopia,ET05,Somali,ET0501,Siti,2026-06-22,0.0,1-1.5,8.578463497701929e-05
ETH,ET,Ethiopia,ET05,Somali,ET0508,Afder,2026-06-22,0.0,1-1.5,8.578463497701929e-05
ETH,ET,Ethiopia,ET05,Somali,ET0504,Erer,2026-06-22,0.0,1-1.5,8.578463497701929e-05
ETH,ET,Ethiopia,ET05,Somali,ET0509,Liban,2026-06-22,0.0,1-1.5,8.578463497701929e-05
ETH,ET,Ethiopia,ET05,Somali,ET0507,Doolo,2026-06-22,0.0,1-1.5,8.578463497701929e-05
ETH,ET,Ethiopia,ET05,Somali,ET0505,Korahe,2026-06-22,0.0,1-1.5,8.578463497701929e-05
ETH,ET,Ethiopia,ET05,Somali,ET0511,Daawa,2026-06-22,0.0,1-1.5,8.578463497701929e-05
ETH,ET,Ethiopia,ET16,Sidama,ET1600,Sidama,2026-06-23,0.0,1-1.5,0.0001205405165819684
ETH,ET,Ethiopia,ET01,Tigray,ET0107,Mekelle,2026-06-23,0.0006351568,1-1.5,0.000610295007576476
ETH,ET,Ethiopia,ET01,Tigray,ET0104,Southern,2026-06-23,0.0006351568,1-1.5,0.000610295007576476
ETH,ET,Ethiopia,ET01,Tigray,ET0101,North Western,2026-06-23,0.0006351568,1-1.5,0.000610295007576476
ETH,ET,Ethiopia,ET01,Tigray,ET0102,Central,2026-06-23,0.0006351568,1-1.5,0.000610295007576476
ETH,ET,Ethiopia,ET01,Tigray,ET0105,Western,2026-06-23,0.0006351568,1-1.5,0.000610295007576476
ETH,ET,Ethiopia,ET01,Tigray,ET0106,South Eastern,2026-06-23,0.0006351568,1-1.5,0.000610295007576476
ETH,ET,Ethiopia,ET01,Tigray,ET0103,Eastern,2026-06-23,0.0006351568,1-1.5,0.000610295007576476
ETH,ET,Ethiopia,ET04,Oromia,ET0404,Jimma,2026-06-23,0.0030748995,1-1.5,0.001964134495276746
ETH,ET,Ethiopia,ET04,Oromia,ET0410,East Hararge,2026-06-23,0.0030748995,1-1.5,0.001964134495276746
ETH,ET,Ethiopia,ET04,Oromia,ET0409,West Hararge,2026-06-23,0.0030748995,1-1.5,0.001964134495276746
ETH,ET,Ethiopia,ET04,Oromia,ET0401,West Wellega,2026-06-23,0.0030748995,1-1.5,0.001964134495276746
ETH,ET,Ethiopia,ET04,Oromia,ET0408,Arsi,2026-06-23,0.0030748995,1-1.5,0.001964134495276746
ETH,ET,Ethiopia,ET04,Oromia,ET0403,Ilu Aba Bora,2026-06-23,0.0030748995,1-1.5,0.001964134495276746
ETH,ET,Ethiopia,ET04,Oromia,ET0407,East Shewa,2026-06-23,0.0030748995,1-1.5,0.001964134495276746
ETH,ET,Ethiopia,ET04,Oromia,ET0405,West Shewa,2026-06-23,0.0030748995,1-1.5,0.001964134495276746
ETH,ET,Ethiopia,ET04,Oromia,ET0406,North Shewa (OR),2026-06-23,0.0030748995,1-1.5,0.001964134495276746
ETH,ET,Ethiopia,ET04,Oromia,ET0402,East Wellega,2026-06-23,0.0030748995,1-1.5,0.001964134495276746
ETH,ET,Ethiopia,ET04,Oromia,ET0418,Kelem Wellega,2026-06-23,0.0030748995,1-1.5,0.001964134495276746
ETH,ET,Ethiopia,ET04,Oromia,ET0411,Bale,2026-06-23,0.0030748995,1-1.5,0.001964134495276746
ETH,ET,Ethiopia,ET04,Oromia,ET0416,Buno Bedele,2026-06-23,0.0030748995,1-1.5,0.001964134495276746
ETH,ET,Ethiopia,ET04,Oromia,ET0421,East Bale,2026-06-23,0.0030748995,1-1.5,0.001964134495276746
ETH,ET,Ethiopia,ET04,Oromia,ET0412,Borena,2026-06-23,0.0030748995,1-1.5,0.001964134495276746
ETH,ET,Ethiopia,ET04,Oromia,ET0419,Horo Gudru Wellega,2026-06-23,0.0030748995,1-1.5,0.001964134495276746
ETH,ET,Ethiopia,ET04,Oromia,ET0417,West Arsi,2026-06-23,0.0030748995,1-1.5,0.001964134495276746
ETH,ET,Ethiopia,ET04,Oromia,ET0413,South West Shewa,2026-06-23,0.0030748995,1-1.5,0.001964134495276746
ETH,ET,Ethiopia,ET04,Oromia,ET0415,West Guji,2026-06-23,0.0030748995,1-1.5,0.001964134495276746
ETH,ET,Ethiopia,ET04,Oromia,ET0414,Guji,2026-06-23,0.0030748995,1-1.5,0.001964134495276746
ETH,ET,Ethiopia,ET04,Oromia,ET0420,Finfine Special,2026-06-23,0.0030748995,1-1.5,0.001964134495276746
ETH,ET,Ethiopia,ET07,SNNP,ET0701,Guraghe,2026-06-23,0.008353362,1-1.5,0.001567778765985912
ETH,ET,Ethiopia,ET07,SNNP,ET0724,Yem Special,2026-06-23,0.008353362,1-1.5,0.001567778765985912
ETH,ET,Ethiopia,ET07,SNNP,ET0721,Amaro,2026-06-23,0.008353362,1-1.5,0.001567778765985912
ETH,ET,Ethiopia,ET07,SNNP,ET0703,Kembata Tembaro,2026-06-23,0.008353362,1-1.5,0.001567778765985912
ETH,ET,Ethiopia,ET07,SNNP,ET0710,Gamo,2026-06-23,0.008353362,1-1.5,0.001567778765985912
ETH,ET,Ethiopia,ET07,SNNP,ET0720,Siltie,2026-06-23,0.008353362,1-1.5,0.001567778765985912
ETH,ET,Ethiopia,ET07,SNNP,ET0715,Gofa,2026-06-23,0.008353362,1-1.5,0.001567778765985912
ETH,ET,Ethiopia,ET07,SNNP,ET0713,Konso,2026-06-23,0.008353362,1-1.5,0.001567778765985912
ETH,ET,Ethiopia,ET07,SNNP,ET0723,Derashe,2026-06-23,0.008353362,1-1.5,0.001567778765985912
ETH,ET,Ethiopia,ET07,SNNP,ET0705,Gedeo,2026-06-23,0.008353362,1-1.5,0.001567778765985912
ETH,ET,Ethiopia,ET07,SNNP,ET0706,Wolayita,2026-06-23,0.008353362,1-1.5,0.001567778765985912
ETH,ET,Ethiopia,ET07,SNNP,ET0714,Halaba,2026-06-23,0.008353362,1-1.5,0.001567778765985912
ETH,ET,Ethiopia,ET07,SNNP,ET0722,Burji,2026-06-23,0.008353362,1-1.5,0.001567778765985912
ETH,ET,Ethiopia,ET07,SNNP,ET0707,South Omo,2026-06-23,0.008353362,1-1.5,0.001567778765985912
ETH,ET,Ethiopia,ET07,SNNP,ET0702,Hadiya,2026-06-23,0.008353362,1-1.5,0.001567778765985912
ETH,ET,Ethiopia,ET07,SNNP,ET0716,Basketo,2026-06-23,0.008353362,1-1.5,0.001567778765985912
ETH,ET,Ethiopia,ET07,SNNP,ET0712,Alle,2026-06-23,0.008353362,1-1.5,0.001567778765985912
ETH,ET,Ethiopia,ET15,Dire Dawa,ET1502,Dire Dawa rural,2026-06-23,0.0,1-1.5,1.038961024526295e-07
ETH,ET,Ethiopia,ET15,Dire Dawa,ET1501,Dire Dawa urban,2026-06-23,0.0,1-1.5,1.038961024526295e-07
ETH,ET,Ethiopia,ET06,Benishangul Gumz,ET0604,Kamashi,2026-06-23,0.020095212,>10,0.005905816545978966
ETH,ET,Ethiopia,ET06,Benishangul Gumz,ET0602,Metekel,2026-06-23,0.020095212,>10,0.005905816545978966
ETH,ET,Ethiopia,ET06,Benishangul Gumz,ET0605,Mao Komo Special,2026-06-23,0.020095212,>10,0.005905816545978966
ETH,ET,Ethiopia,ET06,Benishangul Gumz,ET0603,Assosa,2026-06-23,0.020095212,>10,0.005905816545978966
ETH,ET,Ethiopia,ET02,Afar,ET0201,Awsi /Zone 1,2026-06-23,0.0,1-1.5,0.002990241425471719
ETH,ET,Ethiopia,ET02,Afar,ET0204,Fanti /Zone 4,2026-06-23,0.0,1-1.5,0.002990241425471719
ETH,ET,Ethiopia,ET02,Afar,ET0205,Hari /Zone 5,2026-06-23,0.0,1-1.5,0.002990241425471719
ETH,ET,Ethiopia,ET02,Afar,ET0202,Kilbati /Zone2,2026-06-23,0.0,1-1.5,0.002990241425471719
ETH,ET,Ethiopia,ET02,Afar,ET0203,Gabi /Zone 3,2026-06-23,0.0,1-1.5,0.002990241425471719
ETH,ET,Ethiopia,ET03,Amhara,ET0307,West Gojam,2026-06-23,5.930435e-08,1-1.5,0.0003547226499252916
ETH,ET,Ethiopia,ET03,Amhara,ET0309,Awi,2026-06-23,5.930435e-08,1-1.5,0.0003547226499252916
ETH,ET,Ethiopia,ET03,Amhara,ET0305,North Shewa (AM),2026-06-23,5.930435e-08,1-1.5,0.0003547226499252916
ETH,ET,Ethiopia,ET03,Amhara,ET0302,South Gondar,2026-06-23,5.930435e-08,1-1.5,0.0003547226499252916
ETH,ET,Ethiopia,ET03,Amhara,ET0312,West Gondar,2026-06-23,5.930435e-08,1-1.5,0.0003547226499252916
ETH,ET,Ethiopia,ET03,Amhara,ET0310,Oromia,2026-06-23,5.930435e-08,1-1.5,0.0003547226499252916
ETH,ET,Ethiopia,ET03,Amhara,ET0304,South Wello,2026-06-23,5.930435e-08,1-1.5,0.0003547226499252916
ETH,ET,Ethiopia,ET03,Amhara,ET0301,North Gondar,2026-06-23,5.930435e-08,1-1.5,0.0003547226499252916
ETH,ET,Ethiopia,ET03,Amhara,ET0311,Central Gondar,2026-06-23,5.930435e-08,1-1.5,0.0003547226499252916
ETH,ET,Ethiopia,ET03,Amhara,ET0303,North Wello,2026-06-23,5.930435e-08,1-1.5,0.0003547226499252916
ETH,ET,Ethiopia,ET03,Amhara,ET0308,Wag Hamra,2026-06-23,5.930435e-08,1-1.5,0.0003547226499252916
ETH,ET,Ethiopia,ET03,Amhara,ET0306,East Gojam,2026-06-23,5.930435e-08,1-1.5,0.0003547226499252916
ETH,ET,Ethiopia,ET12,Gambela,ET1202,Agnewak,2026-06-23,0.0,1-1.5,0.001171730087232638
ETH,ET,Ethiopia,ET12,Gambela,ET1204,Itang Special woreda,2026-06-23,0.0,1-1.5,0.001171730087232638
ETH,ET,Ethiopia,ET12,Gambela,ET1203,Majang,2026-06-23,0.0,1-1.5,0.001171730087232638
ETH,ET,Ethiopia,ET12,Gambela,ET1201,Nuwer,2026-06-23,0.0,1-1.5,0.001171730087232638
ETH,ET,Ethiopia,ET13,Harari,ET1301,Harari,2026-06-23,0.0,1-1.5,1.515151531996459e-07
ETH,ET,Ethiopia,ET14,Addis Ababa,ET1401,Region 14,2026-06-23,0.0,1-1.5,5.102272868746446e-05
ETH,ET,Ethiopia,ET11,South West Ethiopia,ET1106,Konta Special,2026-06-23,0.0,1-1.5,1.910273876678626e-05
ETH,ET,Ethiopia,ET11,South West Ethiopia,ET1105,Mirab Omo,2026-06-23,0.0,1-1.5,1.910273876678626e-05
ETH,ET,Ethiopia,ET11,South West Ethiopia,ET1104,Dawuro,2026-06-23,0.0,1-1.5,1.910273876678626e-05
ETH,ET,Ethiopia,ET11,South West Ethiopia,ET1101,Sheka,2026-06-23,0.0,1-1.5,1.910273876678626e-05
ETH,ET,Ethiopia,ET11,South West Ethiopia,ET1103,Bench Sheko,2026-06-23,0.0,1-1.5,1.910273876678626e-05
ETH,ET,Ethiopia,ET11,South West Ethiopia,ET1102,Kefa,2026-06-23,0.0,1-1.5,1.910273876678626e-05
ETH,ET,Ethiopia,ET05,Somali,ET0510,Nogob,2026-06-23,0.0,1-1.5,7.725571485068402e-05
ETH,ET,Ethiopia,ET05,Somali,ET0506,Shabelle,2026-06-23,0.0,1-1.5,7.725571485068402e-05
ETH,ET,Ethiopia,ET05,Somali,ET0502,Fafan,2026-06-23,0.0,1-1.5,7.725571485068402e-05
ETH,ET,Ethiopia,ET05,Somali,ET0503,Jarar,2026-06-23,0.0,1-1.5,7.725571485068402e-05
ETH,ET,Ethiopia,ET05,Somali,ET0501,Siti,2026-06-23,0.0,1-1.5,7.725571485068402e-05
ETH,ET,Ethiopia,ET05,Somali,ET0508,Afder,2026-06-23,0.0,1-1.5,7.725571485068402e-05
ETH,ET,Ethiopia,ET05,Somali,ET0504,Erer,2026-06-23,0.0,1-1.5,7.725571485068402e-05
ETH,ET,Ethiopia,ET05,Somali,ET0509,Liban,2026-06-23,0.0,1-1.5,7.725571485068402e-05
ETH,ET,Ethiopia,ET05,Somali,ET0507,Doolo,2026-06-23,0.0,1-1.5,7.725571485068402e-05
ETH,ET,Ethiopia,ET05,Somali,ET0505,Korahe,2026-06-23,0.0,1-1.5,7.725571485068402e-05
ETH,ET,Ethiopia,ET05,Somali,ET0511,Daawa,2026-06-23,0.0,1-1.5,7.725571485068402e-05
ETH,ET,Ethiopia,ET16,Sidama,ET1600,Sidama,2026-06-24,0.0,1-1.5,0.0001256674616425616
ETH,ET,Ethiopia,ET01,Tigray,ET0107,Mekelle,2026-06-24,0.0016530298,1-1.5,0.0005945427353341612
ETH,ET,Ethiopia,ET01,Tigray,ET0104,Southern,2026-06-24,0.0016530298,1-1.5,0.0005945427353341612
ETH,ET,Ethiopia,ET01,Tigray,ET0101,North Western,2026-06-24,0.0016530298,1-1.5,0.0005945427353341612
ETH,ET,Ethiopia,ET01,Tigray,ET0102,Central,2026-06-24,0.0016530298,1-1.5,0.0005945427353341612
ETH,ET,Ethiopia,ET01,Tigray,ET0105,Western,2026-06-24,0.0016530298,1-1.5,0.0005945427353341612
ETH,ET,Ethiopia,ET01,Tigray,ET0106,South Eastern,2026-06-24,0.0016530298,1-1.5,0.0005945427353341612
ETH,ET,Ethiopia,ET01,Tigray,ET0103,Eastern,2026-06-24,0.0016530298,1-1.5,0.0005945427353341612
ETH,ET,Ethiopia,ET04,Oromia,ET0404,Jimma,2026-06-24,0.0030315786,1-1.5,0.001974085634918249
ETH,ET,Ethiopia,ET04,Oromia,ET0410,East Hararge,2026-06-24,0.0030315786,1-1.5,0.001974085634918249
ETH,ET,Ethiopia,ET04,Oromia,ET0409,West Hararge,2026-06-24,0.0030315786,1-1.5,0.001974085634918249
ETH,ET,Ethiopia,ET04,Oromia,ET0401,West Wellega,2026-06-24,0.0030315786,1-1.5,0.001974085634918249
ETH,ET,Ethiopia,ET04,Oromia,ET0408,Arsi,2026-06-24,0.0030315786,1-1.5,0.001974085634918249
ETH,ET,Ethiopia,ET04,Oromia,ET0403,Ilu Aba Bora,2026-06-24,0.0030315786,1-1.5,0.001974085634918249
ETH,ET,Ethiopia,ET04,Oromia,ET0407,East Shewa,2026-06-24,0.0030315786,1-1.5,0.001974085634918249
ETH,ET,Ethiopia,ET04,Oromia,ET0405,West Shewa,2026-06-24,0.0030315786,1-1.5,0.001974085634918249
ETH,ET,Ethiopia,ET04,Oromia,ET0406,North Shewa (OR),2026-06-24,0.0030315786,1-1.5,0.001974085634918249
ETH,ET,Ethiopia,ET04,Oromia,ET0402,East Wellega,2026-06-24,0.0030315786,1-1.5,0.001974085634918249
ETH,ET,Ethiopia,ET04,Oromia,ET0418,Kelem Wellega,2026-06-24,0.0030315786,1-1.5,0.001974085634918249
ETH,ET,Ethiopia,ET04,Oromia,ET0411,Bale,2026-06-24,0.0030315786,1-1.5,0.001974085634918249
ETH,ET,Ethiopia,ET04,Oromia,ET0416,Buno Bedele,2026-06-24,0.0030315786,1-1.5,0.001974085634918249
ETH,ET,Ethiopia,ET04,Oromia,ET0421,East Bale,2026-06-24,0.0030315786,1-1.5,0.001974085634918249
ETH,ET,Ethiopia,ET04,Oromia,ET0412,Borena,2026-06-24,0.0030315786,1-1.5,0.001974085634918249
ETH,ET,Ethiopia,ET04,Oromia,ET0419,Horo Gudru Wellega,2026-06-24,0.0030315786,1-1.5,0.001974085634918249
ETH,ET,Ethiopia,ET04,Oromia,ET0417,West Arsi,2026-06-24,0.0030315786,1-1.5,0.001974085634918249
ETH,ET,Ethiopia,ET04,Oromia,ET0413,South West Shewa,2026-06-24,0.0030315786,1-1.5,0.001974085634918249
ETH,ET,Ethiopia,ET04,Oromia,ET0415,West Guji,2026-06-24,0.0030315786,1-1.5,0.001974085634918249
ETH,ET,Ethiopia,ET04,Oromia,ET0414,Guji,2026-06-24,0.0030315786,1-1.5,0.001974085634918249
ETH,ET,Ethiopia,ET04,Oromia,ET0420,Finfine Special,2026-06-24,0.0030315786,1-1.5,0.001974085634918249
ETH,ET,Ethiopia,ET07,SNNP,ET0701,Guraghe,2026-06-24,0.008135502,1-1.5,0.001564328335304956
ETH,ET,Ethiopia,ET07,SNNP,ET0724,Yem Special,2026-06-24,0.008135502,1-1.5,0.001564328335304956
ETH,ET,Ethiopia,ET07,SNNP,ET0721,Amaro,2026-06-24,0.008135502,1-1.5,0.001564328335304956
ETH,ET,Ethiopia,ET07,SNNP,ET0703,Kembata Tembaro,2026-06-24,0.008135502,1-1.5,0.001564328335304956
ETH,ET,Ethiopia,ET07,SNNP,ET0710,Gamo,2026-06-24,0.008135502,1-1.5,0.001564328335304956
ETH,ET,Ethiopia,ET07,SNNP,ET0720,Siltie,2026-06-24,0.008135502,1-1.5,0.001564328335304956
ETH,ET,Ethiopia,ET07,SNNP,ET0715,Gofa,2026-06-24,0.008135502,1-1.5,0.001564328335304956
ETH,ET,Ethiopia,ET07,SNNP,ET0713,Konso,2026-06-24,0.008135502,1-1.5,0.001564328335304956
ETH,ET,Ethiopia,ET07,SNNP,ET0723,Derashe,2026-06-24,0.008135502,1-1.5,0.001564328335304956
ETH,ET,Ethiopia,ET07,SNNP,ET0705,Gedeo,2026-06-24,0.008135502,1-1.5,0.001564328335304956
ETH,ET,Ethiopia,ET07,SNNP,ET0706,Wolayita,2026-06-24,0.008135502,1-1.5,0.001564328335304956
ETH,ET,Ethiopia,ET07,SNNP,ET0714,Halaba,2026-06-24,0.008135502,1-1.5,0.001564328335304956
ETH,ET,Ethiopia,ET07,SNNP,ET0722,Burji,2026-06-24,0.008135502,1-1.5,0.001564328335304956
ETH,ET,Ethiopia,ET07,SNNP,ET0707,South Omo,2026-06-24,0.008135502,1-1.5,0.001564328335304956
ETH,ET,Ethiopia,ET07,SNNP,ET0702,Hadiya,2026-06-24,0.008135502,1-1.5,0.001564328335304956
ETH,ET,Ethiopia,ET07,SNNP,ET0716,Basketo,2026-06-24,0.008135502,1-1.5,0.001564328335304956
ETH,ET,Ethiopia,ET07,SNNP,ET0712,Alle,2026-06-24,0.008135502,1-1.5,0.001564328335304956
ETH,ET,Ethiopia,ET15,Dire Dawa,ET1502,Dire Dawa rural,2026-06-24,0.0,1-1.5,1.038961024526295e-07
ETH,ET,Ethiopia,ET15,Dire Dawa,ET1501,Dire Dawa urban,2026-06-24,0.0,1-1.5,1.038961024526295e-07
ETH,ET,Ethiopia,ET06,Benishangul Gumz,ET0604,Kamashi,2026-06-24,0.02077982,>10,0.005916656285367724
ETH,ET,Ethiopia,ET06,Benishangul Gumz,ET0602,Metekel,2026-06-24,0.02077982,>10,0.005916656285367724
ETH,ET,Ethiopia,ET06,Benishangul Gumz,ET0605,Mao Komo Special,2026-06-24,0.02077982,>10,0.005916656285367724
ETH,ET,Ethiopia,ET06,Benishangul Gumz,ET0603,Assosa,2026-06-24,0.02077982,>10,0.005916656285367724
ETH,ET,Ethiopia,ET02,Afar,ET0201,Awsi /Zone 1,2026-06-24,0.0,1-1.5,0.002927323247687044
ETH,ET,Ethiopia,ET02,Afar,ET0204,Fanti /Zone 4,2026-06-24,0.0,1-1.5,0.002927323247687044
ETH,ET,Ethiopia,ET02,Afar,ET0205,Hari /Zone 5,2026-06-24,0.0,1-1.5,0.002927323247687044
ETH,ET,Ethiopia,ET02,Afar,ET0202,Kilbati /Zone2,2026-06-24,0.0,1-1.5,0.002927323247687044
ETH,ET,Ethiopia,ET02,Afar,ET0203,Gabi /Zone 3,2026-06-24,0.0,1-1.5,0.002927323247687044
ETH,ET,Ethiopia,ET03,Amhara,ET0307,West Gojam,2026-06-24,0.0005634436,1-1.5,0.0003596354912519024
ETH,ET,Ethiopia,ET03,Amhara,ET0309,Awi,2026-06-24,0.0005634436,1-1.5,0.0003596354912519024
ETH,ET,Ethiopia,ET03,Amhara,ET0305,North Shewa (AM),2026-06-24,0.0005634436,1-1.5,0.0003596354912519024
ETH,ET,Ethiopia,ET03,Amhara,ET0302,South Gondar,2026-06-24,0.0005634436,1-1.5,0.0003596354912519024
ETH,ET,Ethiopia,ET03,Amhara,ET0312,West Gondar,2026-06-24,0.0005634436,1-1.5,0.0003596354912519024
ETH,ET,Ethiopia,ET03,Amhara,ET0310,Oromia,2026-06-24,0.0005634436,1-1.5,0.0003596354912519024
ETH,ET,Ethiopia,ET03,Amhara,ET0304,South Wello,2026-06-24,0.0005634436,1-1.5,0.0003596354912519024
ETH,ET,Ethiopia,ET03,Amhara,ET0301,North Gondar,2026-06-24,0.0005634436,1-1.5,0.0003596354912519024
ETH,ET,Ethiopia,ET03,Amhara,ET0311,Central Gondar,2026-06-24,0.0005634436,1-1.5,0.0003596354912519024
ETH,ET,Ethiopia,ET03,Amhara,ET0303,North Wello,2026-06-24,0.0005634436,1-1.5,0.0003596354912519024
ETH,ET,Ethiopia,ET03,Amhara,ET0308,Wag Hamra,2026-06-24,0.0005634436,1-1.5,0.0003596354912519024
ETH,ET,Ethiopia,ET03,Amhara,ET0306,East Gojam,2026-06-24,0.0005634436,1-1.5,0.0003596354912519024
ETH,ET,Ethiopia,ET12,Gambela,ET1202,Agnewak,2026-06-24,0.0,1-1.5,0.001248278883940657
ETH,ET,Ethiopia,ET12,Gambela,ET1204,Itang Special woreda,2026-06-24,0.0,1-1.5,0.001248278883940657
ETH,ET,Ethiopia,ET12,Gambela,ET1203,Majang,2026-06-24,0.0,1-1.5,0.001248278883940657
ETH,ET,Ethiopia,ET12,Gambela,ET1201,Nuwer,2026-06-24,0.0,1-1.5,0.001248278883940657
ETH,ET,Ethiopia,ET13,Harari,ET1301,Harari,2026-06-24,0.0,1-1.5,1.515151531996459e-07
ETH,ET,Ethiopia,ET14,Addis Ababa,ET1401,Region 14,2026-06-24,0.0,1-1.5,5.272727428911654e-05
ETH,ET,Ethiopia,ET11,South West Ethiopia,ET1106,Konta Special,2026-06-24,0.0,1-1.5,2.119128581897071e-05
ETH,ET,Ethiopia,ET11,South West Ethiopia,ET1105,Mirab Omo,2026-06-24,0.0,1-1.5,2.119128581897071e-05
ETH,ET,Ethiopia,ET11,South West Ethiopia,ET1104,Dawuro,2026-06-24,0.0,1-1.5,2.119128581897071e-05
ETH,ET,Ethiopia,ET11,South West Ethiopia,ET1101,Sheka,2026-06-24,0.0,1-1.5,2.119128581897071e-05
ETH,ET,Ethiopia,ET11,South West Ethiopia,ET1103,Bench Sheko,2026-06-24,0.0,1-1.5,2.119128581897071e-05
ETH,ET,Ethiopia,ET11,South West Ethiopia,ET1102,Kefa,2026-06-24,0.0,1-1.5,2.119128581897071e-05
ETH,ET,Ethiopia,ET05,Somali,ET0510,Nogob,2026-06-24,0.0,1-1.5,8.049197881363084e-05
ETH,ET,Ethiopia,ET05,Somali,ET0506,Shabelle,2026-06-24,0.0,1-1.5,8.049197881363084e-05
ETH,ET,Ethiopia,ET05,Somali,ET0502,Fafan,2026-06-24,0.0,1-1.5,8.049197881363084e-05
ETH,ET,Ethiopia,ET05,Somali,ET0503,Jarar,2026-06-24,0.0,1-1.5,8.049197881363084e-05
ETH,ET,Ethiopia,ET05,Somali,ET0501,Siti,2026-06-24,0.0,1-1.5,8.049197881363084e-05
ETH,ET,Ethiopia,ET05,Somali,ET0508,Afder,2026-06-24,0.0,1-1.5,8.049197881363084e-05
ETH,ET,Ethiopia,ET05,Somali,ET0504,Erer,2026-06-24,0.0,1-1.5,8.049197881363084e-05
ETH,ET,Ethiopia,ET05,Somali,ET0509,Liban,2026-06-24,0.0,1-1.5,8.049197881363084e-05
ETH,ET,Ethiopia,ET05,Somali,ET0507,Doolo,2026-06-24,0.0,1-1.5,8.049197881363084e-05
ETH,ET,Ethiopia,ET05,Somali,ET0505,Korahe,2026-06-24,0.0,1-1.5,8.049197881363084e-05
ETH,ET,Ethiopia,ET05,Somali,ET0511,Daawa,2026-06-24,0.0,1-1.5,8.049197881363084e-05
ETH,ET,Ethiopia,ET16,Sidama,ET1600,Sidama,2026-06-25,0.0,1-1.5,0.0001253234813041424
ETH,ET,Ethiopia,ET01,Tigray,ET0107,Mekelle,2026-06-25,0.0016246062,1-1.5,0.0006313515257933102
ETH,ET,Ethiopia,ET01,Tigray,ET0104,Southern,2026-06-25,0.0016246062,1-1.5,0.0006313515257933102
ETH,ET,Ethiopia,ET01,Tigray,ET0101,North Western,2026-06-25,0.0016246062,1-1.5,0.0006313515257933102
ETH,ET,Ethiopia,ET01,Tigray,ET0102,Central,2026-06-25,0.0016246062,1-1.5,0.0006313515257933102
ETH,ET,Ethiopia,ET01,Tigray,ET0105,Western,2026-06-25,0.0016246062,1-1.5,0.0006313515257933102
ETH,ET,Ethiopia,ET01,Tigray,ET0106,South Eastern,2026-06-25,0.0016246062,1-1.5,0.0006313515257933102
ETH,ET,Ethiopia,ET01,Tigray,ET0103,Eastern,2026-06-25,0.0016246062,1-1.5,0.0006313515257933102
ETH,ET,Ethiopia,ET04,Oromia,ET0404,Jimma,2026-06-25,0.0031244725,1-1.5,0.001999440765278202
ETH,ET,Ethiopia,ET04,Oromia,ET0410,East Hararge,2026-06-25,0.0031244725,1-1.5,0.001999440765278202
ETH,ET,Ethiopia,ET04,Oromia,ET0409,West Hararge,2026-06-25,0.0031244725,1-1.5,0.001999440765278202
ETH,ET,Ethiopia,ET04,Oromia,ET0401,West Wellega,2026-06-25,0.0031244725,1-1.5,0.001999440765278202
ETH,ET,Ethiopia,ET04,Oromia,ET0408,Arsi,2026-06-25,0.0031244725,1-1.5,0.001999440765278202
ETH,ET,Ethiopia,ET04,Oromia,ET0403,Ilu Aba Bora,2026-06-25,0.0031244725,1-1.5,0.001999440765278202
ETH,ET,Ethiopia,ET04,Oromia,ET0407,East Shewa,2026-06-25,0.0031244725,1-1.5,0.001999440765278202
ETH,ET,Ethiopia,ET04,Oromia,ET0405,West Shewa,2026-06-25,0.0031244725,1-1.5,0.001999440765278202
ETH,ET,Ethiopia,ET04,Oromia,ET0406,North Shewa (OR),2026-06-25,0.0031244725,1-1.5,0.001999440765278202
ETH,ET,Ethiopia,ET04,Oromia,ET0402,East Wellega,2026-06-25,0.0031244725,1-1.5,0.001999440765278202
ETH,ET,Ethiopia,ET04,Oromia,ET0418,Kelem Wellega,2026-06-25,0.0031244725,1-1.5,0.001999440765278202
ETH,ET,Ethiopia,ET04,Oromia,ET0411,Bale,2026-06-25,0.0031244725,1-1.5,0.001999440765278202
ETH,ET,Ethiopia,ET04,Oromia,ET0416,Buno Bedele,2026-06-25,0.0031244725,1-1.5,0.001999440765278202
ETH,ET,Ethiopia,ET04,Oromia,ET0421,East Bale,2026-06-25,0.0031244725,1-1.5,0.001999440765278202
ETH,ET,Ethiopia,ET04,Oromia,ET0412,Borena,2026-06-25,0.0031244725,1-1.5,0.001999440765278202
ETH,ET,Ethiopia,ET04,Oromia,ET0419,Horo Gudru Wellega,2026-06-25,0.0031244725,1-1.5,0.001999440765278202
ETH,ET,Ethiopia,ET04,Oromia,ET0417,West Arsi,2026-06-25,0.0031244725,1-1.5,0.001999440765278202
ETH,ET,Ethiopia,ET04,Oromia,ET0413,South West Shewa,2026-06-25,0.0031244725,1-1.5,0.001999440765278202
ETH,ET,Ethiopia,ET04,Oromia,ET0415,West Guji,2026-06-25,0.0031244725,1-1.5,0.001999440765278202
ETH,ET,Ethiopia,ET04,Oromia,ET0414,Guji,2026-06-25,0.0031244725,1-1.5,0.001999440765278202
ETH,ET,Ethiopia,ET04,Oromia,ET0420,Finfine Special,2026-06-25,0.0031244725,1-1.5,0.001999440765278202
ETH,ET,Ethiopia,ET07,SNNP,ET0701,Guraghe,2026-06-25,0.008204834,1-1.5,0.001576965353822082
ETH,ET,Ethiopia,ET07,SNNP,ET0724,Yem Special,2026-06-25,0.008204834,1-1.5,0.001576965353822082
ETH,ET,Ethiopia,ET07,SNNP,ET0721,Amaro,2026-06-25,0.008204834,1-1.5,0.001576965353822082
ETH,ET,Ethiopia,ET07,SNNP,ET0703,Kembata Tembaro,2026-06-25,0.008204834,1-1.5,0.001576965353822082
ETH,ET,Ethiopia,ET07,SNNP,ET0710,Gamo,2026-06-25,0.008204834,1-1.5,0.001576965353822082
ETH,ET,Ethiopia,ET07,SNNP,ET0720,Siltie,2026-06-25,0.008204834,1-1.5,0.001576965353822082
ETH,ET,Ethiopia,ET07,SNNP,ET0715,Gofa,2026-06-25,0.008204834,1-1.5,0.001576965353822082
ETH,ET,Ethiopia,ET07,SNNP,ET0713,Konso,2026-06-25,0.008204834,1-1.5,0.001576965353822082
ETH,ET,Ethiopia,ET07,SNNP,ET0723,Derashe,2026-06-25,0.008204834,1-1.5,0.001576965353822082
ETH,ET,Ethiopia,ET07,SNNP,ET0705,Gedeo,2026-06-25,0.008204834,1-1.5,0.001576965353822082
ETH,ET,Ethiopia,ET07,SNNP,ET0706,Wolayita,2026-06-25,0.008204834,1-1.5,0.001576965353822082
ETH,ET,Ethiopia,ET07,SNNP,ET0714,Halaba,2026-06-25,0.008204834,1-1.5,0.001576965353822082
ETH,ET,Ethiopia,ET07,SNNP,ET0722,Burji,2026-06-25,0.008204834,1-1.5,0.001576965353822082
ETH,ET,Ethiopia,ET07,SNNP,ET0707,South Omo,2026-06-25,0.008204834,1-1.5,0.001576965353822082
ETH,ET,Ethiopia,ET07,SNNP,ET0702,Hadiya,2026-06-25,0.008204834,1-1.5,0.001576965353822082
ETH,ET,Ethiopia,ET07,SNNP,ET0716,Basketo,2026-06-25,0.008204834,1-1.5,0.001576965353822082
ETH,ET,Ethiopia,ET07,SNNP,ET0712,Alle,2026-06-25,0.008204834,1-1.5,0.001576965353822082
ETH,ET,Ethiopia,ET15,Dire Dawa,ET1502,Dire Dawa rural,2026-06-25,0.0,1-1.5,2.07792204905259e-07
ETH,ET,Ethiopia,ET15,Dire Dawa,ET1501,Dire Dawa urban,2026-06-25,0.0,1-1.5,2.07792204905259e-07
ETH,ET,Ethiopia,ET06,Benishangul Gumz,ET0604,Kamashi,2026-06-25,0.0222564,>10,0.005931024753131452
ETH,ET,Ethiopia,ET06,Benishangul Gumz,ET0602,Metekel,2026-06-25,0.0222564,>10,0.005931024753131452
ETH,ET,Ethiopia,ET06,Benishangul Gumz,ET0605,Mao Komo Special,2026-06-25,0.0222564,>10,0.005931024753131452
ETH,ET,Ethiopia,ET06,Benishangul Gumz,ET0603,Assosa,2026-06-25,0.0222564,>10,0.005931024753131452
ETH,ET,Ethiopia,ET02,Afar,ET0201,Awsi /Zone 1,2026-06-25,0.0,1-1.5,0.002864693748150868
ETH,ET,Ethiopia,ET02,Afar,ET0204,Fanti /Zone 4,2026-06-25,0.0,1-1.5,0.002864693748150868
ETH,ET,Ethiopia,ET02,Afar,ET0205,Hari /Zone 5,2026-06-25,0.0,1-1.5,0.002864693748150868
ETH,ET,Ethiopia,ET02,Afar,ET0202,Kilbati /Zone2,2026-06-25,0.0,1-1.5,0.002864693748150868
ETH,ET,Ethiopia,ET02,Afar,ET0203,Gabi /Zone 3,2026-06-25,0.0,1-1.5,0.002864693748150868
ETH,ET,Ethiopia,ET03,Amhara,ET0307,West Gojam,2026-06-25,0.0012256533,1-1.5,0.0003809818898548397
ETH,ET,Ethiopia,ET03,Amhara,ET0309,Awi,2026-06-25,0.0012256533,1-1.5,0.0003809818898548397
ETH,ET,Ethiopia,ET03,Amhara,ET0305,North Shewa (AM),2026-06-25,0.0012256533,1-1.5,0.0003809818898548397
ETH,ET,Ethiopia,ET03,Amhara,ET0302,South Gondar,2026-06-25,0.0012256533,1-1.5,0.0003809818898548397
ETH,ET,Ethiopia,ET03,Amhara,ET0312,West Gondar,2026-06-25,0.0012256533,1-1.5,0.0003809818898548397
ETH,ET,Ethiopia,ET03,Amhara,ET0310,Oromia,2026-06-25,0.0012256533,1-1.5,0.0003809818898548397
ETH,ET,Ethiopia,ET03,Amhara,ET0304,South Wello,2026-06-25,0.0012256533,1-1.5,0.0003809818898548397
ETH,ET,Ethiopia,ET03,Amhara,ET0301,North Gondar,2026-06-25,0.0012256533,1-1.5,0.0003809818898548397
ETH,ET,Ethiopia,ET03,Amhara,ET0311,Central Gondar,2026-06-25,0.0012256533,1-1.5,0.0003809818898548397
ETH,ET,Ethiopia,ET03,Amhara,ET0303,North Wello,2026-06-25,0.0012256533,1-1.5,0.0003809818898548397
ETH,ET,Ethiopia,ET03,Amhara,ET0308,Wag Hamra,2026-06-25,0.0012256533,1-1.5,0.0003809818898548397
ETH,ET,Ethiopia,ET03,Amhara,ET0306,East Gojam,2026-06-25,0.0012256533,1-1.5,0.0003809818898548397
ETH,ET,Ethiopia,ET12,Gambela,ET1202,Agnewak,2026-06-25,0.0,1-1.5,0.001355783950665765
ETH,ET,Ethiopia,ET12,Gambela,ET1204,Itang Special woreda,2026-06-25,0.0,1-1.5,0.001355783950665765
ETH,ET,Ethiopia,ET12,Gambela,ET1203,Majang,2026-06-25,0.0,1-1.5,0.001355783950665765
ETH,ET,Ethiopia,ET12,Gambela,ET1201,Nuwer,2026-06-25,0.0,1-1.5,0.001355783950665765
ETH,ET,Ethiopia,ET13,Harari,ET1301,Harari,2026-06-25,0.0,1-1.5,1.515151531996459e-07
ETH,ET,Ethiopia,ET14,Addis Ababa,ET1401,Region 14,2026-06-25,0.0,1-1.5,5.284091064988222e-05
ETH,ET,Ethiopia,ET11,South West Ethiopia,ET1106,Konta Special,2026-06-25,0.0,1-1.5,2.298950524678131e-05
ETH,ET,Ethiopia,ET11,South West Ethiopia,ET1105,Mirab Omo,2026-06-25,0.0,1-1.5,2.298950524678131e-05
ETH,ET,Ethiopia,ET11,South West Ethiopia,ET1104,Dawuro,2026-06-25,0.0,1-1.5,2.298950524678131e-05
ETH,ET,Ethiopia,ET11,South West Ethiopia,ET1101,Sheka,2026-06-25,0.0,1-1.5,2.298950524678131e-05
ETH,ET,Ethiopia,ET11,South West Ethiopia,ET1103,Bench Sheko,2026-06-25,0.0,1-1.5,2.298950524678131e-05
ETH,ET,Ethiopia,ET11,South West Ethiopia,ET1102,Kefa,2026-06-25,0.0,1-1.5,2.298950524678131e-05
ETH,ET,Ethiopia,ET05,Somali,ET0510,Nogob,2026-06-25,0.0,1-1.5,8.689118276300176e-05
ETH,ET,Ethiopia,ET05,Somali,ET0506,Shabelle,2026-06-25,0.0,1-1.5,8.689118276300176e-05
ETH,ET,Ethiopia,ET05,Somali,ET0502,Fafan,2026-06-25,0.0,1-1.5,8.689118276300176e-05
ETH,ET,Ethiopia,ET05,Somali,ET0503,Jarar,2026-06-25,0.0,1-1.5,8.689118276300176e-05
ETH,ET,Ethiopia,ET05,Somali,ET0501,Siti,2026-06-25,0.0,1-1.5,8.689118276300176e-05
ETH,ET,Ethiopia,ET05,Somali,ET0508,Afder,2026-06-25,0.0,1-1.5,8.689118276300176e-05
ETH,ET,Ethiopia,ET05,Somali,ET0504,Erer,2026-06-25,0.0,1-1.5,8.689118276300176e-05
ETH,ET,Ethiopia,ET05,Somali,ET0509,Liban,2026-06-25,0.0,1-1.5,8.689118276300176e-05
ETH,ET,Ethiopia,ET05,Somali,ET0507,Doolo,2026-06-25,0.0,1-1.5,8.689118276300176e-05
ETH,ET,Ethiopia,ET05,Somali,ET0505,Korahe,2026-06-25,0.0,1-1.5,8.689118276300176e-05
ETH,ET,Ethiopia,ET05,Somali,ET0511,Daawa,2026-06-25,0.0,1-1.5,8.689118276300176e-05
ETH,ET,Ethiopia,ET16,Sidama,ET1600,Sidama,2026-06-26,0.0,1-1.5,0.0001217280676428345
ETH,ET,Ethiopia,ET01,Tigray,ET0107,Mekelle,2026-06-26,0.0016188943,1-1.5,0.0006106245960852035
ETH,ET,Ethiopia,ET01,Tigray,ET0104,Southern,2026-06-26,0.0016188943,1-1.5,0.0006106245960852035
ETH,ET,Ethiopia,ET01,Tigray,ET0101,North Western,2026-06-26,0.0016188943,1-1.5,0.0006106245960852035
ETH,ET,Ethiopia,ET01,Tigray,ET0102,Central,2026-06-26,0.0016188943,1-1.5,0.0006106245960852035
ETH,ET,Ethiopia,ET01,Tigray,ET0105,Western,2026-06-26,0.0016188943,1-1.5,0.0006106245960852035
ETH,ET,Ethiopia,ET01,Tigray,ET0106,South Eastern,2026-06-26,0.0016188943,1-1.5,0.0006106245960852035
ETH,ET,Ethiopia,ET01,Tigray,ET0103,Eastern,2026-06-26,0.0016188943,1-1.5,0.0006106245960852035
ETH,ET,Ethiopia,ET04,Oromia,ET0404,Jimma,2026-06-26,0.0030778265,1-1.5,0.002009061439126857
ETH,ET,Ethiopia,ET04,Oromia,ET0410,East Hararge,2026-06-26,0.0030778265,1-1.5,0.002009061439126857
ETH,ET,Ethiopia,ET04,Oromia,ET0409,West Hararge,2026-06-26,0.0030778265,1-1.5,0.002009061439126857
ETH,ET,Ethiopia,ET04,Oromia,ET0401,West Wellega,2026-06-26,0.0030778265,1-1.5,0.002009061439126857
ETH,ET,Ethiopia,ET04,Oromia,ET0408,Arsi,2026-06-26,0.0030778265,1-1.5,0.002009061439126857
ETH,ET,Ethiopia,ET04,Oromia,ET0403,Ilu Aba Bora,2026-06-26,0.0030778265,1-1.5,0.002009061439126857
ETH,ET,Ethiopia,ET04,Oromia,ET0407,East Shewa,2026-06-26,0.0030778265,1-1.5,0.002009061439126857
ETH,ET,Ethiopia,ET04,Oromia,ET0405,West Shewa,2026-06-26,0.0030778265,1-1.5,0.002009061439126857
ETH,ET,Ethiopia,ET04,Oromia,ET0406,North Shewa (OR),2026-06-26,0.0030778265,1-1.5,0.002009061439126857
ETH,ET,Ethiopia,ET04,Oromia,ET0402,East Wellega,2026-06-26,0.0030778265,1-1.5,0.002009061439126857
ETH,ET,Ethiopia,ET04,Oromia,ET0418,Kelem Wellega,2026-06-26,0.0030778265,1-1.5,0.002009061439126857
ETH,ET,Ethiopia,ET04,Oromia,ET0411,Bale,2026-06-26,0.0030778265,1-1.5,0.002009061439126857
ETH,ET,Ethiopia,ET04,Oromia,ET0416,Buno Bedele,2026-06-26,0.0030778265,1-1.5,0.002009061439126857
ETH,ET,Ethiopia,ET04,Oromia,ET0421,East Bale,2026-06-26,0.0030778265,1-1.5,0.002009061439126857
ETH,ET,Ethiopia,ET04,Oromia,ET0412,Borena,2026-06-26,0.0030778265,1-1.5,0.002009061439126857
ETH,ET,Ethiopia,ET04,Oromia,ET0419,Horo Gudru Wellega,2026-06-26,0.0030778265,1-1.5,0.002009061439126857
ETH,ET,Ethiopia,ET04,Oromia,ET0417,West Arsi,2026-06-26,0.0030778265,1-1.5,0.002009061439126857
ETH,ET,Ethiopia,ET04,Oromia,ET0413,South West Shewa,2026-06-26,0.0030778265,1-1.5,0.002009061439126857
ETH,ET,Ethiopia,ET04,Oromia,ET0415,West Guji,2026-06-26,0.0030778265,1-1.5,0.002009061439126857
ETH,ET,Ethiopia,ET04,Oromia,ET0414,Guji,2026-06-26,0.0030778265,1-1.5,0.002009061439126857
ETH,ET,Ethiopia,ET04,Oromia,ET0420,Finfine Special,2026-06-26,0.0030778265,1-1.5,0.002009061439126857
ETH,ET,Ethiopia,ET07,SNNP,ET0701,Guraghe,2026-06-26,0.008180054,1-1.5,0.001548905034327287
ETH,ET,Ethiopia,ET07,SNNP,ET0724,Yem Special,2026-06-26,0.008180054,1-1.5,0.001548905034327287
ETH,ET,Ethiopia,ET07,SNNP,ET0721,Amaro,2026-06-26,0.008180054,1-1.5,0.001548905034327287
ETH,ET,Ethiopia,ET07,SNNP,ET0703,Kembata Tembaro,2026-06-26,0.008180054,1-1.5,0.001548905034327287
ETH,ET,Ethiopia,ET07,SNNP,ET0710,Gamo,2026-06-26,0.008180054,1-1.5,0.001548905034327287
ETH,ET,Ethiopia,ET07,SNNP,ET0720,Siltie,2026-06-26,0.008180054,1-1.5,0.001548905034327287
ETH,ET,Ethiopia,ET07,SNNP,ET0715,Gofa,2026-06-26,0.008180054,1-1.5,0.001548905034327287
ETH,ET,Ethiopia,ET07,SNNP,ET0713,Konso,2026-06-26,0.008180054,1-1.5,0.001548905034327287
ETH,ET,Ethiopia,ET07,SNNP,ET0723,Derashe,2026-06-26,0.008180054,1-1.5,0.001548905034327287
ETH,ET,Ethiopia,ET07,SNNP,ET0705,Gedeo,2026-06-26,0.008180054,1-1.5,0.001548905034327287
ETH,ET,Ethiopia,ET07,SNNP,ET0706,Wolayita,2026-06-26,0.008180054,1-1.5,0.001548905034327287
ETH,ET,Ethiopia,ET07,SNNP,ET0714,Halaba,2026-06-26,0.008180054,1-1.5,0.001548905034327287
ETH,ET,Ethiopia,ET07,SNNP,ET0722,Burji,2026-06-26,0.008180054,1-1.5,0.001548905034327287
ETH,ET,Ethiopia,ET07,SNNP,ET0707,South Omo,2026-06-26,0.008180054,1-1.5,0.001548905034327287
ETH,ET,Ethiopia,ET07,SNNP,ET0702,Hadiya,2026-06-26,0.008180054,1-1.5,0.001548905034327287
ETH,ET,Ethiopia,ET07,SNNP,ET0716,Basketo,2026-06-26,0.008180054,1-1.5,0.001548905034327287
ETH,ET,Ethiopia,ET07,SNNP,ET0712,Alle,2026-06-26,0.008180054,1-1.5,0.001548905034327287
ETH,ET,Ethiopia,ET15,Dire Dawa,ET1502,Dire Dawa rural,2026-06-26,0.0,1-1.5,2.07792204905259e-07
ETH,ET,Ethiopia,ET15,Dire Dawa,ET1501,Dire Dawa urban,2026-06-26,0.0,1-1.5,2.07792204905259e-07
ETH,ET,Ethiopia,ET06,Benishangul Gumz,ET0604,Kamashi,2026-06-26,0.020692587,>10,0.005951103733942954
ETH,ET,Ethiopia,ET06,Benishangul Gumz,ET0602,Metekel,2026-06-26,0.020692587,>10,0.005951103733942954
ETH,ET,Ethiopia,ET06,Benishangul Gumz,ET0605,Mao Komo Special,2026-06-26,0.020692587,>10,0.005951103733942954
ETH,ET,Ethiopia,ET06,Benishangul Gumz,ET0603,Assosa,2026-06-26,0.020692587,>10,0.005951103733942954
ETH,ET,Ethiopia,ET02,Afar,ET0201,Awsi /Zone 1,2026-06-26,0.0,1-1.5,0.002819361267293888
ETH,ET,Ethiopia,ET02,Afar,ET0204,Fanti /Zone 4,2026-06-26,0.0,1-1.5,0.002819361267293888
ETH,ET,Ethiopia,ET02,Afar,ET0205,Hari /Zone 5,2026-06-26,0.0,1-1.5,0.002819361267293888
ETH,ET,Ethiopia,ET02,Afar,ET0202,Kilbati /Zone2,2026-06-26,0.0,1-1.5,0.002819361267293888
ETH,ET,Ethiopia,ET02,Afar,ET0203,Gabi /Zone 3,2026-06-26,0.0,1-1.5,0.002819361267293888
ETH,ET,Ethiopia,ET03,Amhara,ET0307,West Gojam,2026-06-26,0.001266789,1-1.5,0.000397010139296583
ETH,ET,Ethiopia,ET03,Amhara,ET0309,Awi,2026-06-26,0.001266789,1-1.5,0.000397010139296583
ETH,ET,Ethiopia,ET03,Amhara,ET0305,North Shewa (AM),2026-06-26,0.001266789,1-1.5,0.000397010139296583
ETH,ET,Ethiopia,ET03,Amhara,ET0302,South Gondar,2026-06-26,0.001266789,1-1.5,0.000397010139296583
ETH,ET,Ethiopia,ET03,Amhara,ET0312,West Gondar,2026-06-26,0.001266789,1-1.5,0.000397010139296583
ETH,ET,Ethiopia,ET03,Amhara,ET0310,Oromia,2026-06-26,0.001266789,1-1.5,0.000397010139296583
ETH,ET,Ethiopia,ET03,Amhara,ET0304,South Wello,2026-06-26,0.001266789,1-1.5,0.000397010139296583
ETH,ET,Ethiopia,ET03,Amhara,ET0301,North Gondar,2026-06-26,0.001266789,1-1.5,0.000397010139296583
ETH,ET,Ethiopia,ET03,Amhara,ET0311,Central Gondar,2026-06-26,0.001266789,1-1.5,0.000397010139296583
ETH,ET,Ethiopia,ET03,Amhara,ET0303,North Wello,2026-06-26,0.001266789,1-1.5,0.000397010139296583
ETH,ET,Ethiopia,ET03,Amhara,ET0308,Wag Hamra,2026-06-26,0.001266789,1-1.5,0.000397010139296583
ETH,ET,Ethiopia,ET03,Amhara,ET0306,East Gojam,2026-06-26,0.001266789,1-1.5,0.000397010139296583
ETH,ET,Ethiopia,ET12,Gambela,ET1202,Agnewak,2026-06-26,0.0,1-1.5,0.001448823670613241
ETH,ET,Ethiopia,ET12,Gambela,ET1204,Itang Special woreda,2026-06-26,0.0,1-1.5,0.001448823670613241
ETH,ET,Ethiopia,ET12,Gambela,ET1203,Majang,2026-06-26,0.0,1-1.5,0.001448823670613241
ETH,ET,Ethiopia,ET12,Gambela,ET1201,Nuwer,2026-06-26,0.0,1-1.5,0.001448823670613241
ETH,ET,Ethiopia,ET13,Harari,ET1301,Harari,2026-06-26,0.0,1-1.5,1.515151531996459e-07
ETH,ET,Ethiopia,ET14,Addis Ababa,ET1401,Region 14,2026-06-26,0.0,1-1.5,6.988636439266635e-06
ETH,ET,Ethiopia,ET11,South West Ethiopia,ET1106,Konta Special,2026-06-26,0.0,1-1.5,2.244426973925846e-05
ETH,ET,Ethiopia,ET11,South West Ethiopia,ET1105,Mirab Omo,2026-06-26,0.0,1-1.5,2.244426973925846e-05
ETH,ET,Ethiopia,ET11,South West Ethiopia,ET1104,Dawuro,2026-06-26,0.0,1-1.5,2.244426973925846e-05
ETH,ET,Ethiopia,ET11,South West Ethiopia,ET1101,Sheka,2026-06-26,0.0,1-1.5,2.244426973925846e-05
ETH,ET,Ethiopia,ET11,South West Ethiopia,ET1103,Bench Sheko,2026-06-26,0.0,1-1.5,2.244426973925846e-05
ETH,ET,Ethiopia,ET11,South West Ethiopia,ET1102,Kefa,2026-06-26,0.0,1-1.5,2.244426973925846e-05
ETH,ET,Ethiopia,ET05,Somali,ET0510,Nogob,2026-06-26,0.0,1-1.5,8.757607842110428e-05
ETH,ET,Ethiopia,ET05,Somali,ET0506,Shabelle,2026-06-26,0.0,1-1.5,8.757607842110428e-05
ETH,ET,Ethiopia,ET05,Somali,ET0502,Fafan,2026-06-26,0.0,1-1.5,8.757607842110428e-05
ETH,ET,Ethiopia,ET05,Somali,ET0503,Jarar,2026-06-26,0.0,1-1.5,8.757607842110428e-05
ETH,ET,Ethiopia,ET05,Somali,ET0501,Siti,2026-06-26,0.0,1-1.5,8.757607842110428e-05
ETH,ET,Ethiopia,ET05,Somali,ET0508,Afder,2026-06-26,0.0,1-1.5,8.757607842110428e-05
ETH,ET,Ethiopia,ET05,Somali,ET0504,Erer,2026-06-26,0.0,1-1.5,8.757607842110428e-05
ETH,ET,Ethiopia,ET05,Somali,ET0509,Liban,2026-06-26,0.0,1-1.5,8.757607842110428e-05
ETH,ET,Ethiopia,ET05,Somali,ET0507,Doolo,2026-06-26,0.0,1-1.5,8.757607842110428e-05
ETH,ET,Ethiopia,ET05,Somali,ET0505,Korahe,2026-06-26,0.0,1-1.5,8.757607842110428e-05
ETH,ET,Ethiopia,ET05,Somali,ET0511,Daawa,2026-06-26,0.0,1-1.5,8.757607842110428e-05
ETH,ET,Ethiopia,ET16,Sidama,ET1600,Sidama,2026-06-27,0.0,1-1.5,0.0001219737678845625
ETH,ET,Ethiopia,ET01,Tigray,ET0107,Mekelle,2026-06-27,2.8522533e-07,1-1.5,0.0005455470413153309
ETH,ET,Ethiopia,ET01,Tigray,ET0104,Southern,2026-06-27,2.8522533e-07,1-1.5,0.0005455470413153309
ETH,ET,Ethiopia,ET01,Tigray,ET0101,North Western,2026-06-27,2.8522533e-07,1-1.5,0.0005455470413153309
ETH,ET,Ethiopia,ET01,Tigray,ET0102,Central,2026-06-27,2.8522533e-07,1-1.5,0.0005455470413153309
ETH,ET,Ethiopia,ET01,Tigray,ET0105,Western,2026-06-27,2.8522533e-07,1-1.5,0.0005455470413153309
ETH,ET,Ethiopia,ET01,Tigray,ET0106,South Eastern,2026-06-27,2.8522533e-07,1-1.5,0.0005455470413153309
ETH,ET,Ethiopia,ET01,Tigray,ET0103,Eastern,2026-06-27,2.8522533e-07,1-1.5,0.0005455470413153309
ETH,ET,Ethiopia,ET04,Oromia,ET0404,Jimma,2026-06-27,0.0030915267,1-1.5,0.002031504085409159
ETH,ET,Ethiopia,ET04,Oromia,ET0410,East Hararge,2026-06-27,0.0030915267,1-1.5,0.002031504085409159
ETH,ET,Ethiopia,ET04,Oromia,ET0409,West Hararge,2026-06-27,0.0030915267,1-1.5,0.002031504085409159
ETH,ET,Ethiopia,ET04,Oromia,ET0401,West Wellega,2026-06-27,0.0030915267,1-1.5,0.002031504085409159
ETH,ET,Ethiopia,ET04,Oromia,ET0408,Arsi,2026-06-27,0.0030915267,1-1.5,0.002031504085409159
ETH,ET,Ethiopia,ET04,Oromia,ET0403,Ilu Aba Bora,2026-06-27,0.0030915267,1-1.5,0.002031504085409159
ETH,ET,Ethiopia,ET04,Oromia,ET0407,East Shewa,2026-06-27,0.0030915267,1-1.5,0.002031504085409159
ETH,ET,Ethiopia,ET04,Oromia,ET0405,West Shewa,2026-06-27,0.0030915267,1-1.5,0.002031504085409159
ETH,ET,Ethiopia,ET04,Oromia,ET0406,North Shewa (OR),2026-06-27,0.0030915267,1-1.5,0.002031504085409159
ETH,ET,Ethiopia,ET04,Oromia,ET0402,East Wellega,2026-06-27,0.0030915267,1-1.5,0.002031504085409159
ETH,ET,Ethiopia,ET04,Oromia,ET0418,Kelem Wellega,2026-06-27,0.0030915267,1-1.5,0.002031504085409159
ETH,ET,Ethiopia,ET04,Oromia,ET0411,Bale,2026-06-27,0.0030915267,1-1.5,0.002031504085409159
ETH,ET,Ethiopia,ET04,Oromia,ET0416,Buno Bedele,2026-06-27,0.0030915267,1-1.5,0.002031504085409159
ETH,ET,Ethiopia,ET04,Oromia,ET0421,East Bale,2026-06-27,0.0030915267,1-1.5,0.002031504085409159
ETH,ET,Ethiopia,ET04,Oromia,ET0412,Borena,2026-06-27,0.0030915267,1-1.5,0.002031504085409159
ETH,ET,Ethiopia,ET04,Oromia,ET0419,Horo Gudru Wellega,2026-06-27,0.0030915267,1-1.5,0.002031504085409159
ETH,ET,Ethiopia,ET04,Oromia,ET0417,West Arsi,2026-06-27,0.0030915267,1-1.5,0.002031504085409159
ETH,ET,Ethiopia,ET04,Oromia,ET0413,South West Shewa,2026-06-27,0.0030915267,1-1.5,0.002031504085409159
ETH,ET,Ethiopia,ET04,Oromia,ET0415,West Guji,2026-06-27,0.0030915267,1-1.5,0.002031504085409159
ETH,ET,Ethiopia,ET04,Oromia,ET0414,Guji,2026-06-27,0.0030915267,1-1.5,0.002031504085409159
ETH,ET,Ethiopia,ET04,Oromia,ET0420,Finfine Special,2026-06-27,0.0030915267,1-1.5,0.002031504085409159
ETH,ET,Ethiopia,ET07,SNNP,ET0701,Guraghe,2026-06-27,0.008722919,1-1.5,0.001597655029432975
ETH,ET,Ethiopia,ET07,SNNP,ET0724,Yem Special,2026-06-27,0.008722919,1-1.5,0.001597655029432975
ETH,ET,Ethiopia,ET07,SNNP,ET0721,Amaro,2026-06-27,0.008722919,1-1.5,0.001597655029432975
ETH,ET,Ethiopia,ET07,SNNP,ET0703,Kembata Tembaro,2026-06-27,0.008722919,1-1.5,0.001597655029432975
ETH,ET,Ethiopia,ET07,SNNP,ET0710,Gamo,2026-06-27,0.008722919,1-1.5,0.001597655029432975
ETH,ET,Ethiopia,ET07,SNNP,ET0720,Siltie,2026-06-27,0.008722919,1-1.5,0.001597655029432975
ETH,ET,Ethiopia,ET07,SNNP,ET0715,Gofa,2026-06-27,0.008722919,1-1.5,0.001597655029432975
ETH,ET,Ethiopia,ET07,SNNP,ET0713,Konso,2026-06-27,0.008722919,1-1.5,0.001597655029432975
ETH,ET,Ethiopia,ET07,SNNP,ET0723,Derashe,2026-06-27,0.008722919,1-1.5,0.001597655029432975
ETH,ET,Ethiopia,ET07,SNNP,ET0705,Gedeo,2026-06-27,0.008722919,1-1.5,0.001597655029432975
ETH,ET,Ethiopia,ET07,SNNP,ET0706,Wolayita,2026-06-27,0.008722919,1-1.5,0.001597655029432975
ETH,ET,Ethiopia,ET07,SNNP,ET0714,Halaba,2026-06-27,0.008722919,1-1.5,0.001597655029432975
ETH,ET,Ethiopia,ET07,SNNP,ET0722,Burji,2026-06-27,0.008722919,1-1.5,0.001597655029432975
ETH,ET,Ethiopia,ET07,SNNP,ET0707,South Omo,2026-06-27,0.008722919,1-1.5,0.001597655029432975
ETH,ET,Ethiopia,ET07,SNNP,ET0702,Hadiya,2026-06-27,0.008722919,1-1.5,0.001597655029432975
ETH,ET,Ethiopia,ET07,SNNP,ET0716,Basketo,2026-06-27,0.008722919,1-1.5,0.001597655029432975
ETH,ET,Ethiopia,ET07,SNNP,ET0712,Alle,2026-06-27,0.008722919,1-1.5,0.001597655029432975
ETH,ET,Ethiopia,ET15,Dire Dawa,ET1502,Dire Dawa rural,2026-06-27,0.0,1-1.5,2.07792204905259e-07
ETH,ET,Ethiopia,ET15,Dire Dawa,ET1501,Dire Dawa urban,2026-06-27,0.0,1-1.5,2.07792204905259e-07
ETH,ET,Ethiopia,ET06,Benishangul Gumz,ET0604,Kamashi,2026-06-27,0.021953424,>10,0.005954140395999084
ETH,ET,Ethiopia,ET06,Benishangul Gumz,ET0602,Metekel,2026-06-27,0.021953424,>10,0.005954140395999084
ETH,ET,Ethiopia,ET06,Benishangul Gumz,ET0605,Mao Komo Special,2026-06-27,0.021953424,>10,0.005954140395999084
ETH,ET,Ethiopia,ET06,Benishangul Gumz,ET0603,Assosa,2026-06-27,0.021953424,>10,0.005954140395999084
ETH,ET,Ethiopia,ET02,Afar,ET0201,Awsi /Zone 1,2026-06-27,0.0,1-1.5,0.002792010685979304
ETH,ET,Ethiopia,ET02,Afar,ET0204,Fanti /Zone 4,2026-06-27,0.0,1-1.5,0.002792010685979304
ETH,ET,Ethiopia,ET02,Afar,ET0205,Hari /Zone 5,2026-06-27,0.0,1-1.5,0.002792010685979304
ETH,ET,Ethiopia,ET02,Afar,ET0202,Kilbati /Zone2,2026-06-27,0.0,1-1.5,0.002792010685979304
ETH,ET,Ethiopia,ET02,Afar,ET0203,Gabi /Zone 3,2026-06-27,0.0,1-1.5,0.002792010685979304
ETH,ET,Ethiopia,ET03,Amhara,ET0307,West Gojam,2026-06-27,0.00023390618,1-1.5,0.0004213484982102178
ETH,ET,Ethiopia,ET03,Amhara,ET0309,Awi,2026-06-27,0.00023390618,1-1.5,0.0004213484982102178
ETH,ET,Ethiopia,ET03,Amhara,ET0305,North Shewa (AM),2026-06-27,0.00023390618,1-1.5,0.0004213484982102178
ETH,ET,Ethiopia,ET03,Amhara,ET0302,South Gondar,2026-06-27,0.00023390618,1-1.5,0.0004213484982102178
ETH,ET,Ethiopia,ET03,Amhara,ET0312,West Gondar,2026-06-27,0.00023390618,1-1.5,0.0004213484982102178
ETH,ET,Ethiopia,ET03,Amhara,ET0310,Oromia,2026-06-27,0.00023390618,1-1.5,0.0004213484982102178
ETH,ET,Ethiopia,ET03,Amhara,ET0304,South Wello,2026-06-27,0.00023390618,1-1.5,0.0004213484982102178
ETH,ET,Ethiopia,ET03,Amhara,ET0301,North Gondar,2026-06-27,0.00023390618,1-1.5,0.0004213484982102178
ETH,ET,Ethiopia,ET03,Amhara,ET0311,Central Gondar,2026-06-27,0.00023390618,1-1.5,0.0004213484982102178
ETH,ET,Ethiopia,ET03,Amhara,ET0303,North Wello,2026-06-27,0.00023390618,1-1.5,0.0004213484982102178
ETH,ET,Ethiopia,ET03,Amhara,ET0308,Wag Hamra,2026-06-27,0.00023390618,1-1.5,0.0004213484982102178
ETH,ET,Ethiopia,ET03,Amhara,ET0306,East Gojam,2026-06-27,0.00023390618,1-1.5,0.0004213484982102178
ETH,ET,Ethiopia,ET12,Gambela,ET1202,Agnewak,2026-06-27,0.0013875377,1-1.5,0.001526460479892028
ETH,ET,Ethiopia,ET12,Gambela,ET1204,Itang Special woreda,2026-06-27,0.0013875377,1-1.5,0.001526460479892028
ETH,ET,Ethiopia,ET12,Gambela,ET1203,Majang,2026-06-27,0.0013875377,1-1.5,0.001526460479892028
ETH,ET,Ethiopia,ET12,Gambela,ET1201,Nuwer,2026-06-27,0.0013875377,1-1.5,0.001526460479892028
ETH,ET,Ethiopia,ET13,Harari,ET1301,Harari,2026-06-27,0.0,1-1.5,1.515151531996459e-07
ETH,ET,Ethiopia,ET14,Addis Ababa,ET1401,Region 14,2026-06-27,0.0,1-1.5,7.386363813566277e-06
ETH,ET,Ethiopia,ET11,South West Ethiopia,ET1106,Konta Special,2026-06-27,0.0,1-1.5,2.160899142751305e-05
ETH,ET,Ethiopia,ET11,South West Ethiopia,ET1105,Mirab Omo,2026-06-27,0.0,1-1.5,2.160899142751305e-05
ETH,ET,Ethiopia,ET11,South West Ethiopia,ET1104,Dawuro,2026-06-27,0.0,1-1.5,2.160899142751305e-05
ETH,ET,Ethiopia,ET11,South West Ethiopia,ET1101,Sheka,2026-06-27,0.0,1-1.5,2.160899142751305e-05
ETH,ET,Ethiopia,ET11,South West Ethiopia,ET1103,Bench Sheko,2026-06-27,0.0,1-1.5,2.160899142751305e-05
ETH,ET,Ethiopia,ET11,South West Ethiopia,ET1102,Kefa,2026-06-27,0.0,1-1.5,2.160899142751305e-05
ETH,ET,Ethiopia,ET05,Somali,ET0510,Nogob,2026-06-27,0.0,1-1.5,8.932495454644463e-05
ETH,ET,Ethiopia,ET05,Somali,ET0506,Shabelle,2026-06-27,0.0,1-1.5,8.932495454644463e-05
ETH,ET,Ethiopia,ET05,Somali,ET0502,Fafan,2026-06-27,0.0,1-1.5,8.932495454644463e-05
ETH,ET,Ethiopia,ET05,Somali,ET0503,Jarar,2026-06-27,0.0,1-1.5,8.932495454644463e-05
ETH,ET,Ethiopia,ET05,Somali,ET0501,Siti,2026-06-27,0.0,1-1.5,8.932495454644463e-05
ETH,ET,Ethiopia,ET05,Somali,ET0508,Afder,2026-06-27,0.0,1-1.5,8.932495454644463e-05
ETH,ET,Ethiopia,ET05,Somali,ET0504,Erer,2026-06-27,0.0,1-1.5,8.932495454644463e-05
ETH,ET,Ethiopia,ET05,Somali,ET0509,Liban,2026-06-27,0.0,1-1.5,8.932495454644463e-05
ETH,ET,Ethiopia,ET05,Somali,ET0507,Doolo,2026-06-27,0.0,1-1.5,8.932495454644463e-05
ETH,ET,Ethiopia,ET05,Somali,ET0505,Korahe,2026-06-27,0.0,1-1.5,8.932495454644463e-05
ETH,ET,Ethiopia,ET05,Somali,ET0511,Daawa,2026-06-27,0.0,1-1.5,8.932495454644463e-05
ETH,ET,Ethiopia,ET16,Sidama,ET1600,Sidama,2026-06-28,0.0,1-1.5,0.0001219737678845625
ETH,ET,Ethiopia,ET01,Tigray,ET0107,Mekelle,2026-06-28,2.3032226e-07,1-1.5,0.0006113474629464897
ETH,ET,Ethiopia,ET01,Tigray,ET0104,Southern,2026-06-28,2.3032226e-07,1-1.5,0.0006113474629464897
ETH,ET,Ethiopia,ET01,Tigray,ET0101,North Western,2026-06-28,2.3032226e-07,1-1.5,0.0006113474629464897
ETH,ET,Ethiopia,ET01,Tigray,ET0102,Central,2026-06-28,2.3032226e-07,1-1.5,0.0006113474629464897
ETH,ET,Ethiopia,ET01,Tigray,ET0105,Western,2026-06-28,2.3032226e-07,1-1.5,0.0006113474629464897
ETH,ET,Ethiopia,ET01,Tigray,ET0106,South Eastern,2026-06-28,2.3032226e-07,1-1.5,0.0006113474629464897
ETH,ET,Ethiopia,ET01,Tigray,ET0103,Eastern,2026-06-28,2.3032226e-07,1-1.5,0.0006113474629464897
ETH,ET,Ethiopia,ET04,Oromia,ET0404,Jimma,2026-06-28,0.0032068358,1-1.5,0.002045519253244327
ETH,ET,Ethiopia,ET04,Oromia,ET0410,East Hararge,2026-06-28,0.0032068358,1-1.5,0.002045519253244327
ETH,ET,Ethiopia,ET04,Oromia,ET0409,West Hararge,2026-06-28,0.0032068358,1-1.5,0.002045519253244327
ETH,ET,Ethiopia,ET04,Oromia,ET0401,West Wellega,2026-06-28,0.0032068358,1-1.5,0.002045519253244327
ETH,ET,Ethiopia,ET04,Oromia,ET0408,Arsi,2026-06-28,0.0032068358,1-1.5,0.002045519253244327
ETH,ET,Ethiopia,ET04,Oromia,ET0403,Ilu Aba Bora,2026-06-28,0.0032068358,1-1.5,0.002045519253244327
ETH,ET,Ethiopia,ET04,Oromia,ET0407,East Shewa,2026-06-28,0.0032068358,1-1.5,0.002045519253244327
ETH,ET,Ethiopia,ET04,Oromia,ET0405,West Shewa,2026-06-28,0.0032068358,1-1.5,0.002045519253244327
ETH,ET,Ethiopia,ET04,Oromia,ET0406,North Shewa (OR),2026-06-28,0.0032068358,1-1.5,0.002045519253244327
ETH,ET,Ethiopia,ET04,Oromia,ET0402,East Wellega,2026-06-28,0.0032068358,1-1.5,0.002045519253244327
ETH,ET,Ethiopia,ET04,Oromia,ET0418,Kelem Wellega,2026-06-28,0.0032068358,1-1.5,0.002045519253244327
ETH,ET,Ethiopia,ET04,Oromia,ET0411,Bale,2026-06-28,0.0032068358,1-1.5,0.002045519253244327
ETH,ET,Ethiopia,ET04,Oromia,ET0416,Buno Bedele,2026-06-28,0.0032068358,1-1.5,0.002045519253244327
ETH,ET,Ethiopia,ET04,Oromia,ET0421,East Bale,2026-06-28,0.0032068358,1-1.5,0.002045519253244327
ETH,ET,Ethiopia,ET04,Oromia,ET0412,Borena,2026-06-28,0.0032068358,1-1.5,0.002045519253244327
ETH,ET,Ethiopia,ET04,Oromia,ET0419,Horo Gudru Wellega,2026-06-28,0.0032068358,1-1.5,0.002045519253244327
ETH,ET,Ethiopia,ET04,Oromia,ET0417,West Arsi,2026-06-28,0.0032068358,1-1.5,0.002045519253244327
ETH,ET,Ethiopia,ET04,Oromia,ET0413,South West Shewa,2026-06-28,0.0032068358,1-1.5,0.002045519253244327
ETH,ET,Ethiopia,ET04,Oromia,ET0415,West Guji,2026-06-28,0.0032068358,1-1.5,0.002045519253244327
ETH,ET,Ethiopia,ET04,Oromia,ET0414,Guji,2026-06-28,0.0032068358,1-1.5,0.002045519253244327
ETH,ET,Ethiopia,ET04,Oromia,ET0420,Finfine Special,2026-06-28,0.0032068358,1-1.5,0.002045519253244327
ETH,ET,Ethiopia,ET07,SNNP,ET0701,Guraghe,2026-06-28,0.009073024,1-1.5,0.001608319915645882
ETH,ET,Ethiopia,ET07,SNNP,ET0724,Yem Special,2026-06-28,0.009073024,1-1.5,0.001608319915645882
ETH,ET,Ethiopia,ET07,SNNP,ET0721,Amaro,2026-06-28,0.009073024,1-1.5,0.001608319915645882
ETH,ET,Ethiopia,ET07,SNNP,ET0703,Kembata Tembaro,2026-06-28,0.009073024,1-1.5,0.001608319915645882
ETH,ET,Ethiopia,ET07,SNNP,ET0710,Gamo,2026-06-28,0.009073024,1-1.5,0.001608319915645882
ETH,ET,Ethiopia,ET07,SNNP,ET0720,Siltie,2026-06-28,0.009073024,1-1.5,0.001608319915645882
ETH,ET,Ethiopia,ET07,SNNP,ET0715,Gofa,2026-06-28,0.009073024,1-1.5,0.001608319915645882
ETH,ET,Ethiopia,ET07,SNNP,ET0713,Konso,2026-06-28,0.009073024,1-1.5,0.001608319915645882
ETH,ET,Ethiopia,ET07,SNNP,ET0723,Derashe,2026-06-28,0.009073024,1-1.5,0.001608319915645882
ETH,ET,Ethiopia,ET07,SNNP,ET0705,Gedeo,2026-06-28,0.009073024,1-1.5,0.001608319915645882
ETH,ET,Ethiopia,ET07,SNNP,ET0706,Wolayita,2026-06-28,0.009073024,1-1.5,0.001608319915645882
ETH,ET,Ethiopia,ET07,SNNP,ET0714,Halaba,2026-06-28,0.009073024,1-1.5,0.001608319915645882
ETH,ET,Ethiopia,ET07,SNNP,ET0722,Burji,2026-06-28,0.009073024,1-1.5,0.001608319915645882
ETH,ET,Ethiopia,ET07,SNNP,ET0707,South Omo,2026-06-28,0.009073024,1-1.5,0.001608319915645882
ETH,ET,Ethiopia,ET07,SNNP,ET0702,Hadiya,2026-06-28,0.009073024,1-1.5,0.001608319915645882
ETH,ET,Ethiopia,ET07,SNNP,ET0716,Basketo,2026-06-28,0.009073024,1-1.5,0.001608319915645882
ETH,ET,Ethiopia,ET07,SNNP,ET0712,Alle,2026-06-28,0.009073024,1-1.5,0.001608319915645882
ETH,ET,Ethiopia,ET15,Dire Dawa,ET1502,Dire Dawa rural,2026-06-28,0.0,1-1.5,2.07792204905259e-07
ETH,ET,Ethiopia,ET15,Dire Dawa,ET1501,Dire Dawa urban,2026-06-28,0.0,1-1.5,2.07792204905259e-07
ETH,ET,Ethiopia,ET06,Benishangul Gumz,ET0604,Kamashi,2026-06-28,0.020377312,>10,0.005974223933771777
ETH,ET,Ethiopia,ET06,Benishangul Gumz,ET0602,Metekel,2026-06-28,0.020377312,>10,0.005974223933771777
ETH,ET,Ethiopia,ET06,Benishangul Gumz,ET0605,Mao Komo Special,2026-06-28,0.020377312,>10,0.005974223933771777
ETH,ET,Ethiopia,ET06,Benishangul Gumz,ET0603,Assosa,2026-06-28,0.020377312,>10,0.005974223933771777
ETH,ET,Ethiopia,ET02,Afar,ET0201,Awsi /Zone 1,2026-06-28,0.0,1-1.5,0.002798401656433601
ETH,ET,Ethiopia,ET02,Afar,ET0204,Fanti /Zone 4,2026-06-28,0.0,1-1.5,0.002798401656433601
ETH,ET,Ethiopia,ET02,Afar,ET0205,Hari /Zone 5,2026-06-28,0.0,1-1.5,0.002798401656433601
ETH,ET,Ethiopia,ET02,Afar,ET0202,Kilbati /Zone2,2026-06-28,0.0,1-1.5,0.002798401656433601
ETH,ET,Ethiopia,ET02,Afar,ET0203,Gabi /Zone 3,2026-06-28,0.0,1-1.5,0.002798401656433601
ETH,ET,Ethiopia,ET03,Amhara,ET0307,West Gojam,2026-06-28,0.00029862212,1-1.5,0.0005098358175817194
ETH,ET,Ethiopia,ET03,Amhara,ET0309,Awi,2026-06-28,0.00029862212,1-1.5,0.0005098358175817194
ETH,ET,Ethiopia,ET03,Amhara,ET0305,North Shewa (AM),2026-06-28,0.00029862212,1-1.5,0.0005098358175817194
ETH,ET,Ethiopia,ET03,Amhara,ET0302,South Gondar,2026-06-28,0.00029862212,1-1.5,0.0005098358175817194
ETH,ET,Ethiopia,ET03,Amhara,ET0312,West Gondar,2026-06-28,0.00029862212,1-1.5,0.0005098358175817194
ETH,ET,Ethiopia,ET03,Amhara,ET0310,Oromia,2026-06-28,0.00029862212,1-1.5,0.0005098358175817194
ETH,ET,Ethiopia,ET03,Amhara,ET0304,South Wello,2026-06-28,0.00029862212,1-1.5,0.0005098358175817194
ETH,ET,Ethiopia,ET03,Amhara,ET0301,North Gondar,2026-06-28,0.00029862212,1-1.5,0.0005098358175817194
ETH,ET,Ethiopia,ET03,Amhara,ET0311,Central Gondar,2026-06-28,0.00029862212,1-1.5,0.0005098358175817194
ETH,ET,Ethiopia,ET03,Amhara,ET0303,North Wello,2026-06-28,0.00029862212,1-1.5,0.0005098358175817194
ETH,ET,Ethiopia,ET03,Amhara,ET0308,Wag Hamra,2026-06-28,0.00029862212,1-1.5,0.0005098358175817194
ETH,ET,Ethiopia,ET03,Amhara,ET0306,East Gojam,2026-06-28,0.00029862212,1-1.5,0.0005098358175817194
ETH,ET,Ethiopia,ET12,Gambela,ET1202,Agnewak,2026-06-28,0.0018375916,1-1.5,0.001575426874214
ETH,ET,Ethiopia,ET12,Gambela,ET1204,Itang Special woreda,2026-06-28,0.0018375916,1-1.5,0.001575426874214
ETH,ET,Ethiopia,ET12,Gambela,ET1203,Majang,2026-06-28,0.0018375916,1-1.5,0.001575426874214
ETH,ET,Ethiopia,ET12,Gambela,ET1201,Nuwer,2026-06-28,0.0018375916,1-1.5,0.001575426874214
ETH,ET,Ethiopia,ET13,Harari,ET1301,Harari,2026-06-28,0.0,1-1.5,1.515151531996459e-07
ETH,ET,Ethiopia,ET14,Addis Ababa,ET1401,Region 14,2026-06-28,0.0,1-1.5,8.579545605739852e-06
ETH,ET,Ethiopia,ET11,South West Ethiopia,ET1106,Konta Special,2026-06-28,8.233909e-05,1-1.5,1.873579501831686e-05
ETH,ET,Ethiopia,ET11,South West Ethiopia,ET1105,Mirab Omo,2026-06-28,8.233909e-05,1-1.5,1.873579501831686e-05
ETH,ET,Ethiopia,ET11,South West Ethiopia,ET1104,Dawuro,2026-06-28,8.233909e-05,1-1.5,1.873579501831686e-05
ETH,ET,Ethiopia,ET11,South West Ethiopia,ET1101,Sheka,2026-06-28,8.233909e-05,1-1.5,1.873579501831686e-05
ETH,ET,Ethiopia,ET11,South West Ethiopia,ET1103,Bench Sheko,2026-06-28,8.233909e-05,1-1.5,1.873579501831686e-05
ETH,ET,Ethiopia,ET11,South West Ethiopia,ET1102,Kefa,2026-06-28,8.233909e-05,1-1.5,1.873579501831686e-05
ETH,ET,Ethiopia,ET05,Somali,ET0510,Nogob,2026-06-28,0.0,1-1.5,9.420725376871079e-05
ETH,ET,Ethiopia,ET05,Somali,ET0506,Shabelle,2026-06-28,0.0,1-1.5,9.420725376871079e-05
ETH,ET,Ethiopia,ET05,Somali,ET0502,Fafan,2026-06-28,0.0,1-1.5,9.420725376871079e-05
ETH,ET,Ethiopia,ET05,Somali,ET0503,Jarar,2026-06-28,0.0,1-1.5,9.420725376871079e-05
ETH,ET,Ethiopia,ET05,Somali,ET0501,Siti,2026-06-28,0.0,1-1.5,9.420725376871079e-05
ETH,ET,Ethiopia,ET05,Somali,ET0508,Afder,2026-06-28,0.0,1-1.5,9.420725376871079e-05
ETH,ET,Ethiopia,ET05,Somali,ET0504,Erer,2026-06-28,0.0,1-1.5,9.420725376871079e-05
ETH,ET,Ethiopia,ET05,Somali,ET0509,Liban,2026-06-28,0.0,1-1.5,9.420725376871079e-05
ETH,ET,Ethiopia,ET05,Somali,ET0507,Doolo,2026-06-28,0.0,1-1.5,9.420725376871079e-05
ETH,ET,Ethiopia,ET05,Somali,ET0505,Korahe,2026-06-28,0.0,1-1.5,9.420725376871079e-05
ETH,ET,Ethiopia,ET05,Somali,ET0511,Daawa,2026-06-28,0.0,1-1.5,9.420725376871079e-05
ETH,ET,Ethiopia,ET16,Sidama,ET1600,Sidama,2026-06-29,0.0,1-1.5,0.0001219737678845625
ETH,ET,Ethiopia,ET01,Tigray,ET0107,Mekelle,2026-06-29,2.8522533e-07,1-1.5,0.0006440446874716021
ETH,ET,Ethiopia,ET01,Tigray,ET0104,Southern,2026-06-29,2.8522533e-07,1-1.5,0.0006440446874716021
ETH,ET,Ethiopia,ET01,Tigray,ET0101,North Western,2026-06-29,2.8522533e-07,1-1.5,0.0006440446874716021
ETH,ET,Ethiopia,ET01,Tigray,ET0102,Central,2026-06-29,2.8522533e-07,1-1.5,0.0006440446874716021
ETH,ET,Ethiopia,ET01,Tigray,ET0105,Western,2026-06-29,2.8522533e-07,1-1.5,0.0006440446874716021
ETH,ET,Ethiopia,ET01,Tigray,ET0106,South Eastern,2026-06-29,2.8522533e-07,1-1.5,0.0006440446874716021
ETH,ET,Ethiopia,ET01,Tigray,ET0103,Eastern,2026-06-29,2.8522533e-07,1-1.5,0.0006440446874716021
ETH,ET,Ethiopia,ET04,Oromia,ET0404,Jimma,2026-06-29,0.0031425026,1-1.5,0.002070126090256963
ETH,ET,Ethiopia,ET04,Oromia,ET0410,East Hararge,2026-06-29,0.0031425026,1-1.5,0.002070126090256963
ETH,ET,Ethiopia,ET04,Oromia,ET0409,West Hararge,2026-06-29,0.0031425026,1-1.5,0.002070126090256963
ETH,ET,Ethiopia,ET04,Oromia,ET0401,West Wellega,2026-06-29,0.0031425026,1-1.5,0.002070126090256963
ETH,ET,Ethiopia,ET04,Oromia,ET0408,Arsi,2026-06-29,0.0031425026,1-1.5,0.002070126090256963
ETH,ET,Ethiopia,ET04,Oromia,ET0403,Ilu Aba Bora,2026-06-29,0.0031425026,1-1.5,0.002070126090256963
ETH,ET,Ethiopia,ET04,Oromia,ET0407,East Shewa,2026-06-29,0.0031425026,1-1.5,0.002070126090256963
ETH,ET,Ethiopia,ET04,Oromia,ET0405,West Shewa,2026-06-29,0.0031425026,1-1.5,0.002070126090256963
ETH,ET,Ethiopia,ET04,Oromia,ET0406,North Shewa (OR),2026-06-29,0.0031425026,1-1.5,0.002070126090256963
ETH,ET,Ethiopia,ET04,Oromia,ET0402,East Wellega,2026-06-29,0.0031425026,1-1.5,0.002070126090256963
ETH,ET,Ethiopia,ET04,Oromia,ET0418,Kelem Wellega,2026-06-29,0.0031425026,1-1.5,0.002070126090256963
ETH,ET,Ethiopia,ET04,Oromia,ET0411,Bale,2026-06-29,0.0031425026,1-1.5,0.002070126090256963
ETH,ET,Ethiopia,ET04,Oromia,ET0416,Buno Bedele,2026-06-29,0.0031425026,1-1.5,0.002070126090256963
ETH,ET,Ethiopia,ET04,Oromia,ET0421,East Bale,2026-06-29,0.0031425026,1-1.5,0.002070126090256963
ETH,ET,Ethiopia,ET04,Oromia,ET0412,Borena,2026-06-29,0.0031425026,1-1.5,0.002070126090256963
ETH,ET,Ethiopia,ET04,Oromia,ET0419,Horo Gudru Wellega,2026-06-29,0.0031425026,1-1.5,0.002070126090256963
ETH,ET,Ethiopia,ET04,Oromia,ET0417,West Arsi,2026-06-29,0.0031425026,1-1.5,0.002070126090256963
ETH,ET,Ethiopia,ET04,Oromia,ET0413,South West Shewa,2026-06-29,0.0031425026,1-1.5,0.002070126090256963
ETH,ET,Ethiopia,ET04,Oromia,ET0415,West Guji,2026-06-29,0.0031425026,1-1.5,0.002070126090256963
ETH,ET,Ethiopia,ET04,Oromia,ET0414,Guji,2026-06-29,0.0031425026,1-1.5,0.002070126090256963
ETH,ET,Ethiopia,ET04,Oromia,ET0420,Finfine Special,2026-06-29,0.0031425026,1-1.5,0.002070126090256963
ETH,ET,Ethiopia,ET07,SNNP,ET0701,Guraghe,2026-06-29,0.008605175,1-1.5,0.001657961356977466
ETH,ET,Ethiopia,ET07,SNNP,ET0724,Yem Special,2026-06-29,0.008605175,1-1.5,0.001657961356977466
ETH,ET,Ethiopia,ET07,SNNP,ET0721,Amaro,2026-06-29,0.008605175,1-1.5,0.001657961356977466
ETH,ET,Ethiopia,ET07,SNNP,ET0703,Kembata Tembaro,2026-06-29,0.008605175,1-1.5,0.001657961356977466
ETH,ET,Ethiopia,ET07,SNNP,ET0710,Gamo,2026-06-29,0.008605175,1-1.5,0.001657961356977466
ETH,ET,Ethiopia,ET07,SNNP,ET0720,Siltie,2026-06-29,0.008605175,1-1.5,0.001657961356977466
ETH,ET,Ethiopia,ET07,SNNP,ET0715,Gofa,2026-06-29,0.008605175,1-1.5,0.001657961356977466
ETH,ET,Ethiopia,ET07,SNNP,ET0713,Konso,2026-06-29,0.008605175,1-1.5,0.001657961356977466
ETH,ET,Ethiopia,ET07,SNNP,ET0723,Derashe,2026-06-29,0.008605175,1-1.5,0.001657961356977466
ETH,ET,Ethiopia,ET07,SNNP,ET0705,Gedeo,2026-06-29,0.008605175,1-1.5,0.001657961356977466
ETH,ET,Ethiopia,ET07,SNNP,ET0706,Wolayita,2026-06-29,0.008605175,1-1.5,0.001657961356977466
ETH,ET,Ethiopia,ET07,SNNP,ET0714,Halaba,2026-06-29,0.008605175,1-1.5,0.001657961356977466
ETH,ET,Ethiopia,ET07,SNNP,ET0722,Burji,2026-06-29,0.008605175,1-1.5,0.001657961356977466
ETH,ET,Ethiopia,ET07,SNNP,ET0707,South Omo,2026-06-29,0.008605175,1-1.5,0.001657961356977466
ETH,ET,Ethiopia,ET07,SNNP,ET0702,Hadiya,2026-06-29,0.008605175,1-1.5,0.001657961356977466
ETH,ET,Ethiopia,ET07,SNNP,ET0716,Basketo,2026-06-29,0.008605175,1-1.5,0.001657961356977466
ETH,ET,Ethiopia,ET07,SNNP,ET0712,Alle,2026-06-29,0.008605175,1-1.5,0.001657961356977466
ETH,ET,Ethiopia,ET15,Dire Dawa,ET1502,Dire Dawa rural,2026-06-29,0.0,1-1.5,2.07792204905259e-07
ETH,ET,Ethiopia,ET15,Dire Dawa,ET1501,Dire Dawa urban,2026-06-29,0.0,1-1.5,2.07792204905259e-07
ETH,ET,Ethiopia,ET06,Benishangul Gumz,ET0604,Kamashi,2026-06-29,0.020840341,>10,0.005980960935654878
ETH,ET,Ethiopia,ET06,Benishangul Gumz,ET0602,Metekel,2026-06-29,0.020840341,>10,0.005980960935654878
ETH,ET,Ethiopia,ET06,Benishangul Gumz,ET0605,Mao Komo Special,2026-06-29,0.020840341,>10,0.005980960935654878
ETH,ET,Ethiopia,ET06,Benishangul Gumz,ET0603,Assosa,2026-06-29,0.020840341,>10,0.005980960935654878
ETH,ET,Ethiopia,ET02,Afar,ET0201,Awsi /Zone 1,2026-06-29,0.0,1-1.5,0.002793311160481112
ETH,ET,Ethiopia,ET02,Afar,ET0204,Fanti /Zone 4,2026-06-29,0.0,1-1.5,0.002793311160481112
ETH,ET,Ethiopia,ET02,Afar,ET0205,Hari /Zone 5,2026-06-29,0.0,1-1.5,0.002793311160481112
ETH,ET,Ethiopia,ET02,Afar,ET0202,Kilbati /Zone2,2026-06-29,0.0,1-1.5,0.002793311160481112
ETH,ET,Ethiopia,ET02,Afar,ET0203,Gabi /Zone 3,2026-06-29,0.0,1-1.5,0.002793311160481112
ETH,ET,Ethiopia,ET03,Amhara,ET0307,West Gojam,2026-06-29,6.7324494e-05,1-1.5,0.0006138246205960161
ETH,ET,Ethiopia,ET03,Amhara,ET0309,Awi,2026-06-29,6.7324494e-05,1-1.5,0.0006138246205960161
ETH,ET,Ethiopia,ET03,Amhara,ET0305,North Shewa (AM),2026-06-29,6.7324494e-05,1-1.5,0.0006138246205960161
ETH,ET,Ethiopia,ET03,Amhara,ET0302,South Gondar,2026-06-29,6.7324494e-05,1-1.5,0.0006138246205960161
ETH,ET,Ethiopia,ET03,Amhara,ET0312,West Gondar,2026-06-29,6.7324494e-05,1-1.5,0.0006138246205960161
ETH,ET,Ethiopia,ET03,Amhara,ET0310,Oromia,2026-06-29,6.7324494e-05,1-1.5,0.0006138246205960161
ETH,ET,Ethiopia,ET03,Amhara,ET0304,South Wello,2026-06-29,6.7324494e-05,1-1.5,0.0006138246205960161
ETH,ET,Ethiopia,ET03,Amhara,ET0301,North Gondar,2026-06-29,6.7324494e-05,1-1.5,0.0006138246205960161
ETH,ET,Ethiopia,ET03,Amhara,ET0311,Central Gondar,2026-06-29,6.7324494e-05,1-1.5,0.0006138246205960161
ETH,ET,Ethiopia,ET03,Amhara,ET0303,North Wello,2026-06-29,6.7324494e-05,1-1.5,0.0006138246205960161
ETH,ET,Ethiopia,ET03,Amhara,ET0308,Wag Hamra,2026-06-29,6.7324494e-05,1-1.5,0.0006138246205960161
ETH,ET,Ethiopia,ET03,Amhara,ET0306,East Gojam,2026-06-29,6.7324494e-05,1-1.5,0.0006138246205960161
ETH,ET,Ethiopia,ET12,Gambela,ET1202,Agnewak,2026-06-29,0.0018813752,1-1.5,0.001619945627978516
ETH,ET,Ethiopia,ET12,Gambela,ET1204,Itang Special woreda,2026-06-29,0.0018813752,1-1.5,0.001619945627978516
ETH,ET,Ethiopia,ET12,Gambela,ET1203,Majang,2026-06-29,0.0018813752,1-1.5,0.001619945627978516
ETH,ET,Ethiopia,ET12,Gambela,ET1201,Nuwer,2026-06-29,0.0018813752,1-1.5,0.001619945627978516
ETH,ET,Ethiopia,ET13,Harari,ET1301,Harari,2026-06-29,0.0,1-1.5,1.515151531996459e-07
ETH,ET,Ethiopia,ET14,Addis Ababa,ET1401,Region 14,2026-06-29,0.0,1-1.5,4.170454562468381e-05
ETH,ET,Ethiopia,ET11,South West Ethiopia,ET1106,Konta Special,2026-06-29,0.00014623234,1-1.5,1.890777644733403e-05
ETH,ET,Ethiopia,ET11,South West Ethiopia,ET1105,Mirab Omo,2026-06-29,0.00014623234,1-1.5,1.890777644733403e-05
ETH,ET,Ethiopia,ET11,South West Ethiopia,ET1104,Dawuro,2026-06-29,0.00014623234,1-1.5,1.890777644733403e-05
ETH,ET,Ethiopia,ET11,South West Ethiopia,ET1101,Sheka,2026-06-29,0.00014623234,1-1.5,1.890777644733403e-05
ETH,ET,Ethiopia,ET11,South West Ethiopia,ET1103,Bench Sheko,2026-06-29,0.00014623234,1-1.5,1.890777644733403e-05
ETH,ET,Ethiopia,ET11,South West Ethiopia,ET1102,Kefa,2026-06-29,0.00014623234,1-1.5,1.890777644733403e-05
ETH,ET,Ethiopia,ET05,Somali,ET0510,Nogob,2026-06-29,0.0,1-1.5,9.591822724817268e-05
ETH,ET,Ethiopia,ET05,Somali,ET0506,Shabelle,2026-06-29,0.0,1-1.5,9.591822724817268e-05
ETH,ET,Ethiopia,ET05,Somali,ET0502,Fafan,2026-06-29,0.0,1-1.5,9.591822724817268e-05
ETH,ET,Ethiopia,ET05,Somali,ET0503,Jarar,2026-06-29,0.0,1-1.5,9.591822724817268e-05
ETH,ET,Ethiopia,ET05,Somali,ET0501,Siti,2026-06-29,0.0,1-1.5,9.591822724817268e-05
ETH,ET,Ethiopia,ET05,Somali,ET0508,Afder,2026-06-29,0.0,1-1.5,9.591822724817268e-05
ETH,ET,Ethiopia,ET05,Somali,ET0504,Erer,2026-06-29,0.0,1-1.5,9.591822724817268e-05
ETH,ET,Ethiopia,ET05,Somali,ET0509,Liban,2026-06-29,0.0,1-1.5,9.591822724817268e-05
ETH,ET,Ethiopia,ET05,Somali,ET0507,Doolo,2026-06-29,0.0,1-1.5,9.591822724817268e-05
ETH,ET,Ethiopia,ET05,Somali,ET0505,Korahe,2026-06-29,0.0,1-1.5,9.591822724817268e-05
ETH,ET,Ethiopia,ET05,Somali,ET0511,Daawa,2026-06-29,0.0,1-1.5,9.591822724817268e-05
ETH,ET,Ethiopia,ET16,Sidama,ET1600,Sidama,2026-06-30,5.405406e-06,1-1.5,0.0001045577150679575
ETH,ET,Ethiopia,ET01,Tigray,ET0107,Mekelle,2026-06-30,0.00021589336,1-1.5,0.0006168802014671698
ETH,ET,Ethiopia,ET01,Tigray,ET0104,Southern,2026-06-30,0.00021589336,1-1.5,0.0006168802014671698
ETH,ET,Ethiopia,ET01,Tigray,ET0101,North Western,2026-06-30,0.00021589336,1-1.5,0.0006168802014671698
ETH,ET,Ethiopia,ET01,Tigray,ET0102,Central,2026-06-30,0.00021589336,1-1.5,0.0006168802014671698
ETH,ET,Ethiopia,ET01,Tigray,ET0105,Western,2026-06-30,0.00021589336,1-1.5,0.0006168802014671698
ETH,ET,Ethiopia,ET01,Tigray,ET0106,South Eastern,2026-06-30,0.00021589336,1-1.5,0.0006168802014671698
ETH,ET,Ethiopia,ET01,Tigray,ET0103,Eastern,2026-06-30,0.00021589336,1-1.5,0.0006168802014671698
ETH,ET,Ethiopia,ET04,Oromia,ET0404,Jimma,2026-06-30,0.0032237363,1-1.5,0.002098538519137285
ETH,ET,Ethiopia,ET04,Oromia,ET0410,East Hararge,2026-06-30,0.0032237363,1-1.5,0.002098538519137285
ETH,ET,Ethiopia,ET04,Oromia,ET0409,West Hararge,2026-06-30,0.0032237363,1-1.5,0.002098538519137285
ETH,ET,Ethiopia,ET04,Oromia,ET0401,West Wellega,2026-06-30,0.0032237363,1-1.5,0.002098538519137285
ETH,ET,Ethiopia,ET04,Oromia,ET0408,Arsi,2026-06-30,0.0032237363,1-1.5,0.002098538519137285
ETH,ET,Ethiopia,ET04,Oromia,ET0403,Ilu Aba Bora,2026-06-30,0.0032237363,1-1.5,0.002098538519137285
ETH,ET,Ethiopia,ET04,Oromia,ET0407,East Shewa,2026-06-30,0.0032237363,1-1.5,0.002098538519137285
ETH,ET,Ethiopia,ET04,Oromia,ET0405,West Shewa,2026-06-30,0.0032237363,1-1.5,0.002098538519137285
ETH,ET,Ethiopia,ET04,Oromia,ET0406,North Shewa (OR),2026-06-30,0.0032237363,1-1.5,0.002098538519137285
ETH,ET,Ethiopia,ET04,Oromia,ET0402,East Wellega,2026-06-30,0.0032237363,1-1.5,0.002098538519137285
ETH,ET,Ethiopia,ET04,Oromia,ET0418,Kelem Wellega,2026-06-30,0.0032237363,1-1.5,0.002098538519137285
ETH,ET,Ethiopia,ET04,Oromia,ET0411,Bale,2026-06-30,0.0032237363,1-1.5,0.002098538519137285
ETH,ET,Ethiopia,ET04,Oromia,ET0416,Buno Bedele,2026-06-30,0.0032237363,1-1.5,0.002098538519137285
ETH,ET,Ethiopia,ET04,Oromia,ET0421,East Bale,2026-06-30,0.0032237363,1-1.5,0.002098538519137285
ETH,ET,Ethiopia,ET04,Oromia,ET0412,Borena,2026-06-30,0.0032237363,1-1.5,0.002098538519137285
ETH,ET,Ethiopia,ET04,Oromia,ET0419,Horo Gudru Wellega,2026-06-30,0.0032237363,1-1.5,0.002098538519137285
ETH,ET,Ethiopia,ET04,Oromia,ET0417,West Arsi,2026-06-30,0.0032237363,1-1.5,0.002098538519137285
ETH,ET,Ethiopia,ET04,Oromia,ET0413,South West Shewa,2026-06-30,0.0032237363,1-1.5,0.002098538519137285
ETH,ET,Ethiopia,ET04,Oromia,ET0415,West Guji,2026-06-30,0.0032237363,1-1.5,0.002098538519137285
ETH,ET,Ethiopia,ET04,Oromia,ET0414,Guji,2026-06-30,0.0032237363,1-1.5,0.002098538519137285
ETH,ET,Ethiopia,ET04,Oromia,ET0420,Finfine Special,2026-06-30,0.0032237363,1-1.5,0.002098538519137285
ETH,ET,Ethiopia,ET07,SNNP,ET0701,Guraghe,2026-06-30,0.008854085,1-1.5,0.001721140083761632
ETH,ET,Ethiopia,ET07,SNNP,ET0724,Yem Special,2026-06-30,0.008854085,1-1.5,0.001721140083761632
ETH,ET,Ethiopia,ET07,SNNP,ET0721,Amaro,2026-06-30,0.008854085,1-1.5,0.001721140083761632
ETH,ET,Ethiopia,ET07,SNNP,ET0703,Kembata Tembaro,2026-06-30,0.008854085,1-1.5,0.001721140083761632
ETH,ET,Ethiopia,ET07,SNNP,ET0710,Gamo,2026-06-30,0.008854085,1-1.5,0.001721140083761632
ETH,ET,Ethiopia,ET07,SNNP,ET0720,Siltie,2026-06-30,0.008854085,1-1.5,0.001721140083761632
ETH,ET,Ethiopia,ET07,SNNP,ET0715,Gofa,2026-06-30,0.008854085,1-1.5,0.001721140083761632
ETH,ET,Ethiopia,ET07,SNNP,ET0713,Konso,2026-06-30,0.008854085,1-1.5,0.001721140083761632
ETH,ET,Ethiopia,ET07,SNNP,ET0723,Derashe,2026-06-30,0.008854085,1-1.5,0.001721140083761632
ETH,ET,Ethiopia,ET07,SNNP,ET0705,Gedeo,2026-06-30,0.008854085,1-1.5,0.001721140083761632
ETH,ET,Ethiopia,ET07,SNNP,ET0706,Wolayita,2026-06-30,0.008854085,1-1.5,0.001721140083761632
ETH,ET,Ethiopia,ET07,SNNP,ET0714,Halaba,2026-06-30,0.008854085,1-1.5,0.001721140083761632
ETH,ET,Ethiopia,ET07,SNNP,ET0722,Burji,2026-06-30,0.008854085,1-1.5,0.001721140083761632
ETH,ET,Ethiopia,ET07,SNNP,ET0707,South Omo,2026-06-30,0.008854085,1-1.5,0.001721140083761632
ETH,ET,Ethiopia,ET07,SNNP,ET0702,Hadiya,2026-06-30,0.008854085,1-1.5,0.001721140083761632
ETH,ET,Ethiopia,ET07,SNNP,ET0716,Basketo,2026-06-30,0.008854085,1-1.5,0.001721140083761632
ETH,ET,Ethiopia,ET07,SNNP,ET0712,Alle,2026-06-30,0.008854085,1-1.5,0.001721140083761632
ETH,ET,Ethiopia,ET15,Dire Dawa,ET1502,Dire Dawa rural,2026-06-30,0.0,1-1.5,2.07792204905259e-07
ETH,ET,Ethiopia,ET15,Dire Dawa,ET1501,Dire Dawa urban,2026-06-30,0.0,1-1.5,2.07792204905259e-07
ETH,ET,Ethiopia,ET06,Benishangul Gumz,ET0604,Kamashi,2026-06-30,0.02200798,>10,0.006034486877967345
ETH,ET,Ethiopia,ET06,Benishangul Gumz,ET0602,Metekel,2026-06-30,0.02200798,>10,0.006034486877967345
ETH,ET,Ethiopia,ET06,Benishangul Gumz,ET0605,Mao Komo Special,2026-06-30,0.02200798,>10,0.006034486877967345
ETH,ET,Ethiopia,ET06,Benishangul Gumz,ET0603,Assosa,2026-06-30,0.02200798,>10,0.006034486877967345
ETH,ET,Ethiopia,ET02,Afar,ET0201,Awsi /Zone 1,2026-06-30,0.0,1-1.5,0.002824405116685243
ETH,ET,Ethiopia,ET02,Afar,ET0204,Fanti /Zone 4,2026-06-30,0.0,1-1.5,0.002824405116685243
ETH,ET,Ethiopia,ET02,Afar,ET0205,Hari /Zone 5,2026-06-30,0.0,1-1.5,0.002824405116685243
ETH,ET,Ethiopia,ET02,Afar,ET0202,Kilbati /Zone2,2026-06-30,0.0,1-1.5,0.002824405116685243
ETH,ET,Ethiopia,ET02,Afar,ET0203,Gabi /Zone 3,2026-06-30,0.0,1-1.5,0.002824405116685243
ETH,ET,Ethiopia,ET03,Amhara,ET0307,West Gojam,2026-06-30,0.00012131405,1-1.5,0.0006905846339897436
ETH,ET,Ethiopia,ET03,Amhara,ET0309,Awi,2026-06-30,0.00012131405,1-1.5,0.0006905846339897436
ETH,ET,Ethiopia,ET03,Amhara,ET0305,North Shewa (AM),2026-06-30,0.00012131405,1-1.5,0.0006905846339897436
ETH,ET,Ethiopia,ET03,Amhara,ET0302,South Gondar,2026-06-30,0.00012131405,1-1.5,0.0006905846339897436
ETH,ET,Ethiopia,ET03,Amhara,ET0312,West Gondar,2026-06-30,0.00012131405,1-1.5,0.0006905846339897436
ETH,ET,Ethiopia,ET03,Amhara,ET0310,Oromia,2026-06-30,0.00012131405,1-1.5,0.0006905846339897436
ETH,ET,Ethiopia,ET03,Amhara,ET0304,South Wello,2026-06-30,0.00012131405,1-1.5,0.0006905846339897436
ETH,ET,Ethiopia,ET03,Amhara,ET0301,North Gondar,2026-06-30,0.00012131405,1-1.5,0.0006905846339897436
ETH,ET,Ethiopia,ET03,Amhara,ET0311,Central Gondar,2026-06-30,0.00012131405,1-1.5,0.0006905846339897436
ETH,ET,Ethiopia,ET03,Amhara,ET0303,North Wello,2026-06-30,0.00012131405,1-1.5,0.0006905846339897436
ETH,ET,Ethiopia,ET03,Amhara,ET0308,Wag Hamra,2026-06-30,0.00012131405,1-1.5,0.0006905846339897436
ETH,ET,Ethiopia,ET03,Amhara,ET0306,East Gojam,2026-06-30,0.00012131405,1-1.5,0.0006905846339897436
ETH,ET,Ethiopia,ET12,Gambela,ET1202,Agnewak,2026-06-30,0.0019634175,1-1.5,0.001659431508142007
ETH,ET,Ethiopia,ET12,Gambela,ET1204,Itang Special woreda,2026-06-30,0.0019634175,1-1.5,0.001659431508142007
ETH,ET,Ethiopia,ET12,Gambela,ET1203,Majang,2026-06-30,0.0019634175,1-1.5,0.001659431508142007
ETH,ET,Ethiopia,ET12,Gambela,ET1201,Nuwer,2026-06-30,0.0019634175,1-1.5,0.001659431508142007
ETH,ET,Ethiopia,ET13,Harari,ET1301,Harari,2026-06-30,0.0,1-1.5,1.515151531996459e-07
ETH,ET,Ethiopia,ET14,Addis Ababa,ET1401,Region 14,2026-06-30,0.0,1-1.5,8.92045453673001e-05
ETH,ET,Ethiopia,ET11,South West Ethiopia,ET1106,Konta Special,2026-06-30,7.770801e-06,1-1.5,2.105770702110538e-05
ETH,ET,Ethiopia,ET11,South West Ethiopia,ET1105,Mirab Omo,2026-06-30,7.770801e-06,1-1.5,2.105770702110538e-05
ETH,ET,Ethiopia,ET11,South West Ethiopia,ET1104,Dawuro,2026-06-30,7.770801e-06,1-1.5,2.105770702110538e-05
ETH,ET,Ethiopia,ET11,South West Ethiopia,ET1101,Sheka,2026-06-30,7.770801e-06,1-1.5,2.105770702110538e-05
ETH,ET,Ethiopia,ET11,South West Ethiopia,ET1103,Bench Sheko,2026-06-30,7.770801e-06,1-1.5,2.105770702110538e-05
ETH,ET,Ethiopia,ET11,South West Ethiopia,ET1102,Kefa,2026-06-30,7.770801e-06,1-1.5,2.105770702110538e-05
ETH,ET,Ethiopia,ET05,Somali,ET0510,Nogob,2026-06-30,0.0,1-1.5,0.0001093144350576836
ETH,ET,Ethiopia,ET05,Somali,ET0506,Shabelle,2026-06-30,0.0,1-1.5,0.0001093144350576836
ETH,ET,Ethiopia,ET05,Somali,ET0502,Fafan,2026-06-30,0.0,1-1.5,0.0001093144350576836
ETH,ET,Ethiopia,ET05,Somali,ET0503,Jarar,2026-06-30,0.0,1-1.5,0.0001093144350576836
ETH,ET,Ethiopia,ET05,Somali,ET0501,Siti,2026-06-30,0.0,1-1.5,0.0001093144350576836
ETH,ET,Ethiopia,ET05,Somali,ET0508,Afder,2026-06-30,0.0,1-1.5,0.0001093144350576836
ETH,ET,Ethiopia,ET05,Somali,ET0504,Erer,2026-06-30,0.0,1-1.5,0.0001093144350576836
ETH,ET,Ethiopia,ET05,Somali,ET0509,Liban,2026-06-30,0.0,1-1.5,0.0001093144350576836
ETH,ET,Ethiopia,ET05,Somali,ET0507,Doolo,2026-06-30,0.0,1-1.5,0.0001093144350576836
ETH,ET,Ethiopia,ET05,Somali,ET0505,Korahe,2026-06-30,0.0,1-1.5,0.0001093144350576836
ETH,ET,Ethiopia,ET05,Somali,ET0511,Daawa,2026-06-30,0.0,1-1.5,0.0001093144350576836
ETH,ET,Ethiopia,ET16,Sidama,ET1600,Sidama,2026-07-01,0.0,1-1.5,7.333457569157788e-05
ETH,ET,Ethiopia,ET01,Tigray,ET0107,Mekelle,2026-07-01,2.8522533e-07,1-1.5,0.0005814826415595255
ETH,ET,Ethiopia,ET01,Tigray,ET0104,Southern,2026-07-01,2.8522533e-07,1-1.5,0.0005814826415595255
ETH,ET,Ethiopia,ET01,Tigray,ET0101,North Western,2026-07-01,2.8522533e-07,1-1.5,0.0005814826415595255
ETH,ET,Ethiopia,ET01,Tigray,ET0102,Central,2026-07-01,2.8522533e-07,1-1.5,0.0005814826415595255
ETH,ET,Ethiopia,ET01,Tigray,ET0105,Western,2026-07-01,2.8522533e-07,1-1.5,0.0005814826415595255
ETH,ET,Ethiopia,ET01,Tigray,ET0106,South Eastern,2026-07-01,2.8522533e-07,1-1.5,0.0005814826415595255
ETH,ET,Ethiopia,ET01,Tigray,ET0103,Eastern,2026-07-01,2.8522533e-07,1-1.5,0.0005814826415595255
ETH,ET,Ethiopia,ET04,Oromia,ET0404,Jimma,2026-07-01,0.003094907,1-1.5,0.002097973015307533
ETH,ET,Ethiopia,ET04,Oromia,ET0410,East Hararge,2026-07-01,0.003094907,1-1.5,0.002097973015307533
ETH,ET,Ethiopia,ET04,Oromia,ET0409,West Hararge,2026-07-01,0.003094907,1-1.5,0.002097973015307533
ETH,ET,Ethiopia,ET04,Oromia,ET0401,West Wellega,2026-07-01,0.003094907,1-1.5,0.002097973015307533
ETH,ET,Ethiopia,ET04,Oromia,ET0408,Arsi,2026-07-01,0.003094907,1-1.5,0.002097973015307533
ETH,ET,Ethiopia,ET04,Oromia,ET0403,Ilu Aba Bora,2026-07-01,0.003094907,1-1.5,0.002097973015307533
ETH,ET,Ethiopia,ET04,Oromia,ET0407,East Shewa,2026-07-01,0.003094907,1-1.5,0.002097973015307533
ETH,ET,Ethiopia,ET04,Oromia,ET0405,West Shewa,2026-07-01,0.003094907,1-1.5,0.002097973015307533
ETH,ET,Ethiopia,ET04,Oromia,ET0406,North Shewa (OR),2026-07-01,0.003094907,1-1.5,0.002097973015307533
ETH,ET,Ethiopia,ET04,Oromia,ET0402,East Wellega,2026-07-01,0.003094907,1-1.5,0.002097973015307533
ETH,ET,Ethiopia,ET04,Oromia,ET0418,Kelem Wellega,2026-07-01,0.003094907,1-1.5,0.002097973015307533
ETH,ET,Ethiopia,ET04,Oromia,ET0411,Bale,2026-07-01,0.003094907,1-1.5,0.002097973015307533
ETH,ET,Ethiopia,ET04,Oromia,ET0416,Buno Bedele,2026-07-01,0.003094907,1-1.5,0.002097973015307533
ETH,ET,Ethiopia,ET04,Oromia,ET0421,East Bale,2026-07-01,0.003094907,1-1.5,0.002097973015307533
ETH,ET,Ethiopia,ET04,Oromia,ET0412,Borena,2026-07-01,0.003094907,1-1.5,0.002097973015307533
ETH,ET,Ethiopia,ET04,Oromia,ET0419,Horo Gudru Wellega,2026-07-01,0.003094907,1-1.5,0.002097973015307533
ETH,ET,Ethiopia,ET04,Oromia,ET0417,West Arsi,2026-07-01,0.003094907,1-1.5,0.002097973015307533
ETH,ET,Ethiopia,ET04,Oromia,ET0413,South West Shewa,2026-07-01,0.003094907,1-1.5,0.002097973015307533
ETH,ET,Ethiopia,ET04,Oromia,ET0415,West Guji,2026-07-01,0.003094907,1-1.5,0.002097973015307533
ETH,ET,Ethiopia,ET04,Oromia,ET0414,Guji,2026-07-01,0.003094907,1-1.5,0.002097973015307533
ETH,ET,Ethiopia,ET04,Oromia,ET0420,Finfine Special,2026-07-01,0.003094907,1-1.5,0.002097973015307533
ETH,ET,Ethiopia,ET07,SNNP,ET0701,Guraghe,2026-07-01,0.00799524,1-1.5,0.001677756692118816
ETH,ET,Ethiopia,ET07,SNNP,ET0724,Yem Special,2026-07-01,0.00799524,1-1.5,0.001677756692118816
ETH,ET,Ethiopia,ET07,SNNP,ET0721,Amaro,2026-07-01,0.00799524,1-1.5,0.001677756692118816
ETH,ET,Ethiopia,ET07,SNNP,ET0703,Kembata Tembaro,2026-07-01,0.00799524,1-1.5,0.001677756692118816
ETH,ET,Ethiopia,ET07,SNNP,ET0710,Gamo,2026-07-01,0.00799524,1-1.5,0.001677756692118816
ETH,ET,Ethiopia,ET07,SNNP,ET0720,Siltie,2026-07-01,0.00799524,1-1.5,0.001677756692118816
ETH,ET,Ethiopia,ET07,SNNP,ET0715,Gofa,2026-07-01,0.00799524,1-1.5,0.001677756692118816
ETH,ET,Ethiopia,ET07,SNNP,ET0713,Konso,2026-07-01,0.00799524,1-1.5,0.001677756692118816
ETH,ET,Ethiopia,ET07,SNNP,ET0723,Derashe,2026-07-01,0.00799524,1-1.5,0.001677756692118816
ETH,ET,Ethiopia,ET07,SNNP,ET0705,Gedeo,2026-07-01,0.00799524,1-1.5,0.001677756692118816
ETH,ET,Ethiopia,ET07,SNNP,ET0706,Wolayita,2026-07-01,0.00799524,1-1.5,0.001677756692118816
ETH,ET,Ethiopia,ET07,SNNP,ET0714,Halaba,2026-07-01,0.00799524,1-1.5,0.001677756692118816
ETH,ET,Ethiopia,ET07,SNNP,ET0722,Burji,2026-07-01,0.00799524,1-1.5,0.001677756692118816
ETH,ET,Ethiopia,ET07,SNNP,ET0707,South Omo,2026-07-01,0.00799524,1-1.5,0.001677756692118816
ETH,ET,Ethiopia,ET07,SNNP,ET0702,Hadiya,2026-07-01,0.00799524,1-1.5,0.001677756692118816
ETH,ET,Ethiopia,ET07,SNNP,ET0716,Basketo,2026-07-01,0.00799524,1-1.5,0.001677756692118816
ETH,ET,Ethiopia,ET07,SNNP,ET0712,Alle,2026-07-01,0.00799524,1-1.5,0.001677756692118816
ETH,ET,Ethiopia,ET15,Dire Dawa,ET1502,Dire Dawa rural,2026-07-01,0.0,1-1.5,1.038961024526295e-07
ETH,ET,Ethiopia,ET15,Dire Dawa,ET1501,Dire Dawa urban,2026-07-01,0.0,1-1.5,1.038961024526295e-07
ETH,ET,Ethiopia,ET06,Benishangul Gumz,ET0604,Kamashi,2026-07-01,0.022220682,>10,0.006095464393182098
ETH,ET,Ethiopia,ET06,Benishangul Gumz,ET0602,Metekel,2026-07-01,0.022220682,>10,0.006095464393182098
ETH,ET,Ethiopia,ET06,Benishangul Gumz,ET0605,Mao Komo Special,2026-07-01,0.022220682,>10,0.006095464393182098
ETH,ET,Ethiopia,ET06,Benishangul Gumz,ET0603,Assosa,2026-07-01,0.022220682,>10,0.006095464393182098
ETH,ET,Ethiopia,ET02,Afar,ET0201,Awsi /Zone 1,2026-07-01,0.0,1-1.5,0.002860046259593219
ETH,ET,Ethiopia,ET02,Afar,ET0204,Fanti /Zone 4,2026-07-01,0.0,1-1.5,0.002860046259593219
ETH,ET,Ethiopia,ET02,Afar,ET0205,Hari /Zone 5,2026-07-01,0.0,1-1.5,0.002860046259593219
ETH,ET,Ethiopia,ET02,Afar,ET0202,Kilbati /Zone2,2026-07-01,0.0,1-1.5,0.002860046259593219
ETH,ET,Ethiopia,ET02,Afar,ET0203,Gabi /Zone 3,2026-07-01,0.0,1-1.5,0.002860046259593219
ETH,ET,Ethiopia,ET03,Amhara,ET0307,West Gojam,2026-07-01,5.6730685e-05,1-1.5,0.0006903320469961599
ETH,ET,Ethiopia,ET03,Amhara,ET0309,Awi,2026-07-01,5.6730685e-05,1-1.5,0.0006903320469961599
ETH,ET,Ethiopia,ET03,Amhara,ET0305,North Shewa (AM),2026-07-01,5.6730685e-05,1-1.5,0.0006903320469961599
ETH,ET,Ethiopia,ET03,Amhara,ET0302,South Gondar,2026-07-01,5.6730685e-05,1-1.5,0.0006903320469961599
ETH,ET,Ethiopia,ET03,Amhara,ET0312,West Gondar,2026-07-01,5.6730685e-05,1-1.5,0.0006903320469961599
ETH,ET,Ethiopia,ET03,Amhara,ET0310,Oromia,2026-07-01,5.6730685e-05,1-1.5,0.0006903320469961599
ETH,ET,Ethiopia,ET03,Amhara,ET0304,South Wello,2026-07-01,5.6730685e-05,1-1.5,0.0006903320469961599
ETH,ET,Ethiopia,ET03,Amhara,ET0301,North Gondar,2026-07-01,5.6730685e-05,1-1.5,0.0006903320469961599
ETH,ET,Ethiopia,ET03,Amhara,ET0311,Central Gondar,2026-07-01,5.6730685e-05,1-1.5,0.0006903320469961599
ETH,ET,Ethiopia,ET03,Amhara,ET0303,North Wello,2026-07-01,5.6730685e-05,1-1.5,0.0006903320469961599
ETH,ET,Ethiopia,ET03,Amhara,ET0308,Wag Hamra,2026-07-01,5.6730685e-05,1-1.5,0.0006903320469961599
ETH,ET,Ethiopia,ET03,Amhara,ET0306,East Gojam,2026-07-01,5.6730685e-05,1-1.5,0.0006903320469961599
ETH,ET,Ethiopia,ET12,Gambela,ET1202,Agnewak,2026-07-01,0.0020312162,1-1.5,0.001683258067648487
ETH,ET,Ethiopia,ET12,Gambela,ET1204,Itang Special woreda,2026-07-01,0.0020312162,1-1.5,0.001683258067648487
ETH,ET,Ethiopia,ET12,Gambela,ET1203,Majang,2026-07-01,0.0020312162,1-1.5,0.001683258067648487
ETH,ET,Ethiopia,ET12,Gambela,ET1201,Nuwer,2026-07-01,0.0020312162,1-1.5,0.001683258067648487
ETH,ET,Ethiopia,ET13,Harari,ET1301,Harari,2026-07-01,0.0,1-1.5,1.515151531996459e-07
ETH,ET,Ethiopia,ET14,Addis Ababa,ET1401,Region 14,2026-07-01,0.0,1-1.5,9.085227255292756e-05
ETH,ET,Ethiopia,ET11,South West Ethiopia,ET1106,Konta Special,2026-07-01,1.5855572e-05,1-1.5,2.101146936956349e-05
ETH,ET,Ethiopia,ET11,South West Ethiopia,ET1105,Mirab Omo,2026-07-01,1.5855572e-05,1-1.5,2.101146936956349e-05
ETH,ET,Ethiopia,ET11,South West Ethiopia,ET1104,Dawuro,2026-07-01,1.5855572e-05,1-1.5,2.101146936956349e-05
ETH,ET,Ethiopia,ET11,South West Ethiopia,ET1101,Sheka,2026-07-01,1.5855572e-05,1-1.5,2.101146936956349e-05
ETH,ET,Ethiopia,ET11,South West Ethiopia,ET1103,Bench Sheko,2026-07-01,1.5855572e-05,1-1.5,2.101146936956349e-05
ETH,ET,Ethiopia,ET11,South West Ethiopia,ET1102,Kefa,2026-07-01,1.5855572e-05,1-1.5,2.101146936956349e-05
ETH,ET,Ethiopia,ET05,Somali,ET0510,Nogob,2026-07-01,0.0,1-1.5,0.0001050922560286564
ETH,ET,Ethiopia,ET05,Somali,ET0506,Shabelle,2026-07-01,0.0,1-1.5,0.0001050922560286564
ETH,ET,Ethiopia,ET05,Somali,ET0502,Fafan,2026-07-01,0.0,1-1.5,0.0001050922560286564
ETH,ET,Ethiopia,ET05,Somali,ET0503,Jarar,2026-07-01,0.0,1-1.5,0.0001050922560286564
ETH,ET,Ethiopia,ET05,Somali,ET0501,Siti,2026-07-01,0.0,1-1.5,0.0001050922560286564
ETH,ET,Ethiopia,ET05,Somali,ET0508,Afder,2026-07-01,0.0,1-1.5,0.0001050922560286564
ETH,ET,Ethiopia,ET05,Somali,ET0504,Erer,2026-07-01,0.0,1-1.5,0.0001050922560286564
ETH,ET,Ethiopia,ET05,Somali,ET0509,Liban,2026-07-01,0.0,1-1.5,0.0001050922560286564
ETH,ET,Ethiopia,ET05,Somali,ET0507,Doolo,2026-07-01,0.0,1-1.5,0.0001050922560286564
ETH,ET,Ethiopia,ET05,Somali,ET0505,Korahe,2026-07-01,0.0,1-1.5,0.0001050922560286564
ETH,ET,Ethiopia,ET05,Somali,ET0511,Daawa,2026-07-01,0.0,1-1.5,0.0001050922560286564
ETH,ET,Ethiopia,ET16,Sidama,ET1600,Sidama,2026-07-02,0.0,1-1.5,9.709254730048335e-06
ETH,ET,Ethiopia,ET01,Tigray,ET0107,Mekelle,2026-07-02,0.0,1-1.5,0.0005996011247794607
ETH,ET,Ethiopia,ET01,Tigray,ET0104,Southern,2026-07-02,0.0,1-1.5,0.0005996011247794607
ETH,ET,Ethiopia,ET01,Tigray,ET0101,North Western,2026-07-02,0.0,1-1.5,0.0005996011247794607
ETH,ET,Ethiopia,ET01,Tigray,ET0102,Central,2026-07-02,0.0,1-1.5,0.0005996011247794607
ETH,ET,Ethiopia,ET01,Tigray,ET0105,Western,2026-07-02,0.0,1-1.5,0.0005996011247794607
ETH,ET,Ethiopia,ET01,Tigray,ET0106,South Eastern,2026-07-02,0.0,1-1.5,0.0005996011247794607
ETH,ET,Ethiopia,ET01,Tigray,ET0103,Eastern,2026-07-02,0.0,1-1.5,0.0005996011247794607
ETH,ET,Ethiopia,ET04,Oromia,ET0404,Jimma,2026-07-02,0.0030632266,1-1.5,0.002098165402210064
ETH,ET,Ethiopia,ET04,Oromia,ET0410,East Hararge,2026-07-02,0.0030632266,1-1.5,0.002098165402210064
ETH,ET,Ethiopia,ET04,Oromia,ET0409,West Hararge,2026-07-02,0.0030632266,1-1.5,0.002098165402210064
ETH,ET,Ethiopia,ET04,Oromia,ET0401,West Wellega,2026-07-02,0.0030632266,1-1.5,0.002098165402210064
ETH,ET,Ethiopia,ET04,Oromia,ET0408,Arsi,2026-07-02,0.0030632266,1-1.5,0.002098165402210064
ETH,ET,Ethiopia,ET04,Oromia,ET0403,Ilu Aba Bora,2026-07-02,0.0030632266,1-1.5,0.002098165402210064
ETH,ET,Ethiopia,ET04,Oromia,ET0407,East Shewa,2026-07-02,0.0030632266,1-1.5,0.002098165402210064
ETH,ET,Ethiopia,ET04,Oromia,ET0405,West Shewa,2026-07-02,0.0030632266,1-1.5,0.002098165402210064
ETH,ET,Ethiopia,ET04,Oromia,ET0406,North Shewa (OR),2026-07-02,0.0030632266,1-1.5,0.002098165402210064
ETH,ET,Ethiopia,ET04,Oromia,ET0402,East Wellega,2026-07-02,0.0030632266,1-1.5,0.002098165402210064
ETH,ET,Ethiopia,ET04,Oromia,ET0418,Kelem Wellega,2026-07-02,0.0030632266,1-1.5,0.002098165402210064
ETH,ET,Ethiopia,ET04,Oromia,ET0411,Bale,2026-07-02,0.0030632266,1-1.5,0.002098165402210064
ETH,ET,Ethiopia,ET04,Oromia,ET0416,Buno Bedele,2026-07-02,0.0030632266,1-1.5,0.002098165402210064
ETH,ET,Ethiopia,ET04,Oromia,ET0421,East Bale,2026-07-02,0.0030632266,1-1.5,0.002098165402210064
ETH,ET,Ethiopia,ET04,Oromia,ET0412,Borena,2026-07-02,0.0030632266,1-1.5,0.002098165402210064
ETH,ET,Ethiopia,ET04,Oromia,ET0419,Horo Gudru Wellega,2026-07-02,0.0030632266,1-1.5,0.002098165402210064
ETH,ET,Ethiopia,ET04,Oromia,ET0417,West Arsi,2026-07-02,0.0030632266,1-1.5,0.002098165402210064
ETH,ET,Ethiopia,ET04,Oromia,ET0413,South West Shewa,2026-07-02,0.0030632266,1-1.5,0.002098165402210064
ETH,ET,Ethiopia,ET04,Oromia,ET0415,West Guji,2026-07-02,0.0030632266,1-1.5,0.002098165402210064
ETH,ET,Ethiopia,ET04,Oromia,ET0414,Guji,2026-07-02,0.0030632266,1-1.5,0.002098165402210064
ETH,ET,Ethiopia,ET04,Oromia,ET0420,Finfine Special,2026-07-02,0.0030632266,1-1.5,0.002098165402210064
ETH,ET,Ethiopia,ET07,SNNP,ET0701,Guraghe,2026-07-02,0.008254482,1-1.5,0.001620499833833574
ETH,ET,Ethiopia,ET07,SNNP,ET0724,Yem Special,2026-07-02,0.008254482,1-1.5,0.001620499833833574
ETH,ET,Ethiopia,ET07,SNNP,ET0721,Amaro,2026-07-02,0.008254482,1-1.5,0.001620499833833574
ETH,ET,Ethiopia,ET07,SNNP,ET0703,Kembata Tembaro,2026-07-02,0.008254482,1-1.5,0.001620499833833574
ETH,ET,Ethiopia,ET07,SNNP,ET0710,Gamo,2026-07-02,0.008254482,1-1.5,0.001620499833833574
ETH,ET,Ethiopia,ET07,SNNP,ET0720,Siltie,2026-07-02,0.008254482,1-1.5,0.001620499833833574
ETH,ET,Ethiopia,ET07,SNNP,ET0715,Gofa,2026-07-02,0.008254482,1-1.5,0.001620499833833574
ETH,ET,Ethiopia,ET07,SNNP,ET0713,Konso,2026-07-02,0.008254482,1-1.5,0.001620499833833574
ETH,ET,Ethiopia,ET07,SNNP,ET0723,Derashe,2026-07-02,0.008254482,1-1.5,0.001620499833833574
ETH,ET,Ethiopia,ET07,SNNP,ET0705,Gedeo,2026-07-02,0.008254482,1-1.5,0.001620499833833574
ETH,ET,Ethiopia,ET07,SNNP,ET0706,Wolayita,2026-07-02,0.008254482,1-1.5,0.001620499833833574
ETH,ET,Ethiopia,ET07,SNNP,ET0714,Halaba,2026-07-02,0.008254482,1-1.5,0.001620499833833574
ETH,ET,Ethiopia,ET07,SNNP,ET0722,Burji,2026-07-02,0.008254482,1-1.5,0.001620499833833574
ETH,ET,Ethiopia,ET07,SNNP,ET0707,South Omo,2026-07-02,0.008254482,1-1.5,0.001620499833833574
ETH,ET,Ethiopia,ET07,SNNP,ET0702,Hadiya,2026-07-02,0.008254482,1-1.5,0.001620499833833574
ETH,ET,Ethiopia,ET07,SNNP,ET0716,Basketo,2026-07-02,0.008254482,1-1.5,0.001620499833833574
ETH,ET,Ethiopia,ET07,SNNP,ET0712,Alle,2026-07-02,0.008254482,1-1.5,0.001620499833833574
ETH,ET,Ethiopia,ET15,Dire Dawa,ET1502,Dire Dawa rural,2026-07-02,0.0,1-1.5,1.038961024526295e-07
ETH,ET,Ethiopia,ET15,Dire Dawa,ET1501,Dire Dawa urban,2026-07-02,0.0,1-1.5,1.038961024526295e-07
ETH,ET,Ethiopia,ET06,Benishangul Gumz,ET0604,Kamashi,2026-07-02,0.020415336,>10,0.006118461784015236
ETH,ET,Ethiopia,ET06,Benishangul Gumz,ET0602,Metekel,2026-07-02,0.020415336,>10,0.006118461784015236
ETH,ET,Ethiopia,ET06,Benishangul Gumz,ET0605,Mao Komo Special,2026-07-02,0.020415336,>10,0.006118461784015236
ETH,ET,Ethiopia,ET06,Benishangul Gumz,ET0603,Assosa,2026-07-02,0.020415336,>10,0.006118461784015236
ETH,ET,Ethiopia,ET02,Afar,ET0201,Awsi /Zone 1,2026-07-02,0.0,1-1.5,0.00289085156347772
ETH,ET,Ethiopia,ET02,Afar,ET0204,Fanti /Zone 4,2026-07-02,0.0,1-1.5,0.00289085156347772
ETH,ET,Ethiopia,ET02,Afar,ET0205,Hari /Zone 5,2026-07-02,0.0,1-1.5,0.00289085156347772
ETH,ET,Ethiopia,ET02,Afar,ET0202,Kilbati /Zone2,2026-07-02,0.0,1-1.5,0.00289085156347772
ETH,ET,Ethiopia,ET02,Afar,ET0203,Gabi /Zone 3,2026-07-02,0.0,1-1.5,0.00289085156347772
ETH,ET,Ethiopia,ET03,Amhara,ET0307,West Gojam,2026-07-02,0.0,1-1.5,0.0007056884097880228
ETH,ET,Ethiopia,ET03,Amhara,ET0309,Awi,2026-07-02,0.0,1-1.5,0.0007056884097880228
ETH,ET,Ethiopia,ET03,Amhara,ET0305,North Shewa (AM),2026-07-02,0.0,1-1.5,0.0007056884097880228
ETH,ET,Ethiopia,ET03,Amhara,ET0302,South Gondar,2026-07-02,0.0,1-1.5,0.0007056884097880228
ETH,ET,Ethiopia,ET03,Amhara,ET0312,West Gondar,2026-07-02,0.0,1-1.5,0.0007056884097880228
ETH,ET,Ethiopia,ET03,Amhara,ET0310,Oromia,2026-07-02,0.0,1-1.5,0.0007056884097880228
ETH,ET,Ethiopia,ET03,Amhara,ET0304,South Wello,2026-07-02,0.0,1-1.5,0.0007056884097880228
ETH,ET,Ethiopia,ET03,Amhara,ET0301,North Gondar,2026-07-02,0.0,1-1.5,0.0007056884097880228
ETH,ET,Ethiopia,ET03,Amhara,ET0311,Central Gondar,2026-07-02,0.0,1-1.5,0.0007056884097880228
ETH,ET,Ethiopia,ET03,Amhara,ET0303,North Wello,2026-07-02,0.0,1-1.5,0.0007056884097880228
ETH,ET,Ethiopia,ET03,Amhara,ET0308,Wag Hamra,2026-07-02,0.0,1-1.5,0.0007056884097880228
ETH,ET,Ethiopia,ET03,Amhara,ET0306,East Gojam,2026-07-02,0.0,1-1.5,0.0007056884097880228
ETH,ET,Ethiopia,ET12,Gambela,ET1202,Agnewak,2026-07-02,0.0019063269,1-1.5,0.00165388273359316
ETH,ET,Ethiopia,ET12,Gambela,ET1204,Itang Special woreda,2026-07-02,0.0019063269,1-1.5,0.00165388273359316
ETH,ET,Ethiopia,ET12,Gambela,ET1203,Majang,2026-07-02,0.0019063269,1-1.5,0.00165388273359316
ETH,ET,Ethiopia,ET12,Gambela,ET1201,Nuwer,2026-07-02,0.0019063269,1-1.5,0.00165388273359316
ETH,ET,Ethiopia,ET13,Harari,ET1301,Harari,2026-07-02,0.0,1-1.5,1.515151531996459e-07
ETH,ET,Ethiopia,ET14,Addis Ababa,ET1401,Region 14,2026-07-02,0.0,1-1.5,9.176136353413643e-05
ETH,ET,Ethiopia,ET11,South West Ethiopia,ET1106,Konta Special,2026-07-02,1.5855572e-05,1-1.5,1.932733123856616e-05
ETH,ET,Ethiopia,ET11,South West Ethiopia,ET1105,Mirab Omo,2026-07-02,1.5855572e-05,1-1.5,1.932733123856616e-05
ETH,ET,Ethiopia,ET11,South West Ethiopia,ET1104,Dawuro,2026-07-02,1.5855572e-05,1-1.5,1.932733123856616e-05
ETH,ET,Ethiopia,ET11,South West Ethiopia,ET1101,Sheka,2026-07-02,1.5855572e-05,1-1.5,1.932733123856616e-05
ETH,ET,Ethiopia,ET11,South West Ethiopia,ET1103,Bench Sheko,2026-07-02,1.5855572e-05,1-1.5,1.932733123856616e-05
ETH,ET,Ethiopia,ET11,South West Ethiopia,ET1102,Kefa,2026-07-02,1.5855572e-05,1-1.5,1.932733123856616e-05
ETH,ET,Ethiopia,ET05,Somali,ET0510,Nogob,2026-07-02,0.0,1-1.5,0.0001086051089631355
ETH,ET,Ethiopia,ET05,Somali,ET0506,Shabelle,2026-07-02,0.0,1-1.5,0.0001086051089631355
ETH,ET,Ethiopia,ET05,Somali,ET0502,Fafan,2026-07-02,0.0,1-1.5,0.0001086051089631355
ETH,ET,Ethiopia,ET05,Somali,ET0503,Jarar,2026-07-02,0.0,1-1.5,0.0001086051089631355
ETH,ET,Ethiopia,ET05,Somali,ET0501,Siti,2026-07-02,0.0,1-1.5,0.0001086051089631355
ETH,ET,Ethiopia,ET05,Somali,ET0508,Afder,2026-07-02,0.0,1-1.5,0.0001086051089631355
ETH,ET,Ethiopia,ET05,Somali,ET0504,Erer,2026-07-02,0.0,1-1.5,0.0001086051089631355
ETH,ET,Ethiopia,ET05,Somali,ET0509,Liban,2026-07-02,0.0,1-1.5,0.0001086051089631355
ETH,ET,Ethiopia,ET05,Somali,ET0507,Doolo,2026-07-02,0.0,1-1.5,0.0001086051089631355
ETH,ET,Ethiopia,ET05,Somali,ET0505,Korahe,2026-07-02,0.0,1-1.5,0.0001086051089631355
ETH,ET,Ethiopia,ET05,Somali,ET0511,Daawa,2026-07-02,0.0,1-1.5,0.0001086051089631355
ETH,ET,Ethiopia,ET16,Sidama,ET1600,Sidama,2026-07-03,0.0,1-1.5,9.643734665587545e-06
ETH,ET,Ethiopia,ET01,Tigray,ET0107,Mekelle,2026-07-03,0.0,1-1.5,0.0005888868151982054
ETH,ET,Ethiopia,ET01,Tigray,ET0104,Southern,2026-07-03,0.0,1-1.5,0.0005888868151982054
ETH,ET,Ethiopia,ET01,Tigray,ET0101,North Western,2026-07-03,0.0,1-1.5,0.0005888868151982054
ETH,ET,Ethiopia,ET01,Tigray,ET0102,Central,2026-07-03,0.0,1-1.5,0.0005888868151982054
ETH,ET,Ethiopia,ET01,Tigray,ET0105,Western,2026-07-03,0.0,1-1.5,0.0005888868151982054
ETH,ET,Ethiopia,ET01,Tigray,ET0106,South Eastern,2026-07-03,0.0,1-1.5,0.0005888868151982054
ETH,ET,Ethiopia,ET01,Tigray,ET0103,Eastern,2026-07-03,0.0,1-1.5,0.0005888868151982054
ETH,ET,Ethiopia,ET04,Oromia,ET0404,Jimma,2026-07-03,0.0030752062,1-1.5,0.002130266315494241
ETH,ET,Ethiopia,ET04,Oromia,ET0410,East Hararge,2026-07-03,0.0030752062,1-1.5,0.002130266315494241
ETH,ET,Ethiopia,ET04,Oromia,ET0409,West Hararge,2026-07-03,0.0030752062,1-1.5,0.002130266315494241
ETH,ET,Ethiopia,ET04,Oromia,ET0401,West Wellega,2026-07-03,0.0030752062,1-1.5,0.002130266315494241
ETH,ET,Ethiopia,ET04,Oromia,ET0408,Arsi,2026-07-03,0.0030752062,1-1.5,0.002130266315494241
ETH,ET,Ethiopia,ET04,Oromia,ET0403,Ilu Aba Bora,2026-07-03,0.0030752062,1-1.5,0.002130266315494241
ETH,ET,Ethiopia,ET04,Oromia,ET0407,East Shewa,2026-07-03,0.0030752062,1-1.5,0.002130266315494241
ETH,ET,Ethiopia,ET04,Oromia,ET0405,West Shewa,2026-07-03,0.0030752062,1-1.5,0.002130266315494241
ETH,ET,Ethiopia,ET04,Oromia,ET0406,North Shewa (OR),2026-07-03,0.0030752062,1-1.5,0.002130266315494241
ETH,ET,Ethiopia,ET04,Oromia,ET0402,East Wellega,2026-07-03,0.0030752062,1-1.5,0.002130266315494241
ETH,ET,Ethiopia,ET04,Oromia,ET0418,Kelem Wellega,2026-07-03,0.0030752062,1-1.5,0.002130266315494241
ETH,ET,Ethiopia,ET04,Oromia,ET0411,Bale,2026-07-03,0.0030752062,1-1.5,0.002130266315494241
ETH,ET,Ethiopia,ET04,Oromia,ET0416,Buno Bedele,2026-07-03,0.0030752062,1-1.5,0.002130266315494241
ETH,ET,Ethiopia,ET04,Oromia,ET0421,East Bale,2026-07-03,0.0030752062,1-1.5,0.002130266315494241
ETH,ET,Ethiopia,ET04,Oromia,ET0412,Borena,2026-07-03,0.0030752062,1-1.5,0.002130266315494241
ETH,ET,Ethiopia,ET04,Oromia,ET0419,Horo Gudru Wellega,2026-07-03,0.0030752062,1-1.5,0.002130266315494241
ETH,ET,Ethiopia,ET04,Oromia,ET0417,West Arsi,2026-07-03,0.0030752062,1-1.5,0.002130266315494241
ETH,ET,Ethiopia,ET04,Oromia,ET0413,South West Shewa,2026-07-03,0.0030752062,1-1.5,0.002130266315494241
ETH,ET,Ethiopia,ET04,Oromia,ET0415,West Guji,2026-07-03,0.0030752062,1-1.5,0.002130266315494241
ETH,ET,Ethiopia,ET04,Oromia,ET0414,Guji,2026-07-03,0.0030752062,1-1.5,0.002130266315494241
ETH,ET,Ethiopia,ET04,Oromia,ET0420,Finfine Special,2026-07-03,0.0030752062,1-1.5,0.002130266315494241
ETH,ET,Ethiopia,ET07,SNNP,ET0701,Guraghe,2026-07-03,0.00869916,1-1.5,0.001578005154376363
ETH,ET,Ethiopia,ET07,SNNP,ET0724,Yem Special,2026-07-03,0.00869916,1-1.5,0.001578005154376363
ETH,ET,Ethiopia,ET07,SNNP,ET0721,Amaro,2026-07-03,0.00869916,1-1.5,0.001578005154376363
ETH,ET,Ethiopia,ET07,SNNP,ET0703,Kembata Tembaro,2026-07-03,0.00869916,1-1.5,0.001578005154376363
ETH,ET,Ethiopia,ET07,SNNP,ET0710,Gamo,2026-07-03,0.00869916,1-1.5,0.001578005154376363
ETH,ET,Ethiopia,ET07,SNNP,ET0720,Siltie,2026-07-03,0.00869916,1-1.5,0.001578005154376363
ETH,ET,Ethiopia,ET07,SNNP,ET0715,Gofa,2026-07-03,0.00869916,1-1.5,0.001578005154376363
ETH,ET,Ethiopia,ET07,SNNP,ET0713,Konso,2026-07-03,0.00869916,1-1.5,0.001578005154376363
ETH,ET,Ethiopia,ET07,SNNP,ET0723,Derashe,2026-07-03,0.00869916,1-1.5,0.001578005154376363
ETH,ET,Ethiopia,ET07,SNNP,ET0705,Gedeo,2026-07-03,0.00869916,1-1.5,0.001578005154376363
ETH,ET,Ethiopia,ET07,SNNP,ET0706,Wolayita,2026-07-03,0.00869916,1-1.5,0.001578005154376363
ETH,ET,Ethiopia,ET07,SNNP,ET0714,Halaba,2026-07-03,0.00869916,1-1.5,0.001578005154376363
ETH,ET,Ethiopia,ET07,SNNP,ET0722,Burji,2026-07-03,0.00869916,1-1.5,0.001578005154376363
ETH,ET,Ethiopia,ET07,SNNP,ET0707,South Omo,2026-07-03,0.00869916,1-1.5,0.001578005154376363
ETH,ET,Ethiopia,ET07,SNNP,ET0702,Hadiya,2026-07-03,0.00869916,1-1.5,0.001578005154376363
ETH,ET,Ethiopia,ET07,SNNP,ET0716,Basketo,2026-07-03,0.00869916,1-1.5,0.001578005154376363
ETH,ET,Ethiopia,ET07,SNNP,ET0712,Alle,2026-07-03,0.00869916,1-1.5,0.001578005154376363
ETH,ET,Ethiopia,ET15,Dire Dawa,ET1502,Dire Dawa rural,2026-07-03,0.0,1-1.5,2.07792204905259e-07
ETH,ET,Ethiopia,ET15,Dire Dawa,ET1501,Dire Dawa urban,2026-07-03,0.0,1-1.5,2.07792204905259e-07
ETH,ET,Ethiopia,ET06,Benishangul Gumz,ET0604,Kamashi,2026-07-03,0.020966962,>10,0.006177676486277567
ETH,ET,Ethiopia,ET06,Benishangul Gumz,ET0602,Metekel,2026-07-03,0.020966962,>10,0.006177676486277567
ETH,ET,Ethiopia,ET06,Benishangul Gumz,ET0605,Mao Komo Special,2026-07-03,0.020966962,>10,0.006177676486277567
ETH,ET,Ethiopia,ET06,Benishangul Gumz,ET0603,Assosa,2026-07-03,0.020966962,>10,0.006177676486277567
ETH,ET,Ethiopia,ET02,Afar,ET0201,Awsi /Zone 1,2026-07-03,0.0,1-1.5,0.002968166236744516
ETH,ET,Ethiopia,ET02,Afar,ET0204,Fanti /Zone 4,2026-07-03,0.0,1-1.5,0.002968166236744516
ETH,ET,Ethiopia,ET02,Afar,ET0205,Hari /Zone 5,2026-07-03,0.0,1-1.5,0.002968166236744516
ETH,ET,Ethiopia,ET02,Afar,ET0202,Kilbati /Zone2,2026-07-03,0.0,1-1.5,0.002968166236744516
ETH,ET,Ethiopia,ET02,Afar,ET0203,Gabi /Zone 3,2026-07-03,0.0,1-1.5,0.002968166236744516
ETH,ET,Ethiopia,ET03,Amhara,ET0307,West Gojam,2026-07-03,0.00030204636,1-1.5,0.0007390135095676956
ETH,ET,Ethiopia,ET03,Amhara,ET0309,Awi,2026-07-03,0.00030204636,1-1.5,0.0007390135095676956
ETH,ET,Ethiopia,ET03,Amhara,ET0305,North Shewa (AM),2026-07-03,0.00030204636,1-1.5,0.0007390135095676956
ETH,ET,Ethiopia,ET03,Amhara,ET0302,South Gondar,2026-07-03,0.00030204636,1-1.5,0.0007390135095676956
ETH,ET,Ethiopia,ET03,Amhara,ET0312,West Gondar,2026-07-03,0.00030204636,1-1.5,0.0007390135095676956
ETH,ET,Ethiopia,ET03,Amhara,ET0310,Oromia,2026-07-03,0.00030204636,1-1.5,0.0007390135095676956
ETH,ET,Ethiopia,ET03,Amhara,ET0304,South Wello,2026-07-03,0.00030204636,1-1.5,0.0007390135095676956
ETH,ET,Ethiopia,ET03,Amhara,ET0301,North Gondar,2026-07-03,0.00030204636,1-1.5,0.0007390135095676956
ETH,ET,Ethiopia,ET03,Amhara,ET0311,Central Gondar,2026-07-03,0.00030204636,1-1.5,0.0007390135095676956
ETH,ET,Ethiopia,ET03,Amhara,ET0303,North Wello,2026-07-03,0.00030204636,1-1.5,0.0007390135095676956
ETH,ET,Ethiopia,ET03,Amhara,ET0308,Wag Hamra,2026-07-03,0.00030204636,1-1.5,0.0007390135095676956
ETH,ET,Ethiopia,ET03,Amhara,ET0306,East Gojam,2026-07-03,0.00030204636,1-1.5,0.0007390135095676956
ETH,ET,Ethiopia,ET12,Gambela,ET1202,Agnewak,2026-07-03,0.002919542,1-1.5,0.001641751250182014
ETH,ET,Ethiopia,ET12,Gambela,ET1204,Itang Special woreda,2026-07-03,0.002919542,1-1.5,0.001641751250182014
ETH,ET,Ethiopia,ET12,Gambela,ET1203,Majang,2026-07-03,0.002919542,1-1.5,0.001641751250182014
ETH,ET,Ethiopia,ET12,Gambela,ET1201,Nuwer,2026-07-03,0.002919542,1-1.5,0.001641751250182014
ETH,ET,Ethiopia,ET13,Harari,ET1301,Harari,2026-07-03,0.0,1-1.5,1.515151531996459e-07
ETH,ET,Ethiopia,ET14,Addis Ababa,ET1401,Region 14,2026-07-03,0.0,1-1.5,9.380681824288992e-05
ETH,ET,Ethiopia,ET11,South West Ethiopia,ET1106,Konta Special,2026-07-03,3.8817794e-05,1-1.5,2.027679276078619e-05
ETH,ET,Ethiopia,ET11,South West Ethiopia,ET1105,Mirab Omo,2026-07-03,3.8817794e-05,1-1.5,2.027679276078619e-05
ETH,ET,Ethiopia,ET11,South West Ethiopia,ET1104,Dawuro,2026-07-03,3.8817794e-05,1-1.5,2.027679276078619e-05
ETH,ET,Ethiopia,ET11,South West Ethiopia,ET1101,Sheka,2026-07-03,3.8817794e-05,1-1.5,2.027679276078619e-05
ETH,ET,Ethiopia,ET11,South West Ethiopia,ET1103,Bench Sheko,2026-07-03,3.8817794e-05,1-1.5,2.027679276078619e-05
ETH,ET,Ethiopia,ET11,South West Ethiopia,ET1102,Kefa,2026-07-03,3.8817794e-05,1-1.5,2.027679276078619e-05
ETH,ET,Ethiopia,ET05,Somali,ET0510,Nogob,2026-07-03,1.9648295e-08,1-1.5,0.0001115367072032343
ETH,ET,Ethiopia,ET05,Somali,ET0506,Shabelle,2026-07-03,1.9648295e-08,1-1.5,0.0001115367072032343
ETH,ET,Ethiopia,ET05,Somali,ET0502,Fafan,2026-07-03,1.9648295e-08,1-1.5,0.0001115367072032343
ETH,ET,Ethiopia,ET05,Somali,ET0503,Jarar,2026-07-03,1.9648295e-08,1-1.5,0.0001115367072032343
ETH,ET,Ethiopia,ET05,Somali,ET0501,Siti,2026-07-03,1.9648295e-08,1-1.5,0.0001115367072032343
ETH,ET,Ethiopia,ET05,Somali,ET0508,Afder,2026-07-03,1.9648295e-08,1-1.5,0.0001115367072032343
ETH,ET,Ethiopia,ET05,Somali,ET0504,Erer,2026-07-03,1.9648295e-08,1-1.5,0.0001115367072032343
ETH,ET,Ethiopia,ET05,Somali,ET0509,Liban,2026-07-03,1.9648295e-08,1-1.5,0.0001115367072032343
ETH,ET,Ethiopia,ET05,Somali,ET0507,Doolo,2026-07-03,1.9648295e-08,1-1.5,0.0001115367072032343
ETH,ET,Ethiopia,ET05,Somali,ET0505,Korahe,2026-07-03,1.9648295e-08,1-1.5,0.0001115367072032343
ETH,ET,Ethiopia,ET05,Somali,ET0511,Daawa,2026-07-03,1.9648295e-08,1-1.5,0.0001115367072032343
ETH,ET,Ethiopia,ET16,Sidama,ET1600,Sidama,2026-07-04,0.0,1-1.5,9.643734665587545e-06
ETH,ET,Ethiopia,ET01,Tigray,ET0107,Mekelle,2026-07-04,1.1409013e-07,1-1.5,0.000592757819589322
ETH,ET,Ethiopia,ET01,Tigray,ET0104,Southern,2026-07-04,1.1409013e-07,1-1.5,0.000592757819589322
ETH,ET,Ethiopia,ET01,Tigray,ET0101,North Western,2026-07-04,1.1409013e-07,1-1.5,0.000592757819589322
ETH,ET,Ethiopia,ET01,Tigray,ET0102,Central,2026-07-04,1.1409013e-07,1-1.5,0.000592757819589322
ETH,ET,Ethiopia,ET01,Tigray,ET0105,Western,2026-07-04,1.1409013e-07,1-1.5,0.000592757819589322
ETH,ET,Ethiopia,ET01,Tigray,ET0106,South Eastern,2026-07-04,1.1409013e-07,1-1.5,0.000592757819589322
ETH,ET,Ethiopia,ET01,Tigray,ET0103,Eastern,2026-07-04,1.1409013e-07,1-1.5,0.000592757819589322
ETH,ET,Ethiopia,ET04,Oromia,ET0404,Jimma,2026-07-04,0.0031248028,1-1.5,0.00217603638514199
ETH,ET,Ethiopia,ET04,Oromia,ET0410,East Hararge,2026-07-04,0.0031248028,1-1.5,0.00217603638514199
ETH,ET,Ethiopia,ET04,Oromia,ET0409,West Hararge,2026-07-04,0.0031248028,1-1.5,0.00217603638514199
ETH,ET,Ethiopia,ET04,Oromia,ET0401,West Wellega,2026-07-04,0.0031248028,1-1.5,0.00217603638514199
ETH,ET,Ethiopia,ET04,Oromia,ET0408,Arsi,2026-07-04,0.0031248028,1-1.5,0.00217603638514199
ETH,ET,Ethiopia,ET04,Oromia,ET0403,Ilu Aba Bora,2026-07-04,0.0031248028,1-1.5,0.00217603638514199
ETH,ET,Ethiopia,ET04,Oromia,ET0407,East Shewa,2026-07-04,0.0031248028,1-1.5,0.00217603638514199
ETH,ET,Ethiopia,ET04,Oromia,ET0405,West Shewa,2026-07-04,0.0031248028,1-1.5,0.00217603638514199
ETH,ET,Ethiopia,ET04,Oromia,ET0406,North Shewa (OR),2026-07-04,0.0031248028,1-1.5,0.00217603638514199
ETH,ET,Ethiopia,ET04,Oromia,ET0402,East Wellega,2026-07-04,0.0031248028,1-1.5,0.00217603638514199
ETH,ET,Ethiopia,ET04,Oromia,ET0418,Kelem Wellega,2026-07-04,0.0031248028,1-1.5,0.00217603638514199
ETH,ET,Ethiopia,ET04,Oromia,ET0411,Bale,2026-07-04,0.0031248028,1-1.5,0.00217603638514199
ETH,ET,Ethiopia,ET04,Oromia,ET0416,Buno Bedele,2026-07-04,0.0031248028,1-1.5,0.00217603638514199
ETH,ET,Ethiopia,ET04,Oromia,ET0421,East Bale,2026-07-04,0.0031248028,1-1.5,0.00217603638514199
ETH,ET,Ethiopia,ET04,Oromia,ET0412,Borena,2026-07-04,0.0031248028,1-1.5,0.00217603638514199
ETH,ET,Ethiopia,ET04,Oromia,ET0419,Horo Gudru Wellega,2026-07-04,0.0031248028,1-1.5,0.00217603638514199
ETH,ET,Ethiopia,ET04,Oromia,ET0417,West Arsi,2026-07-04,0.0031248028,1-1.5,0.00217603638514199
ETH,ET,Ethiopia,ET04,Oromia,ET0413,South West Shewa,2026-07-04,0.0031248028,1-1.5,0.00217603638514199
ETH,ET,Ethiopia,ET04,Oromia,ET0415,West Guji,2026-07-04,0.0031248028,1-1.5,0.00217603638514199
ETH,ET,Ethiopia,ET04,Oromia,ET0414,Guji,2026-07-04,0.0031248028,1-1.5,0.00217603638514199
ETH,ET,Ethiopia,ET04,Oromia,ET0420,Finfine Special,2026-07-04,0.0031248028,1-1.5,0.00217603638514199
ETH,ET,Ethiopia,ET07,SNNP,ET0701,Guraghe,2026-07-04,0.008447045,1-1.5,0.001521243104236254
ETH,ET,Ethiopia,ET07,SNNP,ET0724,Yem Special,2026-07-04,0.008447045,1-1.5,0.001521243104236254
ETH,ET,Ethiopia,ET07,SNNP,ET0721,Amaro,2026-07-04,0.008447045,1-1.5,0.001521243104236254
ETH,ET,Ethiopia,ET07,SNNP,ET0703,Kembata Tembaro,2026-07-04,0.008447045,1-1.5,0.001521243104236254
ETH,ET,Ethiopia,ET07,SNNP,ET0710,Gamo,2026-07-04,0.008447045,1-1.5,0.001521243104236254
ETH,ET,Ethiopia,ET07,SNNP,ET0720,Siltie,2026-07-04,0.008447045,1-1.5,0.001521243104236254
ETH,ET,Ethiopia,ET07,SNNP,ET0715,Gofa,2026-07-04,0.008447045,1-1.5,0.001521243104236254
ETH,ET,Ethiopia,ET07,SNNP,ET0713,Konso,2026-07-04,0.008447045,1-1.5,0.001521243104236254
ETH,ET,Ethiopia,ET07,SNNP,ET0723,Derashe,2026-07-04,0.008447045,1-1.5,0.001521243104236254
ETH,ET,Ethiopia,ET07,SNNP,ET0705,Gedeo,2026-07-04,0.008447045,1-1.5,0.001521243104236254
ETH,ET,Ethiopia,ET07,SNNP,ET0706,Wolayita,2026-07-04,0.008447045,1-1.5,0.001521243104236254
ETH,ET,Ethiopia,ET07,SNNP,ET0714,Halaba,2026-07-04,0.008447045,1-1.5,0.001521243104236254
ETH,ET,Ethiopia,ET07,SNNP,ET0722,Burji,2026-07-04,0.008447045,1-1.5,0.001521243104236254
ETH,ET,Ethiopia,ET07,SNNP,ET0707,South Omo,2026-07-04,0.008447045,1-1.5,0.001521243104236254
ETH,ET,Ethiopia,ET07,SNNP,ET0702,Hadiya,2026-07-04,0.008447045,1-1.5,0.001521243104236254
ETH,ET,Ethiopia,ET07,SNNP,ET0716,Basketo,2026-07-04,0.008447045,1-1.5,0.001521243104236254
ETH,ET,Ethiopia,ET07,SNNP,ET0712,Alle,2026-07-04,0.008447045,1-1.5,0.001521243104236254
ETH,ET,Ethiopia,ET15,Dire Dawa,ET1502,Dire Dawa rural,2026-07-04,0.0,1-1.5,2.07792204905259e-07
ETH,ET,Ethiopia,ET15,Dire Dawa,ET1501,Dire Dawa urban,2026-07-04,0.0,1-1.5,2.07792204905259e-07
ETH,ET,Ethiopia,ET06,Benishangul Gumz,ET0604,Kamashi,2026-07-04,0.021802308,>10,0.006231527615083431
ETH,ET,Ethiopia,ET06,Benishangul Gumz,ET0602,Metekel,2026-07-04,0.021802308,>10,0.006231527615083431
ETH,ET,Ethiopia,ET06,Benishangul Gumz,ET0605,Mao Komo Special,2026-07-04,0.021802308,>10,0.006231527615083431
ETH,ET,Ethiopia,ET06,Benishangul Gumz,ET0603,Assosa,2026-07-04,0.021802308,>10,0.006231527615083431
ETH,ET,Ethiopia,ET02,Afar,ET0201,Awsi /Zone 1,2026-07-04,0.0,1-1.5,0.003047768276354129
ETH,ET,Ethiopia,ET02,Afar,ET0204,Fanti /Zone 4,2026-07-04,0.0,1-1.5,0.003047768276354129
ETH,ET,Ethiopia,ET02,Afar,ET0205,Hari /Zone 5,2026-07-04,0.0,1-1.5,0.003047768276354129
ETH,ET,Ethiopia,ET02,Afar,ET0202,Kilbati /Zone2,2026-07-04,0.0,1-1.5,0.003047768276354129
ETH,ET,Ethiopia,ET02,Afar,ET0203,Gabi /Zone 3,2026-07-04,0.0,1-1.5,0.003047768276354129
ETH,ET,Ethiopia,ET03,Amhara,ET0307,West Gojam,2026-07-04,8.399211e-05,1-1.5,0.0007684518514781174
ETH,ET,Ethiopia,ET03,Amhara,ET0309,Awi,2026-07-04,8.399211e-05,1-1.5,0.0007684518514781174
ETH,ET,Ethiopia,ET03,Amhara,ET0305,North Shewa (AM),2026-07-04,8.399211e-05,1-1.5,0.0007684518514781174
ETH,ET,Ethiopia,ET03,Amhara,ET0302,South Gondar,2026-07-04,8.399211e-05,1-1.5,0.0007684518514781174
ETH,ET,Ethiopia,ET03,Amhara,ET0312,West Gondar,2026-07-04,8.399211e-05,1-1.5,0.0007684518514781174
ETH,ET,Ethiopia,ET03,Amhara,ET0310,Oromia,2026-07-04,8.399211e-05,1-1.5,0.0007684518514781174
ETH,ET,Ethiopia,ET03,Amhara,ET0304,South Wello,2026-07-04,8.399211e-05,1-1.5,0.0007684518514781174
ETH,ET,Ethiopia,ET03,Amhara,ET0301,North Gondar,2026-07-04,8.399211e-05,1-1.5,0.0007684518514781174
ETH,ET,Ethiopia,ET03,Amhara,ET0311,Central Gondar,2026-07-04,8.399211e-05,1-1.5,0.0007684518514781174
ETH,ET,Ethiopia,ET03,Amhara,ET0303,North Wello,2026-07-04,8.399211e-05,1-1.5,0.0007684518514781174
ETH,ET,Ethiopia,ET03,Amhara,ET0308,Wag Hamra,2026-07-04,8.399211e-05,1-1.5,0.0007684518514781174
ETH,ET,Ethiopia,ET03,Amhara,ET0306,East Gojam,2026-07-04,8.399211e-05,1-1.5,0.0007684518514781174
ETH,ET,Ethiopia,ET12,Gambela,ET1202,Agnewak,2026-07-04,0.0018279849,1-1.5,0.001646780197849942
ETH,ET,Ethiopia,ET12,Gambela,ET1204,Itang Special woreda,2026-07-04,0.0018279849,1-1.5,0.001646780197849942
ETH,ET,Ethiopia,ET12,Gambela,ET1203,Majang,2026-07-04,0.0018279849,1-1.5,0.001646780197849942
ETH,ET,Ethiopia,ET12,Gambela,ET1201,Nuwer,2026-07-04,0.0018279849,1-1.5,0.001646780197849942
ETH,ET,Ethiopia,ET13,Harari,ET1301,Harari,2026-07-04,0.0,1-1.5,0.0001120454547080127
ETH,ET,Ethiopia,ET14,Addis Ababa,ET1401,Region 14,2026-07-04,0.0,1-1.5,0.0005428409192022213
ETH,ET,Ethiopia,ET11,South West Ethiopia,ET1106,Konta Special,2026-07-04,0.0,1-1.5,2.090233621045586e-05
ETH,ET,Ethiopia,ET11,South West Ethiopia,ET1105,Mirab Omo,2026-07-04,0.0,1-1.5,2.090233621045586e-05
ETH,ET,Ethiopia,ET11,South West Ethiopia,ET1104,Dawuro,2026-07-04,0.0,1-1.5,2.090233621045586e-05
ETH,ET,Ethiopia,ET11,South West Ethiopia,ET1101,Sheka,2026-07-04,0.0,1-1.5,2.090233621045586e-05
ETH,ET,Ethiopia,ET11,South West Ethiopia,ET1103,Bench Sheko,2026-07-04,0.0,1-1.5,2.090233621045586e-05
ETH,ET,Ethiopia,ET11,South West Ethiopia,ET1102,Kefa,2026-07-04,0.0,1-1.5,2.090233621045586e-05
ETH,ET,Ethiopia,ET05,Somali,ET0510,Nogob,2026-07-04,0.0,1-1.5,0.0001195896021217038
ETH,ET,Ethiopia,ET05,Somali,ET0506,Shabelle,2026-07-04,0.0,1-1.5,0.0001195896021217038
ETH,ET,Ethiopia,ET05,Somali,ET0502,Fafan,2026-07-04,0.0,1-1.5,0.0001195896021217038
ETH,ET,Ethiopia,ET05,Somali,ET0503,Jarar,2026-07-04,0.0,1-1.5,0.0001195896021217038
ETH,ET,Ethiopia,ET05,Somali,ET0501,Siti,2026-07-04,0.0,1-1.5,0.0001195896021217038
ETH,ET,Ethiopia,ET05,Somali,ET0508,Afder,2026-07-04,0.0,1-1.5,0.0001195896021217038
ETH,ET,Ethiopia,ET05,Somali,ET0504,Erer,2026-07-04,0.0,1-1.5,0.0001195896021217038
ETH,ET,Ethiopia,ET05,Somali,ET0509,Liban,2026-07-04,0.0,1-1.5,0.0001195896021217038
ETH,ET,Ethiopia,ET05,Somali,ET0507,Doolo,2026-07-04,0.0,1-1.5,0.0001195896021217038
ETH,ET,Ethiopia,ET05,Somali,ET0505,Korahe,2026-07-04,0.0,1-1.5,0.0001195896021217038
ETH,ET,Ethiopia,ET05,Somali,ET0511,Daawa,2026-07-04,0.0,1-1.5,0.0001195896021217038
ETH,ET,Ethiopia,ET16,Sidama,ET1600,Sidama,2026-07-05,0.0,1-1.5,4.533169621109581e-06
ETH,ET,Ethiopia,ET01,Tigray,ET0107,Mekelle,2026-07-05,8.222569e-06,1-1.5,0.000575851462465044
ETH,ET,Ethiopia,ET01,Tigray,ET0104,Southern,2026-07-05,8.222569e-06,1-1.5,0.000575851462465044
ETH,ET,Ethiopia,ET01,Tigray,ET0101,North Western,2026-07-05,8.222569e-06,1-1.5,0.000575851462465044
ETH,ET,Ethiopia,ET01,Tigray,ET0102,Central,2026-07-05,8.222569e-06,1-1.5,0.000575851462465044
ETH,ET,Ethiopia,ET01,Tigray,ET0105,Western,2026-07-05,8.222569e-06,1-1.5,0.000575851462465044
ETH,ET,Ethiopia,ET01,Tigray,ET0106,South Eastern,2026-07-05,8.222569e-06,1-1.5,0.000575851462465044
ETH,ET,Ethiopia,ET01,Tigray,ET0103,Eastern,2026-07-05,8.222569e-06,1-1.5,0.000575851462465044
ETH,ET,Ethiopia,ET04,Oromia,ET0404,Jimma,2026-07-05,0.00298242,1-1.5,0.002251744785197926
ETH,ET,Ethiopia,ET04,Oromia,ET0410,East Hararge,2026-07-05,0.00298242,1-1.5,0.002251744785197926
ETH,ET,Ethiopia,ET04,Oromia,ET0409,West Hararge,2026-07-05,0.00298242,1-1.5,0.002251744785197926
ETH,ET,Ethiopia,ET04,Oromia,ET0401,West Wellega,2026-07-05,0.00298242,1-1.5,0.002251744785197926
ETH,ET,Ethiopia,ET04,Oromia,ET0408,Arsi,2026-07-05,0.00298242,1-1.5,0.002251744785197926
ETH,ET,Ethiopia,ET04,Oromia,ET0403,Ilu Aba Bora,2026-07-05,0.00298242,1-1.5,0.002251744785197926
ETH,ET,Ethiopia,ET04,Oromia,ET0407,East Shewa,2026-07-05,0.00298242,1-1.5,0.002251744785197926
ETH,ET,Ethiopia,ET04,Oromia,ET0405,West Shewa,2026-07-05,0.00298242,1-1.5,0.002251744785197926
ETH,ET,Ethiopia,ET04,Oromia,ET0406,North Shewa (OR),2026-07-05,0.00298242,1-1.5,0.002251744785197926
ETH,ET,Ethiopia,ET04,Oromia,ET0402,East Wellega,2026-07-05,0.00298242,1-1.5,0.002251744785197926
ETH,ET,Ethiopia,ET04,Oromia,ET0418,Kelem Wellega,2026-07-05,0.00298242,1-1.5,0.002251744785197926
ETH,ET,Ethiopia,ET04,Oromia,ET0411,Bale,2026-07-05,0.00298242,1-1.5,0.002251744785197926
ETH,ET,Ethiopia,ET04,Oromia,ET0416,Buno Bedele,2026-07-05,0.00298242,1-1.5,0.002251744785197926
ETH,ET,Ethiopia,ET04,Oromia,ET0421,East Bale,2026-07-05,0.00298242,1-1.5,0.002251744785197926
ETH,ET,Ethiopia,ET04,Oromia,ET0412,Borena,2026-07-05,0.00298242,1-1.5,0.002251744785197926
ETH,ET,Ethiopia,ET04,Oromia,ET0419,Horo Gudru Wellega,2026-07-05,0.00298242,1-1.5,0.002251744785197926
ETH,ET,Ethiopia,ET04,Oromia,ET0417,West Arsi,2026-07-05,0.00298242,1-1.5,0.002251744785197926
ETH,ET,Ethiopia,ET04,Oromia,ET0413,South West Shewa,2026-07-05,0.00298242,1-1.5,0.002251744785197926
ETH,ET,Ethiopia,ET04,Oromia,ET0415,West Guji,2026-07-05,0.00298242,1-1.5,0.002251744785197926
ETH,ET,Ethiopia,ET04,Oromia,ET0414,Guji,2026-07-05,0.00298242,1-1.5,0.002251744785197926
ETH,ET,Ethiopia,ET04,Oromia,ET0420,Finfine Special,2026-07-05,0.00298242,1-1.5,0.002251744785197926
ETH,ET,Ethiopia,ET07,SNNP,ET0701,Guraghe,2026-07-05,0.008601214,1-1.5,0.001488272674917177
ETH,ET,Ethiopia,ET07,SNNP,ET0724,Yem Special,2026-07-05,0.008601214,1-1.5,0.001488272674917177
ETH,ET,Ethiopia,ET07,SNNP,ET0721,Amaro,2026-07-05,0.008601214,1-1.5,0.001488272674917177
ETH,ET,Ethiopia,ET07,SNNP,ET0703,Kembata Tembaro,2026-07-05,0.008601214,1-1.5,0.001488272674917177
ETH,ET,Ethiopia,ET07,SNNP,ET0710,Gamo,2026-07-05,0.008601214,1-1.5,0.001488272674917177
ETH,ET,Ethiopia,ET07,SNNP,ET0720,Siltie,2026-07-05,0.008601214,1-1.5,0.001488272674917177
ETH,ET,Ethiopia,ET07,SNNP,ET0715,Gofa,2026-07-05,0.008601214,1-1.5,0.001488272674917177
ETH,ET,Ethiopia,ET07,SNNP,ET0713,Konso,2026-07-05,0.008601214,1-1.5,0.001488272674917177
ETH,ET,Ethiopia,ET07,SNNP,ET0723,Derashe,2026-07-05,0.008601214,1-1.5,0.001488272674917177
ETH,ET,Ethiopia,ET07,SNNP,ET0705,Gedeo,2026-07-05,0.008601214,1-1.5,0.001488272674917177
ETH,ET,Ethiopia,ET07,SNNP,ET0706,Wolayita,2026-07-05,0.008601214,1-1.5,0.001488272674917177
ETH,ET,Ethiopia,ET07,SNNP,ET0714,Halaba,2026-07-05,0.008601214,1-1.5,0.001488272674917177
ETH,ET,Ethiopia,ET07,SNNP,ET0722,Burji,2026-07-05,0.008601214,1-1.5,0.001488272674917177
ETH,ET,Ethiopia,ET07,SNNP,ET0707,South Omo,2026-07-05,0.008601214,1-1.5,0.001488272674917177
ETH,ET,Ethiopia,ET07,SNNP,ET0702,Hadiya,2026-07-05,0.008601214,1-1.5,0.001488272674917177
ETH,ET,Ethiopia,ET07,SNNP,ET0716,Basketo,2026-07-05,0.008601214,1-1.5,0.001488272674917177
ETH,ET,Ethiopia,ET07,SNNP,ET0712,Alle,2026-07-05,0.008601214,1-1.5,0.001488272674917177
ETH,ET,Ethiopia,ET15,Dire Dawa,ET1502,Dire Dawa rural,2026-07-05,0.0,1-1.5,2.07792204905259e-07
ETH,ET,Ethiopia,ET15,Dire Dawa,ET1501,Dire Dawa urban,2026-07-05,0.0,1-1.5,2.07792204905259e-07
ETH,ET,Ethiopia,ET06,Benishangul Gumz,ET0604,Kamashi,2026-07-05,0.019633502,>10,0.006281252622607201
ETH,ET,Ethiopia,ET06,Benishangul Gumz,ET0602,Metekel,2026-07-05,0.019633502,>10,0.006281252622607201
ETH,ET,Ethiopia,ET06,Benishangul Gumz,ET0605,Mao Komo Special,2026-07-05,0.019633502,>10,0.006281252622607201
ETH,ET,Ethiopia,ET06,Benishangul Gumz,ET0603,Assosa,2026-07-05,0.019633502,>10,0.006281252622607201
ETH,ET,Ethiopia,ET02,Afar,ET0201,Awsi /Zone 1,2026-07-05,0.0,1-1.5,0.003171850473683496
ETH,ET,Ethiopia,ET02,Afar,ET0204,Fanti /Zone 4,2026-07-05,0.0,1-1.5,0.003171850473683496
ETH,ET,Ethiopia,ET02,Afar,ET0205,Hari /Zone 5,2026-07-05,0.0,1-1.5,0.003171850473683496
ETH,ET,Ethiopia,ET02,Afar,ET0202,Kilbati /Zone2,2026-07-05,0.0,1-1.5,0.003171850473683496
ETH,ET,Ethiopia,ET02,Afar,ET0203,Gabi /Zone 3,2026-07-05,0.0,1-1.5,0.003171850473683496
ETH,ET,Ethiopia,ET03,Amhara,ET0307,West Gojam,2026-07-05,2.3720238e-06,1-1.5,0.0008192799355582087
ETH,ET,Ethiopia,ET03,Amhara,ET0309,Awi,2026-07-05,2.3720238e-06,1-1.5,0.0008192799355582087
ETH,ET,Ethiopia,ET03,Amhara,ET0305,North Shewa (AM),2026-07-05,2.3720238e-06,1-1.5,0.0008192799355582087
ETH,ET,Ethiopia,ET03,Amhara,ET0302,South Gondar,2026-07-05,2.3720238e-06,1-1.5,0.0008192799355582087
ETH,ET,Ethiopia,ET03,Amhara,ET0312,West Gondar,2026-07-05,2.3720238e-06,1-1.5,0.0008192799355582087
ETH,ET,Ethiopia,ET03,Amhara,ET0310,Oromia,2026-07-05,2.3720238e-06,1-1.5,0.0008192799355582087
ETH,ET,Ethiopia,ET03,Amhara,ET0304,South Wello,2026-07-05,2.3720238e-06,1-1.5,0.0008192799355582087
ETH,ET,Ethiopia,ET03,Amhara,ET0301,North Gondar,2026-07-05,2.3720238e-06,1-1.5,0.0008192799355582087
ETH,ET,Ethiopia,ET03,Amhara,ET0311,Central Gondar,2026-07-05,2.3720238e-06,1-1.5,0.0008192799355582087
ETH,ET,Ethiopia,ET03,Amhara,ET0303,North Wello,2026-07-05,2.3720238e-06,1-1.5,0.0008192799355582087
ETH,ET,Ethiopia,ET03,Amhara,ET0308,Wag Hamra,2026-07-05,2.3720238e-06,1-1.5,0.0008192799355582087
ETH,ET,Ethiopia,ET03,Amhara,ET0306,East Gojam,2026-07-05,2.3720238e-06,1-1.5,0.0008192799355582087
ETH,ET,Ethiopia,ET12,Gambela,ET1202,Agnewak,2026-07-05,0.0015806339,1-1.5,0.001639061390795343
ETH,ET,Ethiopia,ET12,Gambela,ET1204,Itang Special woreda,2026-07-05,0.0015806339,1-1.5,0.001639061390795343
ETH,ET,Ethiopia,ET12,Gambela,ET1203,Majang,2026-07-05,0.0015806339,1-1.5,0.001639061390795343
ETH,ET,Ethiopia,ET12,Gambela,ET1201,Nuwer,2026-07-05,0.0015806339,1-1.5,0.001639061390795343
ETH,ET,Ethiopia,ET13,Harari,ET1301,Harari,2026-07-05,0.0,1-1.5,0.0001120454547080127
ETH,ET,Ethiopia,ET14,Addis Ababa,ET1401,Region 14,2026-07-05,0.0,1-1.5,0.0005426136462574505
ETH,ET,Ethiopia,ET11,South West Ethiopia,ET1106,Konta Special,2026-07-05,0.0,1-1.5,1.785679173012382e-05
ETH,ET,Ethiopia,ET11,South West Ethiopia,ET1105,Mirab Omo,2026-07-05,0.0,1-1.5,1.785679173012382e-05
ETH,ET,Ethiopia,ET11,South West Ethiopia,ET1104,Dawuro,2026-07-05,0.0,1-1.5,1.785679173012382e-05
ETH,ET,Ethiopia,ET11,South West Ethiopia,ET1101,Sheka,2026-07-05,0.0,1-1.5,1.785679173012382e-05
ETH,ET,Ethiopia,ET11,South West Ethiopia,ET1103,Bench Sheko,2026-07-05,0.0,1-1.5,1.785679173012382e-05
ETH,ET,Ethiopia,ET11,South West Ethiopia,ET1102,Kefa,2026-07-05,0.0,1-1.5,1.785679173012382e-05
ETH,ET,Ethiopia,ET05,Somali,ET0510,Nogob,2026-07-05,0.0,1-1.5,0.0001137019894653706
ETH,ET,Ethiopia,ET05,Somali,ET0506,Shabelle,2026-07-05,0.0,1-1.5,0.0001137019894653706
ETH,ET,Ethiopia,ET05,Somali,ET0502,Fafan,2026-07-05,0.0,1-1.5,0.0001137019894653706
ETH,ET,Ethiopia,ET05,Somali,ET0503,Jarar,2026-07-05,0.0,1-1.5,0.0001137019894653706
ETH,ET,Ethiopia,ET05,Somali,ET0501,Siti,2026-07-05,0.0,1-1.5,0.0001137019894653706
ETH,ET,Ethiopia,ET05,Somali,ET0508,Afder,2026-07-05,0.0,1-1.5,0.0001137019894653706
ETH,ET,Ethiopia,ET05,Somali,ET0504,Erer,2026-07-05,0.0,1-1.5,0.0001137019894653706
ETH,ET,Ethiopia,ET05,Somali,ET0509,Liban,2026-07-05,0.0,1-1.5,0.0001137019894653706
ETH,ET,Ethiopia,ET05,Somali,ET0507,Doolo,2026-07-05,0.0,1-1.5,0.0001137019894653706
ETH,ET,Ethiopia,ET05,Somali,ET0505,Korahe,2026-07-05,0.0,1-1.5,0.0001137019894653706
ETH,ET,Ethiopia,ET05,Somali,ET0511,Daawa,2026-07-05,0.0,1-1.5,0.0001137019894653706
ETH,ET,Ethiopia,ET16,Sidama,ET1600,Sidama,2026-07-06,0.0,1-1.5,4.557739647349411e-06
ETH,ET,Ethiopia,ET01,Tigray,ET0107,Mekelle,2026-07-06,0.0005824758,1-1.5,0.0005647853448510628
ETH,ET,Ethiopia,ET01,Tigray,ET0104,Southern,2026-07-06,0.0005824758,1-1.5,0.0005647853448510628
ETH,ET,Ethiopia,ET01,Tigray,ET0101,North Western,2026-07-06,0.0005824758,1-1.5,0.0005647853448510628
ETH,ET,Ethiopia,ET01,Tigray,ET0102,Central,2026-07-06,0.0005824758,1-1.5,0.0005647853448510628
ETH,ET,Ethiopia,ET01,Tigray,ET0105,Western,2026-07-06,0.0005824758,1-1.5,0.0005647853448510628
ETH,ET,Ethiopia,ET01,Tigray,ET0106,South Eastern,2026-07-06,0.0005824758,1-1.5,0.0005647853448510628
ETH,ET,Ethiopia,ET01,Tigray,ET0103,Eastern,2026-07-06,0.0005824758,1-1.5,0.0005647853448510628
ETH,ET,Ethiopia,ET04,Oromia,ET0404,Jimma,2026-07-06,0.003047029,1-1.5,0.002306948568862439
ETH,ET,Ethiopia,ET04,Oromia,ET0410,East Hararge,2026-07-06,0.003047029,1-1.5,0.002306948568862439
ETH,ET,Ethiopia,ET04,Oromia,ET0409,West Hararge,2026-07-06,0.003047029,1-1.5,0.002306948568862439
ETH,ET,Ethiopia,ET04,Oromia,ET0401,West Wellega,2026-07-06,0.003047029,1-1.5,0.002306948568862439
ETH,ET,Ethiopia,ET04,Oromia,ET0408,Arsi,2026-07-06,0.003047029,1-1.5,0.002306948568862439
ETH,ET,Ethiopia,ET04,Oromia,ET0403,Ilu Aba Bora,2026-07-06,0.003047029,1-1.5,0.002306948568862439
ETH,ET,Ethiopia,ET04,Oromia,ET0407,East Shewa,2026-07-06,0.003047029,1-1.5,0.002306948568862439
ETH,ET,Ethiopia,ET04,Oromia,ET0405,West Shewa,2026-07-06,0.003047029,1-1.5,0.002306948568862439
ETH,ET,Ethiopia,ET04,Oromia,ET0406,North Shewa (OR),2026-07-06,0.003047029,1-1.5,0.002306948568862439
ETH,ET,Ethiopia,ET04,Oromia,ET0402,East Wellega,2026-07-06,0.003047029,1-1.5,0.002306948568862439
ETH,ET,Ethiopia,ET04,Oromia,ET0418,Kelem Wellega,2026-07-06,0.003047029,1-1.5,0.002306948568862439
ETH,ET,Ethiopia,ET04,Oromia,ET0411,Bale,2026-07-06,0.003047029,1-1.5,0.002306948568862439
ETH,ET,Ethiopia,ET04,Oromia,ET0416,Buno Bedele,2026-07-06,0.003047029,1-1.5,0.002306948568862439
ETH,ET,Ethiopia,ET04,Oromia,ET0421,East Bale,2026-07-06,0.003047029,1-1.5,0.002306948568862439
ETH,ET,Ethiopia,ET04,Oromia,ET0412,Borena,2026-07-06,0.003047029,1-1.5,0.002306948568862439
ETH,ET,Ethiopia,ET04,Oromia,ET0419,Horo Gudru Wellega,2026-07-06,0.003047029,1-1.5,0.002306948568862439
ETH,ET,Ethiopia,ET04,Oromia,ET0417,West Arsi,2026-07-06,0.003047029,1-1.5,0.002306948568862439
ETH,ET,Ethiopia,ET04,Oromia,ET0413,South West Shewa,2026-07-06,0.003047029,1-1.5,0.002306948568862439
ETH,ET,Ethiopia,ET04,Oromia,ET0415,West Guji,2026-07-06,0.003047029,1-1.5,0.002306948568862439
ETH,ET,Ethiopia,ET04,Oromia,ET0414,Guji,2026-07-06,0.003047029,1-1.5,0.002306948568862439
ETH,ET,Ethiopia,ET04,Oromia,ET0420,Finfine Special,2026-07-06,0.003047029,1-1.5,0.002306948568862439
ETH,ET,Ethiopia,ET07,SNNP,ET0701,Guraghe,2026-07-06,0.008322675,1-1.5,0.001450609052194936
ETH,ET,Ethiopia,ET07,SNNP,ET0724,Yem Special,2026-07-06,0.008322675,1-1.5,0.001450609052194936
ETH,ET,Ethiopia,ET07,SNNP,ET0721,Amaro,2026-07-06,0.008322675,1-1.5,0.001450609052194936
ETH,ET,Ethiopia,ET07,SNNP,ET0703,Kembata Tembaro,2026-07-06,0.008322675,1-1.5,0.001450609052194936
ETH,ET,Ethiopia,ET07,SNNP,ET0710,Gamo,2026-07-06,0.008322675,1-1.5,0.001450609052194936
ETH,ET,Ethiopia,ET07,SNNP,ET0720,Siltie,2026-07-06,0.008322675,1-1.5,0.001450609052194936
ETH,ET,Ethiopia,ET07,SNNP,ET0715,Gofa,2026-07-06,0.008322675,1-1.5,0.001450609052194936
ETH,ET,Ethiopia,ET07,SNNP,ET0713,Konso,2026-07-06,0.008322675,1-1.5,0.001450609052194936
ETH,ET,Ethiopia,ET07,SNNP,ET0723,Derashe,2026-07-06,0.008322675,1-1.5,0.001450609052194936
ETH,ET,Ethiopia,ET07,SNNP,ET0705,Gedeo,2026-07-06,0.008322675,1-1.5,0.001450609052194936
ETH,ET,Ethiopia,ET07,SNNP,ET0706,Wolayita,2026-07-06,0.008322675,1-1.5,0.001450609052194936
ETH,ET,Ethiopia,ET07,SNNP,ET0714,Halaba,2026-07-06,0.008322675,1-1.5,0.001450609052194936
ETH,ET,Ethiopia,ET07,SNNP,ET0722,Burji,2026-07-06,0.008322675,1-1.5,0.001450609052194936
ETH,ET,Ethiopia,ET07,SNNP,ET0707,South Omo,2026-07-06,0.008322675,1-1.5,0.001450609052194936
ETH,ET,Ethiopia,ET07,SNNP,ET0702,Hadiya,2026-07-06,0.008322675,1-1.5,0.001450609052194936
ETH,ET,Ethiopia,ET07,SNNP,ET0716,Basketo,2026-07-06,0.008322675,1-1.5,0.001450609052194936
ETH,ET,Ethiopia,ET07,SNNP,ET0712,Alle,2026-07-06,0.008322675,1-1.5,0.001450609052194936
ETH,ET,Ethiopia,ET15,Dire Dawa,ET1502,Dire Dawa rural,2026-07-06,0.0,1-1.5,1.038961024526295e-07
ETH,ET,Ethiopia,ET15,Dire Dawa,ET1501,Dire Dawa urban,2026-07-06,0.0,1-1.5,1.038961024526295e-07
ETH,ET,Ethiopia,ET06,Benishangul Gumz,ET0604,Kamashi,2026-07-06,0.019986741,>10,0.006337561831937096
ETH,ET,Ethiopia,ET06,Benishangul Gumz,ET0602,Metekel,2026-07-06,0.019986741,>10,0.006337561831937096
ETH,ET,Ethiopia,ET06,Benishangul Gumz,ET0605,Mao Komo Special,2026-07-06,0.019986741,>10,0.006337561831937096
ETH,ET,Ethiopia,ET06,Benishangul Gumz,ET0603,Assosa,2026-07-06,0.019986741,>10,0.006337561831937096
ETH,ET,Ethiopia,ET02,Afar,ET0201,Awsi /Zone 1,2026-07-06,0.0,1-1.5,0.003301068235569718
ETH,ET,Ethiopia,ET02,Afar,ET0204,Fanti /Zone 4,2026-07-06,0.0,1-1.5,0.003301068235569718
ETH,ET,Ethiopia,ET02,Afar,ET0205,Hari /Zone 5,2026-07-06,0.0,1-1.5,0.003301068235569718
ETH,ET,Ethiopia,ET02,Afar,ET0202,Kilbati /Zone2,2026-07-06,0.0,1-1.5,0.003301068235569718
ETH,ET,Ethiopia,ET02,Afar,ET0203,Gabi /Zone 3,2026-07-06,0.0,1-1.5,0.003301068235569718
ETH,ET,Ethiopia,ET03,Amhara,ET0307,West Gojam,2026-07-06,0.0,1-1.5,0.0008731807689926218
ETH,ET,Ethiopia,ET03,Amhara,ET0309,Awi,2026-07-06,0.0,1-1.5,0.0008731807689926218
ETH,ET,Ethiopia,ET03,Amhara,ET0305,North Shewa (AM),2026-07-06,0.0,1-1.5,0.0008731807689926218
ETH,ET,Ethiopia,ET03,Amhara,ET0302,South Gondar,2026-07-06,0.0,1-1.5,0.0008731807689926218
ETH,ET,Ethiopia,ET03,Amhara,ET0312,West Gondar,2026-07-06,0.0,1-1.5,0.0008731807689926218
ETH,ET,Ethiopia,ET03,Amhara,ET0310,Oromia,2026-07-06,0.0,1-1.5,0.0008731807689926218
ETH,ET,Ethiopia,ET03,Amhara,ET0304,South Wello,2026-07-06,0.0,1-1.5,0.0008731807689926218
ETH,ET,Ethiopia,ET03,Amhara,ET0301,North Gondar,2026-07-06,0.0,1-1.5,0.0008731807689926218
ETH,ET,Ethiopia,ET03,Amhara,ET0311,Central Gondar,2026-07-06,0.0,1-1.5,0.0008731807689926218
ETH,ET,Ethiopia,ET03,Amhara,ET0303,North Wello,2026-07-06,0.0,1-1.5,0.0008731807689926218
ETH,ET,Ethiopia,ET03,Amhara,ET0308,Wag Hamra,2026-07-06,0.0,1-1.5,0.0008731807689926218
ETH,ET,Ethiopia,ET03,Amhara,ET0306,East Gojam,2026-07-06,0.0,1-1.5,0.0008731807689926218
ETH,ET,Ethiopia,ET12,Gambela,ET1202,Agnewak,2026-07-06,0.0017609237,1-1.5,0.001607691165918368
ETH,ET,Ethiopia,ET12,Gambela,ET1204,Itang Special woreda,2026-07-06,0.0017609237,1-1.5,0.001607691165918368
ETH,ET,Ethiopia,ET12,Gambela,ET1203,Majang,2026-07-06,0.0017609237,1-1.5,0.001607691165918368
ETH,ET,Ethiopia,ET12,Gambela,ET1201,Nuwer,2026-07-06,0.0017609237,1-1.5,0.001607691165918368
ETH,ET,Ethiopia,ET13,Harari,ET1301,Harari,2026-07-06,0.0,1-1.5,0.0001120454547080127
ETH,ET,Ethiopia,ET14,Addis Ababa,ET1401,Region 14,2026-07-06,0.0,1-1.5,0.000544204555258561
ETH,ET,Ethiopia,ET11,South West Ethiopia,ET1106,Konta Special,2026-07-06,0.0,1-1.5,1.779409722850935e-05
ETH,ET,Ethiopia,ET11,South West Ethiopia,ET1105,Mirab Omo,2026-07-06,0.0,1-1.5,1.779409722850935e-05
ETH,ET,Ethiopia,ET11,South West Ethiopia,ET1104,Dawuro,2026-07-06,0.0,1-1.5,1.779409722850935e-05
ETH,ET,Ethiopia,ET11,South West Ethiopia,ET1101,Sheka,2026-07-06,0.0,1-1.5,1.779409722850935e-05
ETH,ET,Ethiopia,ET11,South West Ethiopia,ET1103,Bench Sheko,2026-07-06,0.0,1-1.5,1.779409722850935e-05
ETH,ET,Ethiopia,ET11,South West Ethiopia,ET1102,Kefa,2026-07-06,0.0,1-1.5,1.779409722850935e-05
ETH,ET,Ethiopia,ET05,Somali,ET0510,Nogob,2026-07-06,0.0,1-1.5,0.0001127376779790639
ETH,ET,Ethiopia,ET05,Somali,ET0506,Shabelle,2026-07-06,0.0,1-1.5,0.0001127376779790639
ETH,ET,Ethiopia,ET05,Somali,ET0502,Fafan,2026-07-06,0.0,1-1.5,0.0001127376779790639
ETH,ET,Ethiopia,ET05,Somali,ET0503,Jarar,2026-07-06,0.0,1-1.5,0.0001127376779790639
ETH,ET,Ethiopia,ET05,Somali,ET0501,Siti,2026-07-06,0.0,1-1.5,0.0001127376779790639
ETH,ET,Ethiopia,ET05,Somali,ET0508,Afder,2026-07-06,0.0,1-1.5,0.0001127376779790639
ETH,ET,Ethiopia,ET05,Somali,ET0504,Erer,2026-07-06,0.0,1-1.5,0.0001127376779790639
ETH,ET,Ethiopia,ET05,Somali,ET0509,Liban,2026-07-06,0.0,1-1.5,0.0001127376779790639
ETH,ET,Ethiopia,ET05,Somali,ET0507,Doolo,2026-07-06,0.0,1-1.5,0.0001127376779790639
ETH,ET,Ethiopia,ET05,Somali,ET0505,Korahe,2026-07-06,0.0,1-1.5,0.0001127376779790639
ETH,ET,Ethiopia,ET05,Somali,ET0511,Daawa,2026-07-06,0.0,1-1.5,0.0001127376779790639
ETH,ET,Ethiopia,ET16,Sidama,ET1600,Sidama,2026-07-07,0.0,1-1.5,4.631449728135935e-06
ETH,ET,Ethiopia,ET01,Tigray,ET0107,Mekelle,2026-07-07,0.0020433585,1-1.5,0.0005741834822007841
ETH,ET,Ethiopia,ET01,Tigray,ET0104,Southern,2026-07-07,0.0020433585,1-1.5,0.0005741834822007841
ETH,ET,Ethiopia,ET01,Tigray,ET0101,North Western,2026-07-07,0.0020433585,1-1.5,0.0005741834822007841
ETH,ET,Ethiopia,ET01,Tigray,ET0102,Central,2026-07-07,0.0020433585,1-1.5,0.0005741834822007841
ETH,ET,Ethiopia,ET01,Tigray,ET0105,Western,2026-07-07,0.0020433585,1-1.5,0.0005741834822007841
ETH,ET,Ethiopia,ET01,Tigray,ET0106,South Eastern,2026-07-07,0.0020433585,1-1.5,0.0005741834822007841
ETH,ET,Ethiopia,ET01,Tigray,ET0103,Eastern,2026-07-07,0.0020433585,1-1.5,0.0005741834822007841
ETH,ET,Ethiopia,ET04,Oromia,ET0404,Jimma,2026-07-07,0.0030159447,1-1.5,0.002335881980517033
ETH,ET,Ethiopia,ET04,Oromia,ET0410,East Hararge,2026-07-07,0.0030159447,1-1.5,0.002335881980517033
ETH,ET,Ethiopia,ET04,Oromia,ET0409,West Hararge,2026-07-07,0.0030159447,1-1.5,0.002335881980517033
ETH,ET,Ethiopia,ET04,Oromia,ET0401,West Wellega,2026-07-07,0.0030159447,1-1.5,0.002335881980517033
ETH,ET,Ethiopia,ET04,Oromia,ET0408,Arsi,2026-07-07,0.0030159447,1-1.5,0.002335881980517033
ETH,ET,Ethiopia,ET04,Oromia,ET0403,Ilu Aba Bora,2026-07-07,0.0030159447,1-1.5,0.002335881980517033
ETH,ET,Ethiopia,ET04,Oromia,ET0407,East Shewa,2026-07-07,0.0030159447,1-1.5,0.002335881980517033
ETH,ET,Ethiopia,ET04,Oromia,ET0405,West Shewa,2026-07-07,0.0030159447,1-1.5,0.002335881980517033
ETH,ET,Ethiopia,ET04,Oromia,ET0406,North Shewa (OR),2026-07-07,0.0030159447,1-1.5,0.002335881980517033
ETH,ET,Ethiopia,ET04,Oromia,ET0402,East Wellega,2026-07-07,0.0030159447,1-1.5,0.002335881980517033
ETH,ET,Ethiopia,ET04,Oromia,ET0418,Kelem Wellega,2026-07-07,0.0030159447,1-1.5,0.002335881980517033
ETH,ET,Ethiopia,ET04,Oromia,ET0411,Bale,2026-07-07,0.0030159447,1-1.5,0.002335881980517033
ETH,ET,Ethiopia,ET04,Oromia,ET0416,Buno Bedele,2026-07-07,0.0030159447,1-1.5,0.002335881980517033
ETH,ET,Ethiopia,ET04,Oromia,ET0421,East Bale,2026-07-07,0.0030159447,1-1.5,0.002335881980517033
ETH,ET,Ethiopia,ET04,Oromia,ET0412,Borena,2026-07-07,0.0030159447,1-1.5,0.002335881980517033
ETH,ET,Ethiopia,ET04,Oromia,ET0419,Horo Gudru Wellega,2026-07-07,0.0030159447,1-1.5,0.002335881980517033
ETH,ET,Ethiopia,ET04,Oromia,ET0417,West Arsi,2026-07-07,0.0030159447,1-1.5,0.002335881980517033
ETH,ET,Ethiopia,ET04,Oromia,ET0413,South West Shewa,2026-07-07,0.0030159447,1-1.5,0.002335881980517033
ETH,ET,Ethiopia,ET04,Oromia,ET0415,West Guji,2026-07-07,0.0030159447,1-1.5,0.002335881980517033
ETH,ET,Ethiopia,ET04,Oromia,ET0414,Guji,2026-07-07,0.0030159447,1-1.5,0.002335881980517033
ETH,ET,Ethiopia,ET04,Oromia,ET0420,Finfine Special,2026-07-07,0.0030159447,1-1.5,0.002335881980517033
ETH,ET,Ethiopia,ET07,SNNP,ET0701,Guraghe,2026-07-07,0.008219067,1-1.5,0.001436777006057871
ETH,ET,Ethiopia,ET07,SNNP,ET0724,Yem Special,2026-07-07,0.008219067,1-1.5,0.001436777006057871
ETH,ET,Ethiopia,ET07,SNNP,ET0721,Amaro,2026-07-07,0.008219067,1-1.5,0.001436777006057871
ETH,ET,Ethiopia,ET07,SNNP,ET0703,Kembata Tembaro,2026-07-07,0.008219067,1-1.5,0.001436777006057871
ETH,ET,Ethiopia,ET07,SNNP,ET0710,Gamo,2026-07-07,0.008219067,1-1.5,0.001436777006057871
ETH,ET,Ethiopia,ET07,SNNP,ET0720,Siltie,2026-07-07,0.008219067,1-1.5,0.001436777006057871
ETH,ET,Ethiopia,ET07,SNNP,ET0715,Gofa,2026-07-07,0.008219067,1-1.5,0.001436777006057871
ETH,ET,Ethiopia,ET07,SNNP,ET0713,Konso,2026-07-07,0.008219067,1-1.5,0.001436777006057871
ETH,ET,Ethiopia,ET07,SNNP,ET0723,Derashe,2026-07-07,0.008219067,1-1.5,0.001436777006057871
ETH,ET,Ethiopia,ET07,SNNP,ET0705,Gedeo,2026-07-07,0.008219067,1-1.5,0.001436777006057871
ETH,ET,Ethiopia,ET07,SNNP,ET0706,Wolayita,2026-07-07,0.008219067,1-1.5,0.001436777006057871
ETH,ET,Ethiopia,ET07,SNNP,ET0714,Halaba,2026-07-07,0.008219067,1-1.5,0.001436777006057871
ETH,ET,Ethiopia,ET07,SNNP,ET0722,Burji,2026-07-07,0.008219067,1-1.5,0.001436777006057871
ETH,ET,Ethiopia,ET07,SNNP,ET0707,South Omo,2026-07-07,0.008219067,1-1.5,0.001436777006057871
ETH,ET,Ethiopia,ET07,SNNP,ET0702,Hadiya,2026-07-07,0.008219067,1-1.5,0.001436777006057871
ETH,ET,Ethiopia,ET07,SNNP,ET0716,Basketo,2026-07-07,0.008219067,1-1.5,0.001436777006057871
ETH,ET,Ethiopia,ET07,SNNP,ET0712,Alle,2026-07-07,0.008219067,1-1.5,0.001436777006057871
ETH,ET,Ethiopia,ET15,Dire Dawa,ET1502,Dire Dawa rural,2026-07-07,0.0,1-1.5,1.038961024526295e-07
ETH,ET,Ethiopia,ET15,Dire Dawa,ET1501,Dire Dawa urban,2026-07-07,0.0,1-1.5,1.038961024526295e-07
ETH,ET,Ethiopia,ET06,Benishangul Gumz,ET0604,Kamashi,2026-07-07,0.019745791,>10,0.006400720161215903
ETH,ET,Ethiopia,ET06,Benishangul Gumz,ET0602,Metekel,2026-07-07,0.019745791,>10,0.006400720161215903
ETH,ET,Ethiopia,ET06,Benishangul Gumz,ET0605,Mao Komo Special,2026-07-07,0.019745791,>10,0.006400720161215903
ETH,ET,Ethiopia,ET06,Benishangul Gumz,ET0603,Assosa,2026-07-07,0.019745791,>10,0.006400720161215903
ETH,ET,Ethiopia,ET02,Afar,ET0201,Awsi /Zone 1,2026-07-07,0.0,1-1.5,0.003423274253939532
ETH,ET,Ethiopia,ET02,Afar,ET0204,Fanti /Zone 4,2026-07-07,0.0,1-1.5,0.003423274253939532
ETH,ET,Ethiopia,ET02,Afar,ET0205,Hari /Zone 5,2026-07-07,0.0,1-1.5,0.003423274253939532
ETH,ET,Ethiopia,ET02,Afar,ET0202,Kilbati /Zone2,2026-07-07,0.0,1-1.5,0.003423274253939532
ETH,ET,Ethiopia,ET02,Afar,ET0203,Gabi /Zone 3,2026-07-07,0.0,1-1.5,0.003423274253939532
ETH,ET,Ethiopia,ET03,Amhara,ET0307,West Gojam,2026-07-07,8.5937725e-05,1-1.5,0.0009300677029416251
ETH,ET,Ethiopia,ET03,Amhara,ET0309,Awi,2026-07-07,8.5937725e-05,1-1.5,0.0009300677029416251
ETH,ET,Ethiopia,ET03,Amhara,ET0305,North Shewa (AM),2026-07-07,8.5937725e-05,1-1.5,0.0009300677029416251
ETH,ET,Ethiopia,ET03,Amhara,ET0302,South Gondar,2026-07-07,8.5937725e-05,1-1.5,0.0009300677029416251
ETH,ET,Ethiopia,ET03,Amhara,ET0312,West Gondar,2026-07-07,8.5937725e-05,1-1.5,0.0009300677029416251
ETH,ET,Ethiopia,ET03,Amhara,ET0310,Oromia,2026-07-07,8.5937725e-05,1-1.5,0.0009300677029416251
ETH,ET,Ethiopia,ET03,Amhara,ET0304,South Wello,2026-07-07,8.5937725e-05,1-1.5,0.0009300677029416251
ETH,ET,Ethiopia,ET03,Amhara,ET0301,North Gondar,2026-07-07,8.5937725e-05,1-1.5,0.0009300677029416251
ETH,ET,Ethiopia,ET03,Amhara,ET0311,Central Gondar,2026-07-07,8.5937725e-05,1-1.5,0.0009300677029416251
ETH,ET,Ethiopia,ET03,Amhara,ET0303,North Wello,2026-07-07,8.5937725e-05,1-1.5,0.0009300677029416251
ETH,ET,Ethiopia,ET03,Amhara,ET0308,Wag Hamra,2026-07-07,8.5937725e-05,1-1.5,0.0009300677029416251
ETH,ET,Ethiopia,ET03,Amhara,ET0306,East Gojam,2026-07-07,8.5937725e-05,1-1.5,0.0009300677029416251
ETH,ET,Ethiopia,ET12,Gambela,ET1202,Agnewak,2026-07-07,0.00188945,1-1.5,0.001611548065854797
ETH,ET,Ethiopia,ET12,Gambela,ET1204,Itang Special woreda,2026-07-07,0.00188945,1-1.5,0.001611548065854797
ETH,ET,Ethiopia,ET12,Gambela,ET1203,Majang,2026-07-07,0.00188945,1-1.5,0.001611548065854797
ETH,ET,Ethiopia,ET12,Gambela,ET1201,Nuwer,2026-07-07,0.00188945,1-1.5,0.001611548065854797
ETH,ET,Ethiopia,ET13,Harari,ET1301,Harari,2026-07-07,0.0,1-1.5,0.0001121212122846125
ETH,ET,Ethiopia,ET14,Addis Ababa,ET1401,Region 14,2026-07-07,0.0,1-1.5,0.0005423863734201652
ETH,ET,Ethiopia,ET11,South West Ethiopia,ET1106,Konta Special,2026-07-07,0.0,1-1.5,1.751937937332183e-05
ETH,ET,Ethiopia,ET11,South West Ethiopia,ET1105,Mirab Omo,2026-07-07,0.0,1-1.5,1.751937937332183e-05
ETH,ET,Ethiopia,ET11,South West Ethiopia,ET1104,Dawuro,2026-07-07,0.0,1-1.5,1.751937937332183e-05
ETH,ET,Ethiopia,ET11,South West Ethiopia,ET1101,Sheka,2026-07-07,0.0,1-1.5,1.751937937332183e-05
ETH,ET,Ethiopia,ET11,South West Ethiopia,ET1103,Bench Sheko,2026-07-07,0.0,1-1.5,1.751937937332183e-05
ETH,ET,Ethiopia,ET11,South West Ethiopia,ET1102,Kefa,2026-07-07,0.0,1-1.5,1.751937937332183e-05
ETH,ET,Ethiopia,ET05,Somali,ET0510,Nogob,2026-07-07,0.0,1-1.5,0.0001097522980297053
ETH,ET,Ethiopia,ET05,Somali,ET0506,Shabelle,2026-07-07,0.0,1-1.5,0.0001097522980297053
ETH,ET,Ethiopia,ET05,Somali,ET0502,Fafan,2026-07-07,0.0,1-1.5,0.0001097522980297053
ETH,ET,Ethiopia,ET05,Somali,ET0503,Jarar,2026-07-07,0.0,1-1.5,0.0001097522980297053
ETH,ET,Ethiopia,ET05,Somali,ET0501,Siti,2026-07-07,0.0,1-1.5,0.0001097522980297053
ETH,ET,Ethiopia,ET05,Somali,ET0508,Afder,2026-07-07,0.0,1-1.5,0.0001097522980297053
ETH,ET,Ethiopia,ET05,Somali,ET0504,Erer,2026-07-07,0.0,1-1.5,0.0001097522980297053
ETH,ET,Ethiopia,ET05,Somali,ET0509,Liban,2026-07-07,0.0,1-1.5,0.0001097522980297053
ETH,ET,Ethiopia,ET05,Somali,ET0507,Doolo,2026-07-07,0.0,1-1.5,0.0001097522980297053
ETH,ET,Ethiopia,ET05,Somali,ET0505,Korahe,2026-07-07,0.0,1-1.5,0.0001097522980297053
ETH,ET,Ethiopia,ET05,Somali,ET0511,Daawa,2026-07-07,0.0,1-1.5,0.0001097522980297053
ETH,ET,Ethiopia,ET16,Sidama,ET1600,Sidama,2026-07-08,0.0,1-1.5,4.385749486407969e-06
ETH,ET,Ethiopia,ET01,Tigray,ET0107,Mekelle,2026-07-08,0.0019996432,1-1.5,0.0005951856816919716
ETH,ET,Ethiopia,ET01,Tigray,ET0104,Southern,2026-07-08,0.0019996432,1-1.5,0.0005951856816919716
ETH,ET,Ethiopia,ET01,Tigray,ET0101,North Western,2026-07-08,0.0019996432,1-1.5,0.0005951856816919716
ETH,ET,Ethiopia,ET01,Tigray,ET0102,Central,2026-07-08,0.0019996432,1-1.5,0.0005951856816919716
ETH,ET,Ethiopia,ET01,Tigray,ET0105,Western,2026-07-08,0.0019996432,1-1.5,0.0005951856816919716
ETH,ET,Ethiopia,ET01,Tigray,ET0106,South Eastern,2026-07-08,0.0019996432,1-1.5,0.0005951856816919716
ETH,ET,Ethiopia,ET01,Tigray,ET0103,Eastern,2026-07-08,0.0019996432,1-1.5,0.0005951856816919716
ETH,ET,Ethiopia,ET04,Oromia,ET0404,Jimma,2026-07-08,0.003410224,1-1.5,0.002345884929474613
ETH,ET,Ethiopia,ET04,Oromia,ET0410,East Hararge,2026-07-08,0.003410224,1-1.5,0.002345884929474613
ETH,ET,Ethiopia,ET04,Oromia,ET0409,West Hararge,2026-07-08,0.003410224,1-1.5,0.002345884929474613
ETH,ET,Ethiopia,ET04,Oromia,ET0401,West Wellega,2026-07-08,0.003410224,1-1.5,0.002345884929474613
ETH,ET,Ethiopia,ET04,Oromia,ET0408,Arsi,2026-07-08,0.003410224,1-1.5,0.002345884929474613
ETH,ET,Ethiopia,ET04,Oromia,ET0403,Ilu Aba Bora,2026-07-08,0.003410224,1-1.5,0.002345884929474613
ETH,ET,Ethiopia,ET04,Oromia,ET0407,East Shewa,2026-07-08,0.003410224,1-1.5,0.002345884929474613
ETH,ET,Ethiopia,ET04,Oromia,ET0405,West Shewa,2026-07-08,0.003410224,1-1.5,0.002345884929474613
ETH,ET,Ethiopia,ET04,Oromia,ET0406,North Shewa (OR),2026-07-08,0.003410224,1-1.5,0.002345884929474613
ETH,ET,Ethiopia,ET04,Oromia,ET0402,East Wellega,2026-07-08,0.003410224,1-1.5,0.002345884929474613
ETH,ET,Ethiopia,ET04,Oromia,ET0418,Kelem Wellega,2026-07-08,0.003410224,1-1.5,0.002345884929474613
ETH,ET,Ethiopia,ET04,Oromia,ET0411,Bale,2026-07-08,0.003410224,1-1.5,0.002345884929474613
ETH,ET,Ethiopia,ET04,Oromia,ET0416,Buno Bedele,2026-07-08,0.003410224,1-1.5,0.002345884929474613
ETH,ET,Ethiopia,ET04,Oromia,ET0421,East Bale,2026-07-08,0.003410224,1-1.5,0.002345884929474613
ETH,ET,Ethiopia,ET04,Oromia,ET0412,Borena,2026-07-08,0.003410224,1-1.5,0.002345884929474613
ETH,ET,Ethiopia,ET04,Oromia,ET0419,Horo Gudru Wellega,2026-07-08,0.003410224,1-1.5,0.002345884929474613
ETH,ET,Ethiopia,ET04,Oromia,ET0417,West Arsi,2026-07-08,0.003410224,1-1.5,0.002345884929474613
ETH,ET,Ethiopia,ET04,Oromia,ET0413,South West Shewa,2026-07-08,0.003410224,1-1.5,0.002345884929474613
ETH,ET,Ethiopia,ET04,Oromia,ET0415,West Guji,2026-07-08,0.003410224,1-1.5,0.002345884929474613
ETH,ET,Ethiopia,ET04,Oromia,ET0414,Guji,2026-07-08,0.003410224,1-1.5,0.002345884929474613
ETH,ET,Ethiopia,ET04,Oromia,ET0420,Finfine Special,2026-07-08,0.003410224,1-1.5,0.002345884929474613
ETH,ET,Ethiopia,ET07,SNNP,ET0701,Guraghe,2026-07-08,0.0077709844,1-1.5,0.001370413353180828
ETH,ET,Ethiopia,ET07,SNNP,ET0724,Yem Special,2026-07-08,0.0077709844,1-1.5,0.001370413353180828
ETH,ET,Ethiopia,ET07,SNNP,ET0721,Amaro,2026-07-08,0.0077709844,1-1.5,0.001370413353180828
ETH,ET,Ethiopia,ET07,SNNP,ET0703,Kembata Tembaro,2026-07-08,0.0077709844,1-1.5,0.001370413353180828
ETH,ET,Ethiopia,ET07,SNNP,ET0710,Gamo,2026-07-08,0.0077709844,1-1.5,0.001370413353180828
ETH,ET,Ethiopia,ET07,SNNP,ET0720,Siltie,2026-07-08,0.0077709844,1-1.5,0.001370413353180828
ETH,ET,Ethiopia,ET07,SNNP,ET0715,Gofa,2026-07-08,0.0077709844,1-1.5,0.001370413353180828
ETH,ET,Ethiopia,ET07,SNNP,ET0713,Konso,2026-07-08,0.0077709844,1-1.5,0.001370413353180828
ETH,ET,Ethiopia,ET07,SNNP,ET0723,Derashe,2026-07-08,0.0077709844,1-1.5,0.001370413353180828
ETH,ET,Ethiopia,ET07,SNNP,ET0705,Gedeo,2026-07-08,0.0077709844,1-1.5,0.001370413353180828
ETH,ET,Ethiopia,ET07,SNNP,ET0706,Wolayita,2026-07-08,0.0077709844,1-1.5,0.001370413353180828
ETH,ET,Ethiopia,ET07,SNNP,ET0714,Halaba,2026-07-08,0.0077709844,1-1.5,0.001370413353180828
ETH,ET,Ethiopia,ET07,SNNP,ET0722,Burji,2026-07-08,0.0077709844,1-1.5,0.001370413353180828
ETH,ET,Ethiopia,ET07,SNNP,ET0707,South Omo,2026-07-08,0.0077709844,1-1.5,0.001370413353180828
ETH,ET,Ethiopia,ET07,SNNP,ET0702,Hadiya,2026-07-08,0.0077709844,1-1.5,0.001370413353180828
ETH,ET,Ethiopia,ET07,SNNP,ET0716,Basketo,2026-07-08,0.0077709844,1-1.5,0.001370413353180828
ETH,ET,Ethiopia,ET07,SNNP,ET0712,Alle,2026-07-08,0.0077709844,1-1.5,0.001370413353180828
ETH,ET,Ethiopia,ET15,Dire Dawa,ET1502,Dire Dawa rural,2026-07-08,0.0,1-1.5,1.038961024526295e-07
ETH,ET,Ethiopia,ET15,Dire Dawa,ET1501,Dire Dawa urban,2026-07-08,0.0,1-1.5,1.038961024526295e-07
ETH,ET,Ethiopia,ET06,Benishangul Gumz,ET0604,Kamashi,2026-07-08,0.021183398,>10,0.006464349089402917
ETH,ET,Ethiopia,ET06,Benishangul Gumz,ET0602,Metekel,2026-07-08,0.021183398,>10,0.006464349089402917
ETH,ET,Ethiopia,ET06,Benishangul Gumz,ET0605,Mao Komo Special,2026-07-08,0.021183398,>10,0.006464349089402917
ETH,ET,Ethiopia,ET06,Benishangul Gumz,ET0603,Assosa,2026-07-08,0.021183398,>10,0.006464349089402917
ETH,ET,Ethiopia,ET02,Afar,ET0201,Awsi /Zone 1,2026-07-08,0.0,1-1.5,0.003538505704438483
ETH,ET,Ethiopia,ET02,Afar,ET0204,Fanti /Zone 4,2026-07-08,0.0,1-1.5,0.003538505704438483
ETH,ET,Ethiopia,ET02,Afar,ET0205,Hari /Zone 5,2026-07-08,0.0,1-1.5,0.003538505704438483
ETH,ET,Ethiopia,ET02,Afar,ET0202,Kilbati /Zone2,2026-07-08,0.0,1-1.5,0.003538505704438483
ETH,ET,Ethiopia,ET02,Afar,ET0203,Gabi /Zone 3,2026-07-08,0.0,1-1.5,0.003538505704438483
ETH,ET,Ethiopia,ET03,Amhara,ET0307,West Gojam,2026-07-08,7.8944824e-05,1-1.5,0.0009528524875188346
ETH,ET,Ethiopia,ET03,Amhara,ET0309,Awi,2026-07-08,7.8944824e-05,1-1.5,0.0009528524875188346
ETH,ET,Ethiopia,ET03,Amhara,ET0305,North Shewa (AM),2026-07-08,7.8944824e-05,1-1.5,0.0009528524875188346
ETH,ET,Ethiopia,ET03,Amhara,ET0302,South Gondar,2026-07-08,7.8944824e-05,1-1.5,0.0009528524875188346
ETH,ET,Ethiopia,ET03,Amhara,ET0312,West Gondar,2026-07-08,7.8944824e-05,1-1.5,0.0009528524875188346
ETH,ET,Ethiopia,ET03,Amhara,ET0310,Oromia,2026-07-08,7.8944824e-05,1-1.5,0.0009528524875188346
ETH,ET,Ethiopia,ET03,Amhara,ET0304,South Wello,2026-07-08,7.8944824e-05,1-1.5,0.0009528524875188346
ETH,ET,Ethiopia,ET03,Amhara,ET0301,North Gondar,2026-07-08,7.8944824e-05,1-1.5,0.0009528524875188346
ETH,ET,Ethiopia,ET03,Amhara,ET0311,Central Gondar,2026-07-08,7.8944824e-05,1-1.5,0.0009528524875188346
ETH,ET,Ethiopia,ET03,Amhara,ET0303,North Wello,2026-07-08,7.8944824e-05,1-1.5,0.0009528524875188346
ETH,ET,Ethiopia,ET03,Amhara,ET0308,Wag Hamra,2026-07-08,7.8944824e-05,1-1.5,0.0009528524875188346
ETH,ET,Ethiopia,ET03,Amhara,ET0306,East Gojam,2026-07-08,7.8944824e-05,1-1.5,0.0009528524875188346
ETH,ET,Ethiopia,ET12,Gambela,ET1202,Agnewak,2026-07-08,0.0015482892,1-1.5,0.001624391167867791
ETH,ET,Ethiopia,ET12,Gambela,ET1204,Itang Special woreda,2026-07-08,0.0015482892,1-1.5,0.001624391167867791
ETH,ET,Ethiopia,ET12,Gambela,ET1203,Majang,2026-07-08,0.0015482892,1-1.5,0.001624391167867791
ETH,ET,Ethiopia,ET12,Gambela,ET1201,Nuwer,2026-07-08,0.0015482892,1-1.5,0.001624391167867791
ETH,ET,Ethiopia,ET13,Harari,ET1301,Harari,2026-07-08,0.0,1-1.5,0.0004924242456581851
ETH,ET,Ethiopia,ET14,Addis Ababa,ET1401,Region 14,2026-07-08,0.0,1-1.5,0.0005413068278978079
ETH,ET,Ethiopia,ET11,South West Ethiopia,ET1106,Konta Special,2026-07-08,0.0,1-1.5,1.820388786484273e-05
ETH,ET,Ethiopia,ET11,South West Ethiopia,ET1105,Mirab Omo,2026-07-08,0.0,1-1.5,1.820388786484273e-05
ETH,ET,Ethiopia,ET11,South West Ethiopia,ET1104,Dawuro,2026-07-08,0.0,1-1.5,1.820388786484273e-05
ETH,ET,Ethiopia,ET11,South West Ethiopia,ET1101,Sheka,2026-07-08,0.0,1-1.5,1.820388786484273e-05
ETH,ET,Ethiopia,ET11,South West Ethiopia,ET1103,Bench Sheko,2026-07-08,0.0,1-1.5,1.820388786484273e-05
ETH,ET,Ethiopia,ET11,South West Ethiopia,ET1102,Kefa,2026-07-08,0.0,1-1.5,1.820388786484273e-05
ETH,ET,Ethiopia,ET05,Somali,ET0510,Nogob,2026-07-08,0.0,1-1.5,0.0001065367648273898
ETH,ET,Ethiopia,ET05,Somali,ET0506,Shabelle,2026-07-08,0.0,1-1.5,0.0001065367648273898
ETH,ET,Ethiopia,ET05,Somali,ET0502,Fafan,2026-07-08,0.0,1-1.5,0.0001065367648273898
ETH,ET,Ethiopia,ET05,Somali,ET0503,Jarar,2026-07-08,0.0,1-1.5,0.0001065367648273898
ETH,ET,Ethiopia,ET05,Somali,ET0501,Siti,2026-07-08,0.0,1-1.5,0.0001065367648273898
ETH,ET,Ethiopia,ET05,Somali,ET0508,Afder,2026-07-08,0.0,1-1.5,0.0001065367648273898
ETH,ET,Ethiopia,ET05,Somali,ET0504,Erer,2026-07-08,0.0,1-1.5,0.0001065367648273898
ETH,ET,Ethiopia,ET05,Somali,ET0509,Liban,2026-07-08,0.0,1-1.5,0.0001065367648273898
ETH,ET,Ethiopia,ET05,Somali,ET0507,Doolo,2026-07-08,0.0,1-1.5,0.0001065367648273898
ETH,ET,Ethiopia,ET05,Somali,ET0505,Korahe,2026-07-08,0.0,1-1.5,0.0001065367648273898
ETH,ET,Ethiopia,ET05,Somali,ET0511,Daawa,2026-07-08,0.0,1-1.5,0.0001065367648273898
ETH,ET,Ethiopia,ET16,Sidama,ET1600,Sidama,2026-07-09,0.0,1-1.5,5.067790851543659e-05
ETH,ET,Ethiopia,ET01,Tigray,ET0107,Mekelle,2026-07-09,0.0012690374,1-1.5,0.0005698846518869386
ETH,ET,Ethiopia,ET01,Tigray,ET0104,Southern,2026-07-09,0.0012690374,1-1.5,0.0005698846518869386
ETH,ET,Ethiopia,ET01,Tigray,ET0101,North Western,2026-07-09,0.0012690374,1-1.5,0.0005698846518869386
ETH,ET,Ethiopia,ET01,Tigray,ET0102,Central,2026-07-09,0.0012690374,1-1.5,0.0005698846518869386
ETH,ET,Ethiopia,ET01,Tigray,ET0105,Western,2026-07-09,0.0012690374,1-1.5,0.0005698846518869386
ETH,ET,Ethiopia,ET01,Tigray,ET0106,South Eastern,2026-07-09,0.0012690374,1-1.5,0.0005698846518869386
ETH,ET,Ethiopia,ET01,Tigray,ET0103,Eastern,2026-07-09,0.0012690374,1-1.5,0.0005698846518869386
ETH,ET,Ethiopia,ET04,Oromia,ET0404,Jimma,2026-07-09,0.0036078468,1-1.5,0.002378124568547884
ETH,ET,Ethiopia,ET04,Oromia,ET0410,East Hararge,2026-07-09,0.0036078468,1-1.5,0.002378124568547884
ETH,ET,Ethiopia,ET04,Oromia,ET0409,West Hararge,2026-07-09,0.0036078468,1-1.5,0.002378124568547884
ETH,ET,Ethiopia,ET04,Oromia,ET0401,West Wellega,2026-07-09,0.0036078468,1-1.5,0.002378124568547884
ETH,ET,Ethiopia,ET04,Oromia,ET0408,Arsi,2026-07-09,0.0036078468,1-1.5,0.002378124568547884
ETH,ET,Ethiopia,ET04,Oromia,ET0403,Ilu Aba Bora,2026-07-09,0.0036078468,1-1.5,0.002378124568547884
ETH,ET,Ethiopia,ET04,Oromia,ET0407,East Shewa,2026-07-09,0.0036078468,1-1.5,0.002378124568547884
ETH,ET,Ethiopia,ET04,Oromia,ET0405,West Shewa,2026-07-09,0.0036078468,1-1.5,0.002378124568547884
ETH,ET,Ethiopia,ET04,Oromia,ET0406,North Shewa (OR),2026-07-09,0.0036078468,1-1.5,0.002378124568547884
ETH,ET,Ethiopia,ET04,Oromia,ET0402,East Wellega,2026-07-09,0.0036078468,1-1.5,0.002378124568547884
ETH,ET,Ethiopia,ET04,Oromia,ET0418,Kelem Wellega,2026-07-09,0.0036078468,1-1.5,0.002378124568547884
ETH,ET,Ethiopia,ET04,Oromia,ET0411,Bale,2026-07-09,0.0036078468,1-1.5,0.002378124568547884
ETH,ET,Ethiopia,ET04,Oromia,ET0416,Buno Bedele,2026-07-09,0.0036078468,1-1.5,0.002378124568547884
ETH,ET,Ethiopia,ET04,Oromia,ET0421,East Bale,2026-07-09,0.0036078468,1-1.5,0.002378124568547884
ETH,ET,Ethiopia,ET04,Oromia,ET0412,Borena,2026-07-09,0.0036078468,1-1.5,0.002378124568547884
ETH,ET,Ethiopia,ET04,Oromia,ET0419,Horo Gudru Wellega,2026-07-09,0.0036078468,1-1.5,0.002378124568547884
ETH,ET,Ethiopia,ET04,Oromia,ET0417,West Arsi,2026-07-09,0.0036078468,1-1.5,0.002378124568547884
ETH,ET,Ethiopia,ET04,Oromia,ET0413,South West Shewa,2026-07-09,0.0036078468,1-1.5,0.002378124568547884
ETH,ET,Ethiopia,ET04,Oromia,ET0415,West Guji,2026-07-09,0.0036078468,1-1.5,0.002378124568547884
ETH,ET,Ethiopia,ET04,Oromia,ET0414,Guji,2026-07-09,0.0036078468,1-1.5,0.002378124568547884
ETH,ET,Ethiopia,ET04,Oromia,ET0420,Finfine Special,2026-07-09,0.0036078468,1-1.5,0.002378124568547884
ETH,ET,Ethiopia,ET07,SNNP,ET0701,Guraghe,2026-07-09,0.007964863,1-1.5,0.001325471276887087
ETH,ET,Ethiopia,ET07,SNNP,ET0724,Yem Special,2026-07-09,0.007964863,1-1.5,0.001325471276887087
ETH,ET,Ethiopia,ET07,SNNP,ET0721,Amaro,2026-07-09,0.007964863,1-1.5,0.001325471276887087
ETH,ET,Ethiopia,ET07,SNNP,ET0703,Kembata Tembaro,2026-07-09,0.007964863,1-1.5,0.001325471276887087
ETH,ET,Ethiopia,ET07,SNNP,ET0710,Gamo,2026-07-09,0.007964863,1-1.5,0.001325471276887087
ETH,ET,Ethiopia,ET07,SNNP,ET0720,Siltie,2026-07-09,0.007964863,1-1.5,0.001325471276887087
ETH,ET,Ethiopia,ET07,SNNP,ET0715,Gofa,2026-07-09,0.007964863,1-1.5,0.001325471276887087
ETH,ET,Ethiopia,ET07,SNNP,ET0713,Konso,2026-07-09,0.007964863,1-1.5,0.001325471276887087
ETH,ET,Ethiopia,ET07,SNNP,ET0723,Derashe,2026-07-09,0.007964863,1-1.5,0.001325471276887087
ETH,ET,Ethiopia,ET07,SNNP,ET0705,Gedeo,2026-07-09,0.007964863,1-1.5,0.001325471276887087
ETH,ET,Ethiopia,ET07,SNNP,ET0706,Wolayita,2026-07-09,0.007964863,1-1.5,0.001325471276887087
ETH,ET,Ethiopia,ET07,SNNP,ET0714,Halaba,2026-07-09,0.007964863,1-1.5,0.001325471276887087
ETH,ET,Ethiopia,ET07,SNNP,ET0722,Burji,2026-07-09,0.007964863,1-1.5,0.001325471276887087
ETH,ET,Ethiopia,ET07,SNNP,ET0707,South Omo,2026-07-09,0.007964863,1-1.5,0.001325471276887087
ETH,ET,Ethiopia,ET07,SNNP,ET0702,Hadiya,2026-07-09,0.007964863,1-1.5,0.001325471276887087
ETH,ET,Ethiopia,ET07,SNNP,ET0716,Basketo,2026-07-09,0.007964863,1-1.5,0.001325471276887087
ETH,ET,Ethiopia,ET07,SNNP,ET0712,Alle,2026-07-09,0.007964863,1-1.5,0.001325471276887087
ETH,ET,Ethiopia,ET15,Dire Dawa,ET1502,Dire Dawa rural,2026-07-09,0.0,1-1.5,1.038961024526295e-07
ETH,ET,Ethiopia,ET15,Dire Dawa,ET1501,Dire Dawa urban,2026-07-09,0.0,1-1.5,1.038961024526295e-07
ETH,ET,Ethiopia,ET06,Benishangul Gumz,ET0604,Kamashi,2026-07-09,0.022367612,>10,0.006521880439837767
ETH,ET,Ethiopia,ET06,Benishangul Gumz,ET0602,Metekel,2026-07-09,0.022367612,>10,0.006521880439837767
ETH,ET,Ethiopia,ET06,Benishangul Gumz,ET0605,Mao Komo Special,2026-07-09,0.022367612,>10,0.006521880439837767
ETH,ET,Ethiopia,ET06,Benishangul Gumz,ET0603,Assosa,2026-07-09,0.022367612,>10,0.006521880439837767
ETH,ET,Ethiopia,ET02,Afar,ET0201,Awsi /Zone 1,2026-07-09,0.0,1-1.5,0.003749509249940853
ETH,ET,Ethiopia,ET02,Afar,ET0204,Fanti /Zone 4,2026-07-09,0.0,1-1.5,0.003749509249940853
ETH,ET,Ethiopia,ET02,Afar,ET0205,Hari /Zone 5,2026-07-09,0.0,1-1.5,0.003749509249940853
ETH,ET,Ethiopia,ET02,Afar,ET0202,Kilbati /Zone2,2026-07-09,0.0,1-1.5,0.003749509249940853
ETH,ET,Ethiopia,ET02,Afar,ET0203,Gabi /Zone 3,2026-07-09,0.0,1-1.5,0.003749509249940853
ETH,ET,Ethiopia,ET03,Amhara,ET0307,West Gojam,2026-07-09,0.00012262001,1-1.5,0.0009380461589406702
ETH,ET,Ethiopia,ET03,Amhara,ET0309,Awi,2026-07-09,0.00012262001,1-1.5,0.0009380461589406702
ETH,ET,Ethiopia,ET03,Amhara,ET0305,North Shewa (AM),2026-07-09,0.00012262001,1-1.5,0.0009380461589406702
ETH,ET,Ethiopia,ET03,Amhara,ET0302,South Gondar,2026-07-09,0.00012262001,1-1.5,0.0009380461589406702
ETH,ET,Ethiopia,ET03,Amhara,ET0312,West Gondar,2026-07-09,0.00012262001,1-1.5,0.0009380461589406702
ETH,ET,Ethiopia,ET03,Amhara,ET0310,Oromia,2026-07-09,0.00012262001,1-1.5,0.0009380461589406702
ETH,ET,Ethiopia,ET03,Amhara,ET0304,South Wello,2026-07-09,0.00012262001,1-1.5,0.0009380461589406702
ETH,ET,Ethiopia,ET03,Amhara,ET0301,North Gondar,2026-07-09,0.00012262001,1-1.5,0.0009380461589406702
ETH,ET,Ethiopia,ET03,Amhara,ET0311,Central Gondar,2026-07-09,0.00012262001,1-1.5,0.0009380461589406702
ETH,ET,Ethiopia,ET03,Amhara,ET0303,North Wello,2026-07-09,0.00012262001,1-1.5,0.0009380461589406702
ETH,ET,Ethiopia,ET03,Amhara,ET0308,Wag Hamra,2026-07-09,0.00012262001,1-1.5,0.0009380461589406702
ETH,ET,Ethiopia,ET03,Amhara,ET0306,East Gojam,2026-07-09,0.00012262001,1-1.5,0.0009380461589406702
ETH,ET,Ethiopia,ET12,Gambela,ET1202,Agnewak,2026-07-09,0.001440516,1-1.5,0.001640251100649369
ETH,ET,Ethiopia,ET12,Gambela,ET1204,Itang Special woreda,2026-07-09,0.001440516,1-1.5,0.001640251100649369
ETH,ET,Ethiopia,ET12,Gambela,ET1203,Majang,2026-07-09,0.001440516,1-1.5,0.001640251100649369
ETH,ET,Ethiopia,ET12,Gambela,ET1201,Nuwer,2026-07-09,0.001440516,1-1.5,0.001640251100649369
ETH,ET,Ethiopia,ET13,Harari,ET1301,Harari,2026-07-09,0.0,1-1.5,0.0004924242456581851
ETH,ET,Ethiopia,ET14,Addis Ababa,ET1401,Region 14,2026-07-09,0.0,1-1.5,0.0005407954642702283
ETH,ET,Ethiopia,ET11,South West Ethiopia,ET1106,Konta Special,2026-07-09,0.0,1-1.5,1.77556203037842e-05
ETH,ET,Ethiopia,ET11,South West Ethiopia,ET1105,Mirab Omo,2026-07-09,0.0,1-1.5,1.77556203037842e-05
ETH,ET,Ethiopia,ET11,South West Ethiopia,ET1104,Dawuro,2026-07-09,0.0,1-1.5,1.77556203037842e-05
ETH,ET,Ethiopia,ET11,South West Ethiopia,ET1101,Sheka,2026-07-09,0.0,1-1.5,1.77556203037842e-05
ETH,ET,Ethiopia,ET11,South West Ethiopia,ET1103,Bench Sheko,2026-07-09,0.0,1-1.5,1.77556203037842e-05
ETH,ET,Ethiopia,ET11,South West Ethiopia,ET1102,Kefa,2026-07-09,0.0,1-1.5,1.77556203037842e-05
ETH,ET,Ethiopia,ET05,Somali,ET0510,Nogob,2026-07-09,0.0,1-1.5,0.0001027858160628367
ETH,ET,Ethiopia,ET05,Somali,ET0506,Shabelle,2026-07-09,0.0,1-1.5,0.0001027858160628367
ETH,ET,Ethiopia,ET05,Somali,ET0502,Fafan,2026-07-09,0.0,1-1.5,0.0001027858160628367
ETH,ET,Ethiopia,ET05,Somali,ET0503,Jarar,2026-07-09,0.0,1-1.5,0.0001027858160628367
ETH,ET,Ethiopia,ET05,Somali,ET0501,Siti,2026-07-09,0.0,1-1.5,0.0001027858160628367
ETH,ET,Ethiopia,ET05,Somali,ET0508,Afder,2026-07-09,0.0,1-1.5,0.0001027858160628367
ETH,ET,Ethiopia,ET05,Somali,ET0504,Erer,2026-07-09,0.0,1-1.5,0.0001027858160628367
ETH,ET,Ethiopia,ET05,Somali,ET0509,Liban,2026-07-09,0.0,1-1.5,0.0001027858160628367
ETH,ET,Ethiopia,ET05,Somali,ET0507,Doolo,2026-07-09,0.0,1-1.5,0.0001027858160628367
ETH,ET,Ethiopia,ET05,Somali,ET0505,Korahe,2026-07-09,0.0,1-1.5,0.0001027858160628367
ETH,ET,Ethiopia,ET05,Somali,ET0511,Daawa,2026-07-09,0.0,1-1.5,0.0001027858160628367
ETH,ET,Ethiopia,ET16,Sidama,ET1600,Sidama,2026-07-10,0.0,1-1.5,5.067790851543658e-05
ETH,ET,Ethiopia,ET01,Tigray,ET0107,Mekelle,2026-07-10,0.0005823818,1-1.5,0.0005462019203371618
ETH,ET,Ethiopia,ET01,Tigray,ET0104,Southern,2026-07-10,0.0005823818,1-1.5,0.0005462019203371618
ETH,ET,Ethiopia,ET01,Tigray,ET0101,North Western,2026-07-10,0.0005823818,1-1.5,0.0005462019203371618
ETH,ET,Ethiopia,ET01,Tigray,ET0102,Central,2026-07-10,0.0005823818,1-1.5,0.0005462019203371618
ETH,ET,Ethiopia,ET01,Tigray,ET0105,Western,2026-07-10,0.0005823818,1-1.5,0.0005462019203371618
ETH,ET,Ethiopia,ET01,Tigray,ET0106,South Eastern,2026-07-10,0.0005823818,1-1.5,0.0005462019203371618
ETH,ET,Ethiopia,ET01,Tigray,ET0103,Eastern,2026-07-10,0.0005823818,1-1.5,0.0005462019203371618
ETH,ET,Ethiopia,ET04,Oromia,ET0404,Jimma,2026-07-10,0.0035699098,1-1.5,0.002437593359817666
ETH,ET,Ethiopia,ET04,Oromia,ET0410,East Hararge,2026-07-10,0.0035699098,1-1.5,0.002437593359817666
ETH,ET,Ethiopia,ET04,Oromia,ET0409,West Hararge,2026-07-10,0.0035699098,1-1.5,0.002437593359817666
ETH,ET,Ethiopia,ET04,Oromia,ET0401,West Wellega,2026-07-10,0.0035699098,1-1.5,0.002437593359817666
ETH,ET,Ethiopia,ET04,Oromia,ET0408,Arsi,2026-07-10,0.0035699098,1-1.5,0.002437593359817666
ETH,ET,Ethiopia,ET04,Oromia,ET0403,Ilu Aba Bora,2026-07-10,0.0035699098,1-1.5,0.002437593359817666
ETH,ET,Ethiopia,ET04,Oromia,ET0407,East Shewa,2026-07-10,0.0035699098,1-1.5,0.002437593359817666
ETH,ET,Ethiopia,ET04,Oromia,ET0405,West Shewa,2026-07-10,0.0035699098,1-1.5,0.002437593359817666
ETH,ET,Ethiopia,ET04,Oromia,ET0406,North Shewa (OR),2026-07-10,0.0035699098,1-1.5,0.002437593359817666
ETH,ET,Ethiopia,ET04,Oromia,ET0402,East Wellega,2026-07-10,0.0035699098,1-1.5,0.002437593359817666
ETH,ET,Ethiopia,ET04,Oromia,ET0418,Kelem Wellega,2026-07-10,0.0035699098,1-1.5,0.002437593359817666
ETH,ET,Ethiopia,ET04,Oromia,ET0411,Bale,2026-07-10,0.0035699098,1-1.5,0.002437593359817666
ETH,ET,Ethiopia,ET04,Oromia,ET0416,Buno Bedele,2026-07-10,0.0035699098,1-1.5,0.002437593359817666
ETH,ET,Ethiopia,ET04,Oromia,ET0421,East Bale,2026-07-10,0.0035699098,1-1.5,0.002437593359817666
ETH,ET,Ethiopia,ET04,Oromia,ET0412,Borena,2026-07-10,0.0035699098,1-1.5,0.002437593359817666
ETH,ET,Ethiopia,ET04,Oromia,ET0419,Horo Gudru Wellega,2026-07-10,0.0035699098,1-1.5,0.002437593359817666
ETH,ET,Ethiopia,ET04,Oromia,ET0417,West Arsi,2026-07-10,0.0035699098,1-1.5,0.002437593359817666
ETH,ET,Ethiopia,ET04,Oromia,ET0413,South West Shewa,2026-07-10,0.0035699098,1-1.5,0.002437593359817666
ETH,ET,Ethiopia,ET04,Oromia,ET0415,West Guji,2026-07-10,0.0035699098,1-1.5,0.002437593359817666
ETH,ET,Ethiopia,ET04,Oromia,ET0414,Guji,2026-07-10,0.0035699098,1-1.5,0.002437593359817666
ETH,ET,Ethiopia,ET04,Oromia,ET0420,Finfine Special,2026-07-10,0.0035699098,1-1.5,0.002437593359817666
ETH,ET,Ethiopia,ET07,SNNP,ET0701,Guraghe,2026-07-10,0.007937404,1-1.5,0.00126497252684575
ETH,ET,Ethiopia,ET07,SNNP,ET0724,Yem Special,2026-07-10,0.007937404,1-1.5,0.00126497252684575
ETH,ET,Ethiopia,ET07,SNNP,ET0721,Amaro,2026-07-10,0.007937404,1-1.5,0.00126497252684575
ETH,ET,Ethiopia,ET07,SNNP,ET0703,Kembata Tembaro,2026-07-10,0.007937404,1-1.5,0.00126497252684575
ETH,ET,Ethiopia,ET07,SNNP,ET0710,Gamo,2026-07-10,0.007937404,1-1.5,0.00126497252684575
ETH,ET,Ethiopia,ET07,SNNP,ET0720,Siltie,2026-07-10,0.007937404,1-1.5,0.00126497252684575
ETH,ET,Ethiopia,ET07,SNNP,ET0715,Gofa,2026-07-10,0.007937404,1-1.5,0.00126497252684575
ETH,ET,Ethiopia,ET07,SNNP,ET0713,Konso,2026-07-10,0.007937404,1-1.5,0.00126497252684575
ETH,ET,Ethiopia,ET07,SNNP,ET0723,Derashe,2026-07-10,0.007937404,1-1.5,0.00126497252684575
ETH,ET,Ethiopia,ET07,SNNP,ET0705,Gedeo,2026-07-10,0.007937404,1-1.5,0.00126497252684575
ETH,ET,Ethiopia,ET07,SNNP,ET0706,Wolayita,2026-07-10,0.007937404,1-1.5,0.00126497252684575
ETH,ET,Ethiopia,ET07,SNNP,ET0714,Halaba,2026-07-10,0.007937404,1-1.5,0.00126497252684575
ETH,ET,Ethiopia,ET07,SNNP,ET0722,Burji,2026-07-10,0.007937404,1-1.5,0.00126497252684575
ETH,ET,Ethiopia,ET07,SNNP,ET0707,South Omo,2026-07-10,0.007937404,1-1.5,0.00126497252684575
ETH,ET,Ethiopia,ET07,SNNP,ET0702,Hadiya,2026-07-10,0.007937404,1-1.5,0.00126497252684575
ETH,ET,Ethiopia,ET07,SNNP,ET0716,Basketo,2026-07-10,0.007937404,1-1.5,0.00126497252684575
ETH,ET,Ethiopia,ET07,SNNP,ET0712,Alle,2026-07-10,0.007937404,1-1.5,0.00126497252684575
ETH,ET,Ethiopia,ET15,Dire Dawa,ET1502,Dire Dawa rural,2026-07-10,0.0,1-1.5,1.038961024526295e-07
ETH,ET,Ethiopia,ET15,Dire Dawa,ET1501,Dire Dawa urban,2026-07-10,0.0,1-1.5,1.038961024526295e-07
ETH,ET,Ethiopia,ET06,Benishangul Gumz,ET0604,Kamashi,2026-07-10,0.022168716,>10,0.006579899689830883
ETH,ET,Ethiopia,ET06,Benishangul Gumz,ET0602,Metekel,2026-07-10,0.022168716,>10,0.006579899689830883
ETH,ET,Ethiopia,ET06,Benishangul Gumz,ET0605,Mao Komo Special,2026-07-10,0.022168716,>10,0.006579899689830883
ETH,ET,Ethiopia,ET06,Benishangul Gumz,ET0603,Assosa,2026-07-10,0.022168716,>10,0.006579899689830883
ETH,ET,Ethiopia,ET02,Afar,ET0201,Awsi /Zone 1,2026-07-10,0.0,1-1.5,0.003949231993068348
ETH,ET,Ethiopia,ET02,Afar,ET0204,Fanti /Zone 4,2026-07-10,0.0,1-1.5,0.003949231993068348
ETH,ET,Ethiopia,ET02,Afar,ET0205,Hari /Zone 5,2026-07-10,0.0,1-1.5,0.003949231993068348
ETH,ET,Ethiopia,ET02,Afar,ET0202,Kilbati /Zone2,2026-07-10,0.0,1-1.5,0.003949231993068348
ETH,ET,Ethiopia,ET02,Afar,ET0203,Gabi /Zone 3,2026-07-10,0.0,1-1.5,0.003949231993068348
ETH,ET,Ethiopia,ET03,Amhara,ET0307,West Gojam,2026-07-10,0.00026898424,1-1.5,0.0009058872540915208
ETH,ET,Ethiopia,ET03,Amhara,ET0309,Awi,2026-07-10,0.00026898424,1-1.5,0.0009058872540915208
ETH,ET,Ethiopia,ET03,Amhara,ET0305,North Shewa (AM),2026-07-10,0.00026898424,1-1.5,0.0009058872540915208
ETH,ET,Ethiopia,ET03,Amhara,ET0302,South Gondar,2026-07-10,0.00026898424,1-1.5,0.0009058872540915208
ETH,ET,Ethiopia,ET03,Amhara,ET0312,West Gondar,2026-07-10,0.00026898424,1-1.5,0.0009058872540915208
ETH,ET,Ethiopia,ET03,Amhara,ET0310,Oromia,2026-07-10,0.00026898424,1-1.5,0.0009058872540915208
ETH,ET,Ethiopia,ET03,Amhara,ET0304,South Wello,2026-07-10,0.00026898424,1-1.5,0.0009058872540915208
ETH,ET,Ethiopia,ET03,Amhara,ET0301,North Gondar,2026-07-10,0.00026898424,1-1.5,0.0009058872540915208
ETH,ET,Ethiopia,ET03,Amhara,ET0311,Central Gondar,2026-07-10,0.00026898424,1-1.5,0.0009058872540915208
ETH,ET,Ethiopia,ET03,Amhara,ET0303,North Wello,2026-07-10,0.00026898424,1-1.5,0.0009058872540915208
ETH,ET,Ethiopia,ET03,Amhara,ET0308,Wag Hamra,2026-07-10,0.00026898424,1-1.5,0.0009058872540915208
ETH,ET,Ethiopia,ET03,Amhara,ET0306,East Gojam,2026-07-10,0.00026898424,1-1.5,0.0009058872540915208
ETH,ET,Ethiopia,ET12,Gambela,ET1202,Agnewak,2026-07-10,0.0013684154,1-1.5,0.001654151303062628
ETH,ET,Ethiopia,ET12,Gambela,ET1204,Itang Special woreda,2026-07-10,0.0013684154,1-1.5,0.001654151303062628
ETH,ET,Ethiopia,ET12,Gambela,ET1203,Majang,2026-07-10,0.0013684154,1-1.5,0.001654151303062628
ETH,ET,Ethiopia,ET12,Gambela,ET1201,Nuwer,2026-07-10,0.0013684154,1-1.5,0.001654151303062628
ETH,ET,Ethiopia,ET13,Harari,ET1301,Harari,2026-07-10,0.0,1-1.5,0.0004924242456581851
ETH,ET,Ethiopia,ET14,Addis Ababa,ET1401,Region 14,2026-07-10,0.0,1-1.5,0.0005071022825136011
ETH,ET,Ethiopia,ET11,South West Ethiopia,ET1106,Konta Special,2026-07-10,0.0,1-1.5,1.586437346852356e-05
ETH,ET,Ethiopia,ET11,South West Ethiopia,ET1105,Mirab Omo,2026-07-10,0.0,1-1.5,1.586437346852356e-05
ETH,ET,Ethiopia,ET11,South West Ethiopia,ET1104,Dawuro,2026-07-10,0.0,1-1.5,1.586437346852356e-05
ETH,ET,Ethiopia,ET11,South West Ethiopia,ET1101,Sheka,2026-07-10,0.0,1-1.5,1.586437346852356e-05
ETH,ET,Ethiopia,ET11,South West Ethiopia,ET1103,Bench Sheko,2026-07-10,0.0,1-1.5,1.586437346852356e-05
ETH,ET,Ethiopia,ET11,South West Ethiopia,ET1102,Kefa,2026-07-10,0.0,1-1.5,1.586437346852356e-05
ETH,ET,Ethiopia,ET05,Somali,ET0510,Nogob,2026-07-10,0.0,1-1.5,9.2303003938535e-05
ETH,ET,Ethiopia,ET05,Somali,ET0506,Shabelle,2026-07-10,0.0,1-1.5,9.2303003938535e-05
ETH,ET,Ethiopia,ET05,Somali,ET0502,Fafan,2026-07-10,0.0,1-1.5,9.2303003938535e-05
ETH,ET,Ethiopia,ET05,Somali,ET0503,Jarar,2026-07-10,0.0,1-1.5,9.2303003938535e-05
ETH,ET,Ethiopia,ET05,Somali,ET0501,Siti,2026-07-10,0.0,1-1.5,9.2303003938535e-05
ETH,ET,Ethiopia,ET05,Somali,ET0508,Afder,2026-07-10,0.0,1-1.5,9.2303003938535e-05
ETH,ET,Ethiopia,ET05,Somali,ET0504,Erer,2026-07-10,0.0,1-1.5,9.2303003938535e-05
ETH,ET,Ethiopia,ET05,Somali,ET0509,Liban,2026-07-10,0.0,1-1.5,9.2303003938535e-05
ETH,ET,Ethiopia,ET05,Somali,ET0507,Doolo,2026-07-10,0.0,1-1.5,9.2303003938535e-05
ETH,ET,Ethiopia,ET05,Somali,ET0505,Korahe,2026-07-10,0.0,1-1.5,9.2303003938535e-05
ETH,ET,Ethiopia,ET05,Somali,ET0511,Daawa,2026-07-10,0.0,1-1.5,9.2303003938535e-05
ETH,ET,Ethiopia,ET16,Sidama,ET1600,Sidama,2026-07-11,0.0,1-1.5,5.06779085154366e-05
ETH,ET,Ethiopia,ET01,Tigray,ET0107,Mekelle,2026-07-11,0.0012037336,1-1.5,0.0005466823452315659
ETH,ET,Ethiopia,ET01,Tigray,ET0104,Southern,2026-07-11,0.0012037336,1-1.5,0.0005466823452315659
ETH,ET,Ethiopia,ET01,Tigray,ET0101,North Western,2026-07-11,0.0012037336,1-1.5,0.0005466823452315659
ETH,ET,Ethiopia,ET01,Tigray,ET0102,Central,2026-07-11,0.0012037336,1-1.5,0.0005466823452315659
ETH,ET,Ethiopia,ET01,Tigray,ET0105,Western,2026-07-11,0.0012037336,1-1.5,0.0005466823452315659
ETH,ET,Ethiopia,ET01,Tigray,ET0106,South Eastern,2026-07-11,0.0012037336,1-1.5,0.0005466823452315659
ETH,ET,Ethiopia,ET01,Tigray,ET0103,Eastern,2026-07-11,0.0012037336,1-1.5,0.0005466823452315659
ETH,ET,Ethiopia,ET04,Oromia,ET0404,Jimma,2026-07-11,0.003032597,1-1.5,0.002485435938102786
ETH,ET,Ethiopia,ET04,Oromia,ET0410,East Hararge,2026-07-11,0.003032597,1-1.5,0.002485435938102786
ETH,ET,Ethiopia,ET04,Oromia,ET0409,West Hararge,2026-07-11,0.003032597,1-1.5,0.002485435938102786
ETH,ET,Ethiopia,ET04,Oromia,ET0401,West Wellega,2026-07-11,0.003032597,1-1.5,0.002485435938102786
ETH,ET,Ethiopia,ET04,Oromia,ET0408,Arsi,2026-07-11,0.003032597,1-1.5,0.002485435938102786
ETH,ET,Ethiopia,ET04,Oromia,ET0403,Ilu Aba Bora,2026-07-11,0.003032597,1-1.5,0.002485435938102786
ETH,ET,Ethiopia,ET04,Oromia,ET0407,East Shewa,2026-07-11,0.003032597,1-1.5,0.002485435938102786
ETH,ET,Ethiopia,ET04,Oromia,ET0405,West Shewa,2026-07-11,0.003032597,1-1.5,0.002485435938102786
ETH,ET,Ethiopia,ET04,Oromia,ET0406,North Shewa (OR),2026-07-11,0.003032597,1-1.5,0.002485435938102786
ETH,ET,Ethiopia,ET04,Oromia,ET0402,East Wellega,2026-07-11,0.003032597,1-1.5,0.002485435938102786
ETH,ET,Ethiopia,ET04,Oromia,ET0418,Kelem Wellega,2026-07-11,0.003032597,1-1.5,0.002485435938102786
ETH,ET,Ethiopia,ET04,Oromia,ET0411,Bale,2026-07-11,0.003032597,1-1.5,0.002485435938102786
ETH,ET,Ethiopia,ET04,Oromia,ET0416,Buno Bedele,2026-07-11,0.003032597,1-1.5,0.002485435938102786
ETH,ET,Ethiopia,ET04,Oromia,ET0421,East Bale,2026-07-11,0.003032597,1-1.5,0.002485435938102786
ETH,ET,Ethiopia,ET04,Oromia,ET0412,Borena,2026-07-11,0.003032597,1-1.5,0.002485435938102786
ETH,ET,Ethiopia,ET04,Oromia,ET0419,Horo Gudru Wellega,2026-07-11,0.003032597,1-1.5,0.002485435938102786
ETH,ET,Ethiopia,ET04,Oromia,ET0417,West Arsi,2026-07-11,0.003032597,1-1.5,0.002485435938102786
ETH,ET,Ethiopia,ET04,Oromia,ET0413,South West Shewa,2026-07-11,0.003032597,1-1.5,0.002485435938102786
ETH,ET,Ethiopia,ET04,Oromia,ET0415,West Guji,2026-07-11,0.003032597,1-1.5,0.002485435938102786
ETH,ET,Ethiopia,ET04,Oromia,ET0414,Guji,2026-07-11,0.003032597,1-1.5,0.002485435938102786
ETH,ET,Ethiopia,ET04,Oromia,ET0420,Finfine Special,2026-07-11,0.003032597,1-1.5,0.002485435938102786
ETH,ET,Ethiopia,ET07,SNNP,ET0701,Guraghe,2026-07-11,0.0075840903,1-1.5,0.001205778006105489
ETH,ET,Ethiopia,ET07,SNNP,ET0724,Yem Special,2026-07-11,0.0075840903,1-1.5,0.001205778006105489
ETH,ET,Ethiopia,ET07,SNNP,ET0721,Amaro,2026-07-11,0.0075840903,1-1.5,0.001205778006105489
ETH,ET,Ethiopia,ET07,SNNP,ET0703,Kembata Tembaro,2026-07-11,0.0075840903,1-1.5,0.001205778006105489
ETH,ET,Ethiopia,ET07,SNNP,ET0710,Gamo,2026-07-11,0.0075840903,1-1.5,0.001205778006105489
ETH,ET,Ethiopia,ET07,SNNP,ET0720,Siltie,2026-07-11,0.0075840903,1-1.5,0.001205778006105489
ETH,ET,Ethiopia,ET07,SNNP,ET0715,Gofa,2026-07-11,0.0075840903,1-1.5,0.001205778006105489
ETH,ET,Ethiopia,ET07,SNNP,ET0713,Konso,2026-07-11,0.0075840903,1-1.5,0.001205778006105489
ETH,ET,Ethiopia,ET07,SNNP,ET0723,Derashe,2026-07-11,0.0075840903,1-1.5,0.001205778006105489
ETH,ET,Ethiopia,ET07,SNNP,ET0705,Gedeo,2026-07-11,0.0075840903,1-1.5,0.001205778006105489
ETH,ET,Ethiopia,ET07,SNNP,ET0706,Wolayita,2026-07-11,0.0075840903,1-1.5,0.001205778006105489
ETH,ET,Ethiopia,ET07,SNNP,ET0714,Halaba,2026-07-11,0.0075840903,1-1.5,0.001205778006105489
ETH,ET,Ethiopia,ET07,SNNP,ET0722,Burji,2026-07-11,0.0075840903,1-1.5,0.001205778006105489
ETH,ET,Ethiopia,ET07,SNNP,ET0707,South Omo,2026-07-11,0.0075840903,1-1.5,0.001205778006105489
ETH,ET,Ethiopia,ET07,SNNP,ET0702,Hadiya,2026-07-11,0.0075840903,1-1.5,0.001205778006105489
ETH,ET,Ethiopia,ET07,SNNP,ET0716,Basketo,2026-07-11,0.0075840903,1-1.5,0.001205778006105489
ETH,ET,Ethiopia,ET07,SNNP,ET0712,Alle,2026-07-11,0.0075840903,1-1.5,0.001205778006105489
ETH,ET,Ethiopia,ET15,Dire Dawa,ET1502,Dire Dawa rural,2026-07-11,0.0,1-1.5,1.038961024526295e-07
ETH,ET,Ethiopia,ET15,Dire Dawa,ET1501,Dire Dawa urban,2026-07-11,0.0,1-1.5,1.038961024526295e-07
ETH,ET,Ethiopia,ET06,Benishangul Gumz,ET0604,Kamashi,2026-07-11,0.022350337,>10,0.006576323224928418
ETH,ET,Ethiopia,ET06,Benishangul Gumz,ET0602,Metekel,2026-07-11,0.022350337,>10,0.006576323224928418
ETH,ET,Ethiopia,ET06,Benishangul Gumz,ET0605,Mao Komo Special,2026-07-11,0.022350337,>10,0.006576323224928418
ETH,ET,Ethiopia,ET06,Benishangul Gumz,ET0603,Assosa,2026-07-11,0.022350337,>10,0.006576323224928418
ETH,ET,Ethiopia,ET02,Afar,ET0201,Awsi /Zone 1,2026-07-11,0.0,1-1.5,0.004043785931108604
ETH,ET,Ethiopia,ET02,Afar,ET0204,Fanti /Zone 4,2026-07-11,0.0,1-1.5,0.004043785931108604
ETH,ET,Ethiopia,ET02,Afar,ET0205,Hari /Zone 5,2026-07-11,0.0,1-1.5,0.004043785931108604
ETH,ET,Ethiopia,ET02,Afar,ET0202,Kilbati /Zone2,2026-07-11,0.0,1-1.5,0.004043785931108604
ETH,ET,Ethiopia,ET02,Afar,ET0203,Gabi /Zone 3,2026-07-11,0.0,1-1.5,0.004043785931108604
ETH,ET,Ethiopia,ET03,Amhara,ET0307,West Gojam,2026-07-11,0.00019665007,1-1.5,0.0009012459547992468
ETH,ET,Ethiopia,ET03,Amhara,ET0309,Awi,2026-07-11,0.00019665007,1-1.5,0.0009012459547992468
ETH,ET,Ethiopia,ET03,Amhara,ET0305,North Shewa (AM),2026-07-11,0.00019665007,1-1.5,0.0009012459547992468
ETH,ET,Ethiopia,ET03,Amhara,ET0302,South Gondar,2026-07-11,0.00019665007,1-1.5,0.0009012459547992468
ETH,ET,Ethiopia,ET03,Amhara,ET0312,West Gondar,2026-07-11,0.00019665007,1-1.5,0.0009012459547992468
ETH,ET,Ethiopia,ET03,Amhara,ET0310,Oromia,2026-07-11,0.00019665007,1-1.5,0.0009012459547992468
ETH,ET,Ethiopia,ET03,Amhara,ET0304,South Wello,2026-07-11,0.00019665007,1-1.5,0.0009012459547992468
ETH,ET,Ethiopia,ET03,Amhara,ET0301,North Gondar,2026-07-11,0.00019665007,1-1.5,0.0009012459547992468
ETH,ET,Ethiopia,ET03,Amhara,ET0311,Central Gondar,2026-07-11,0.00019665007,1-1.5,0.0009012459547992468
ETH,ET,Ethiopia,ET03,Amhara,ET0303,North Wello,2026-07-11,0.00019665007,1-1.5,0.0009012459547992468
ETH,ET,Ethiopia,ET03,Amhara,ET0308,Wag Hamra,2026-07-11,0.00019665007,1-1.5,0.0009012459547992468
ETH,ET,Ethiopia,ET03,Amhara,ET0306,East Gojam,2026-07-11,0.00019665007,1-1.5,0.0009012459547992468
ETH,ET,Ethiopia,ET12,Gambela,ET1202,Agnewak,2026-07-11,0.0016443082,1-1.5,0.00166473518239317
ETH,ET,Ethiopia,ET12,Gambela,ET1204,Itang Special woreda,2026-07-11,0.0016443082,1-1.5,0.00166473518239317
ETH,ET,Ethiopia,ET12,Gambela,ET1203,Majang,2026-07-11,0.0016443082,1-1.5,0.00166473518239317
ETH,ET,Ethiopia,ET12,Gambela,ET1201,Nuwer,2026-07-11,0.0016443082,1-1.5,0.00166473518239317
ETH,ET,Ethiopia,ET13,Harari,ET1301,Harari,2026-07-11,0.0,1-1.5,0.0004924242456581851
ETH,ET,Ethiopia,ET14,Addis Ababa,ET1401,Region 14,2026-07-11,0.0,1-1.5,0.0004616477374797383
ETH,ET,Ethiopia,ET11,South West Ethiopia,ET1106,Konta Special,2026-07-11,0.0,1-1.5,1.254695828704784e-05
ETH,ET,Ethiopia,ET11,South West Ethiopia,ET1105,Mirab Omo,2026-07-11,0.0,1-1.5,1.254695828704784e-05
ETH,ET,Ethiopia,ET11,South West Ethiopia,ET1104,Dawuro,2026-07-11,0.0,1-1.5,1.254695828704784e-05
ETH,ET,Ethiopia,ET11,South West Ethiopia,ET1101,Sheka,2026-07-11,0.0,1-1.5,1.254695828704784e-05
ETH,ET,Ethiopia,ET11,South West Ethiopia,ET1103,Bench Sheko,2026-07-11,0.0,1-1.5,1.254695828704784e-05
ETH,ET,Ethiopia,ET11,South West Ethiopia,ET1102,Kefa,2026-07-11,0.0,1-1.5,1.254695828704784e-05
ETH,ET,Ethiopia,ET05,Somali,ET0510,Nogob,2026-07-11,0.0,1-1.5,7.788892471773744e-05
ETH,ET,Ethiopia,ET05,Somali,ET0506,Shabelle,2026-07-11,0.0,1-1.5,7.788892471773744e-05
ETH,ET,Ethiopia,ET05,Somali,ET0502,Fafan,2026-07-11,0.0,1-1.5,7.788892471773744e-05
ETH,ET,Ethiopia,ET05,Somali,ET0503,Jarar,2026-07-11,0.0,1-1.5,7.788892471773744e-05
ETH,ET,Ethiopia,ET05,Somali,ET0501,Siti,2026-07-11,0.0,1-1.5,7.788892471773744e-05
ETH,ET,Ethiopia,ET05,Somali,ET0508,Afder,2026-07-11,0.0,1-1.5,7.788892471773744e-05
ETH,ET,Ethiopia,ET05,Somali,ET0504,Erer,2026-07-11,0.0,1-1.5,7.788892471773744e-05
ETH,ET,Ethiopia,ET05,Somali,ET0509,Liban,2026-07-11,0.0,1-1.5,7.788892471773744e-05
ETH,ET,Ethiopia,ET05,Somali,ET0507,Doolo,2026-07-11,0.0,1-1.5,7.788892471773744e-05
ETH,ET,Ethiopia,ET05,Somali,ET0505,Korahe,2026-07-11,0.0,1-1.5,7.788892471773744e-05
ETH,ET,Ethiopia,ET05,Somali,ET0511,Daawa,2026-07-11,0.0,1-1.5,7.788892471773744e-05
ETH,ET,Ethiopia,ET16,Sidama,ET1600,Sidama,2026-07-12,0.0,1-1.5,4.642319916828539e-05
ETH,ET,Ethiopia,ET01,Tigray,ET0107,Mekelle,2026-07-12,0.00059265335,1-1.5,0.0006559739908263912
ETH,ET,Ethiopia,ET01,Tigray,ET0104,Southern,2026-07-12,0.00059265335,1-1.5,0.0006559739908263912
ETH,ET,Ethiopia,ET01,Tigray,ET0101,North Western,2026-07-12,0.00059265335,1-1.5,0.0006559739908263912
ETH,ET,Ethiopia,ET01,Tigray,ET0102,Central,2026-07-12,0.00059265335,1-1.5,0.0006559739908263912
ETH,ET,Ethiopia,ET01,Tigray,ET0105,Western,2026-07-12,0.00059265335,1-1.5,0.0006559739908263912
ETH,ET,Ethiopia,ET01,Tigray,ET0106,South Eastern,2026-07-12,0.00059265335,1-1.5,0.0006559739908263912
ETH,ET,Ethiopia,ET01,Tigray,ET0103,Eastern,2026-07-12,0.00059265335,1-1.5,0.0006559739908263912
ETH,ET,Ethiopia,ET04,Oromia,ET0404,Jimma,2026-07-12,0.0029013916,1-1.5,0.002505724111952904
ETH,ET,Ethiopia,ET04,Oromia,ET0410,East Hararge,2026-07-12,0.0029013916,1-1.5,0.002505724111952904
ETH,ET,Ethiopia,ET04,Oromia,ET0409,West Hararge,2026-07-12,0.0029013916,1-1.5,0.002505724111952904
ETH,ET,Ethiopia,ET04,Oromia,ET0401,West Wellega,2026-07-12,0.0029013916,1-1.5,0.002505724111952904
ETH,ET,Ethiopia,ET04,Oromia,ET0408,Arsi,2026-07-12,0.0029013916,1-1.5,0.002505724111952904
ETH,ET,Ethiopia,ET04,Oromia,ET0403,Ilu Aba Bora,2026-07-12,0.0029013916,1-1.5,0.002505724111952904
ETH,ET,Ethiopia,ET04,Oromia,ET0407,East Shewa,2026-07-12,0.0029013916,1-1.5,0.002505724111952904
ETH,ET,Ethiopia,ET04,Oromia,ET0405,West Shewa,2026-07-12,0.0029013916,1-1.5,0.002505724111952904
ETH,ET,Ethiopia,ET04,Oromia,ET0406,North Shewa (OR),2026-07-12,0.0029013916,1-1.5,0.002505724111952904
ETH,ET,Ethiopia,ET04,Oromia,ET0402,East Wellega,2026-07-12,0.0029013916,1-1.5,0.002505724111952904
ETH,ET,Ethiopia,ET04,Oromia,ET0418,Kelem Wellega,2026-07-12,0.0029013916,1-1.5,0.002505724111952904
ETH,ET,Ethiopia,ET04,Oromia,ET0411,Bale,2026-07-12,0.0029013916,1-1.5,0.002505724111952904
ETH,ET,Ethiopia,ET04,Oromia,ET0416,Buno Bedele,2026-07-12,0.0029013916,1-1.5,0.002505724111952904
ETH,ET,Ethiopia,ET04,Oromia,ET0421,East Bale,2026-07-12,0.0029013916,1-1.5,0.002505724111952904
ETH,ET,Ethiopia,ET04,Oromia,ET0412,Borena,2026-07-12,0.0029013916,1-1.5,0.002505724111952904
ETH,ET,Ethiopia,ET04,Oromia,ET0419,Horo Gudru Wellega,2026-07-12,0.0029013916,1-1.5,0.002505724111952904
ETH,ET,Ethiopia,ET04,Oromia,ET0417,West Arsi,2026-07-12,0.0029013916,1-1.5,0.002505724111952904
ETH,ET,Ethiopia,ET04,Oromia,ET0413,South West Shewa,2026-07-12,0.0029013916,1-1.5,0.002505724111952904
ETH,ET,Ethiopia,ET04,Oromia,ET0415,West Guji,2026-07-12,0.0029013916,1-1.5,0.002505724111952904
ETH,ET,Ethiopia,ET04,Oromia,ET0414,Guji,2026-07-12,0.0029013916,1-1.5,0.002505724111952904
ETH,ET,Ethiopia,ET04,Oromia,ET0420,Finfine Special,2026-07-12,0.0029013916,1-1.5,0.002505724111952904
ETH,ET,Ethiopia,ET07,SNNP,ET0701,Guraghe,2026-07-12,0.0075410437,1-1.5,0.001173753256884166
ETH,ET,Ethiopia,ET07,SNNP,ET0724,Yem Special,2026-07-12,0.0075410437,1-1.5,0.001173753256884166
ETH,ET,Ethiopia,ET07,SNNP,ET0721,Amaro,2026-07-12,0.0075410437,1-1.5,0.001173753256884166
ETH,ET,Ethiopia,ET07,SNNP,ET0703,Kembata Tembaro,2026-07-12,0.0075410437,1-1.5,0.001173753256884166
ETH,ET,Ethiopia,ET07,SNNP,ET0710,Gamo,2026-07-12,0.0075410437,1-1.5,0.001173753256884166
ETH,ET,Ethiopia,ET07,SNNP,ET0720,Siltie,2026-07-12,0.0075410437,1-1.5,0.001173753256884166
ETH,ET,Ethiopia,ET07,SNNP,ET0715,Gofa,2026-07-12,0.0075410437,1-1.5,0.001173753256884166
ETH,ET,Ethiopia,ET07,SNNP,ET0713,Konso,2026-07-12,0.0075410437,1-1.5,0.001173753256884166
ETH,ET,Ethiopia,ET07,SNNP,ET0723,Derashe,2026-07-12,0.0075410437,1-1.5,0.001173753256884166
ETH,ET,Ethiopia,ET07,SNNP,ET0705,Gedeo,2026-07-12,0.0075410437,1-1.5,0.001173753256884166
ETH,ET,Ethiopia,ET07,SNNP,ET0706,Wolayita,2026-07-12,0.0075410437,1-1.5,0.001173753256884166
ETH,ET,Ethiopia,ET07,SNNP,ET0714,Halaba,2026-07-12,0.0075410437,1-1.5,0.001173753256884166
ETH,ET,Ethiopia,ET07,SNNP,ET0722,Burji,2026-07-12,0.0075410437,1-1.5,0.001173753256884166
ETH,ET,Ethiopia,ET07,SNNP,ET0707,South Omo,2026-07-12,0.0075410437,1-1.5,0.001173753256884166
ETH,ET,Ethiopia,ET07,SNNP,ET0702,Hadiya,2026-07-12,0.0075410437,1-1.5,0.001173753256884166
ETH,ET,Ethiopia,ET07,SNNP,ET0716,Basketo,2026-07-12,0.0075410437,1-1.5,0.001173753256884166
ETH,ET,Ethiopia,ET07,SNNP,ET0712,Alle,2026-07-12,0.0075410437,1-1.5,0.001173753256884166
ETH,ET,Ethiopia,ET15,Dire Dawa,ET1502,Dire Dawa rural,2026-07-12,0.0,1-1.5,2.07792204905259e-07
ETH,ET,Ethiopia,ET15,Dire Dawa,ET1501,Dire Dawa urban,2026-07-12,0.0,1-1.5,2.07792204905259e-07
ETH,ET,Ethiopia,ET06,Benishangul Gumz,ET0604,Kamashi,2026-07-12,0.022467192,>10,0.006605177691165471
ETH,ET,Ethiopia,ET06,Benishangul Gumz,ET0602,Metekel,2026-07-12,0.022467192,>10,0.006605177691165471
ETH,ET,Ethiopia,ET06,Benishangul Gumz,ET0605,Mao Komo Special,2026-07-12,0.022467192,>10,0.006605177691165471
ETH,ET,Ethiopia,ET06,Benishangul Gumz,ET0603,Assosa,2026-07-12,0.022467192,>10,0.006605177691165471
ETH,ET,Ethiopia,ET02,Afar,ET0201,Awsi /Zone 1,2026-07-12,0.0,1-1.5,0.004153913079856218
ETH,ET,Ethiopia,ET02,Afar,ET0204,Fanti /Zone 4,2026-07-12,0.0,1-1.5,0.004153913079856218
ETH,ET,Ethiopia,ET02,Afar,ET0205,Hari /Zone 5,2026-07-12,0.0,1-1.5,0.004153913079856218
ETH,ET,Ethiopia,ET02,Afar,ET0202,Kilbati /Zone2,2026-07-12,0.0,1-1.5,0.004153913079856218
ETH,ET,Ethiopia,ET02,Afar,ET0203,Gabi /Zone 3,2026-07-12,0.0,1-1.5,0.004153913079856218
ETH,ET,Ethiopia,ET03,Amhara,ET0307,West Gojam,2026-07-12,7.5534124e-05,1-1.5,0.0009908177140322298
ETH,ET,Ethiopia,ET03,Amhara,ET0309,Awi,2026-07-12,7.5534124e-05,1-1.5,0.0009908177140322298
ETH,ET,Ethiopia,ET03,Amhara,ET0305,North Shewa (AM),2026-07-12,7.5534124e-05,1-1.5,0.0009908177140322298
ETH,ET,Ethiopia,ET03,Amhara,ET0302,South Gondar,2026-07-12,7.5534124e-05,1-1.5,0.0009908177140322298
ETH,ET,Ethiopia,ET03,Amhara,ET0312,West Gondar,2026-07-12,7.5534124e-05,1-1.5,0.0009908177140322298
ETH,ET,Ethiopia,ET03,Amhara,ET0310,Oromia,2026-07-12,7.5534124e-05,1-1.5,0.0009908177140322298
ETH,ET,Ethiopia,ET03,Amhara,ET0304,South Wello,2026-07-12,7.5534124e-05,1-1.5,0.0009908177140322298
ETH,ET,Ethiopia,ET03,Amhara,ET0301,North Gondar,2026-07-12,7.5534124e-05,1-1.5,0.0009908177140322298
ETH,ET,Ethiopia,ET03,Amhara,ET0311,Central Gondar,2026-07-12,7.5534124e-05,1-1.5,0.0009908177140322298
ETH,ET,Ethiopia,ET03,Amhara,ET0303,North Wello,2026-07-12,7.5534124e-05,1-1.5,0.0009908177140322298
ETH,ET,Ethiopia,ET03,Amhara,ET0308,Wag Hamra,2026-07-12,7.5534124e-05,1-1.5,0.0009908177140322298
ETH,ET,Ethiopia,ET03,Amhara,ET0306,East Gojam,2026-07-12,7.5534124e-05,1-1.5,0.0009908177140322298
ETH,ET,Ethiopia,ET12,Gambela,ET1202,Agnewak,2026-07-12,0.0020382407,1-1.5,0.001707073241678617
ETH,ET,Ethiopia,ET12,Gambela,ET1204,Itang Special woreda,2026-07-12,0.0020382407,1-1.5,0.001707073241678617
ETH,ET,Ethiopia,ET12,Gambela,ET1203,Majang,2026-07-12,0.0020382407,1-1.5,0.001707073241678617
ETH,ET,Ethiopia,ET12,Gambela,ET1201,Nuwer,2026-07-12,0.0020382407,1-1.5,0.001707073241678617
ETH,ET,Ethiopia,ET13,Harari,ET1301,Harari,2026-07-12,0.0,1-1.5,0.0004925757608113848
ETH,ET,Ethiopia,ET14,Addis Ababa,ET1401,Region 14,2026-07-12,0.0,1-1.5,0.000462272737740932
ETH,ET,Ethiopia,ET11,South West Ethiopia,ET1106,Konta Special,2026-07-12,0.0,1-1.5,1.119581326995764e-05
ETH,ET,Ethiopia,ET11,South West Ethiopia,ET1105,Mirab Omo,2026-07-12,0.0,1-1.5,1.119581326995764e-05
ETH,ET,Ethiopia,ET11,South West Ethiopia,ET1104,Dawuro,2026-07-12,0.0,1-1.5,1.119581326995764e-05
ETH,ET,Ethiopia,ET11,South West Ethiopia,ET1101,Sheka,2026-07-12,0.0,1-1.5,1.119581326995764e-05
ETH,ET,Ethiopia,ET11,South West Ethiopia,ET1103,Bench Sheko,2026-07-12,0.0,1-1.5,1.119581326995764e-05
ETH,ET,Ethiopia,ET11,South West Ethiopia,ET1102,Kefa,2026-07-12,0.0,1-1.5,1.119581326995764e-05
ETH,ET,Ethiopia,ET05,Somali,ET0510,Nogob,2026-07-12,0.0,1-1.5,8.19429038733171e-05
ETH,ET,Ethiopia,ET05,Somali,ET0506,Shabelle,2026-07-12,0.0,1-1.5,8.19429038733171e-05
ETH,ET,Ethiopia,ET05,Somali,ET0502,Fafan,2026-07-12,0.0,1-1.5,8.19429038733171e-05
ETH,ET,Ethiopia,ET05,Somali,ET0503,Jarar,2026-07-12,0.0,1-1.5,8.19429038733171e-05
ETH,ET,Ethiopia,ET05,Somali,ET0501,Siti,2026-07-12,0.0,1-1.5,8.19429038733171e-05
ETH,ET,Ethiopia,ET05,Somali,ET0508,Afder,2026-07-12,0.0,1-1.5,8.19429038733171e-05
ETH,ET,Ethiopia,ET05,Somali,ET0504,Erer,2026-07-12,0.0,1-1.5,8.19429038733171e-05
ETH,ET,Ethiopia,ET05,Somali,ET0509,Liban,2026-07-12,0.0,1-1.5,8.19429038733171e-05
ETH,ET,Ethiopia,ET05,Somali,ET0507,Doolo,2026-07-12,0.0,1-1.5,8.19429038733171e-05
ETH,ET,Ethiopia,ET05,Somali,ET0505,Korahe,2026-07-12,0.0,1-1.5,8.19429038733171e-05
ETH,ET,Ethiopia,ET05,Somali,ET0511,Daawa,2026-07-12,0.0,1-1.5,8.19429038733171e-05
ETH,ET,Ethiopia,ET16,Sidama,ET1600,Sidama,2026-07-13,0.0,1-1.5,4.642319916828538e-05
ETH,ET,Ethiopia,ET01,Tigray,ET0107,Mekelle,2026-07-13,0.0,1-1.5,0.0008147546083279167
ETH,ET,Ethiopia,ET01,Tigray,ET0104,Southern,2026-07-13,0.0,1-1.5,0.0008147546083279167
ETH,ET,Ethiopia,ET01,Tigray,ET0101,North Western,2026-07-13,0.0,1-1.5,0.0008147546083279167
ETH,ET,Ethiopia,ET01,Tigray,ET0102,Central,2026-07-13,0.0,1-1.5,0.0008147546083279167
ETH,ET,Ethiopia,ET01,Tigray,ET0105,Western,2026-07-13,0.0,1-1.5,0.0008147546083279167
ETH,ET,Ethiopia,ET01,Tigray,ET0106,South Eastern,2026-07-13,0.0,1-1.5,0.0008147546083279167
ETH,ET,Ethiopia,ET01,Tigray,ET0103,Eastern,2026-07-13,0.0,1-1.5,0.0008147546083279167
ETH,ET,Ethiopia,ET04,Oromia,ET0404,Jimma,2026-07-13,0.0029077868,1-1.5,0.002545824630545791
ETH,ET,Ethiopia,ET04,Oromia,ET0410,East Hararge,2026-07-13,0.0029077868,1-1.5,0.002545824630545791
ETH,ET,Ethiopia,ET04,Oromia,ET0409,West Hararge,2026-07-13,0.0029077868,1-1.5,0.002545824630545791
ETH,ET,Ethiopia,ET04,Oromia,ET0401,West Wellega,2026-07-13,0.0029077868,1-1.5,0.002545824630545791
ETH,ET,Ethiopia,ET04,Oromia,ET0408,Arsi,2026-07-13,0.0029077868,1-1.5,0.002545824630545791
ETH,ET,Ethiopia,ET04,Oromia,ET0403,Ilu Aba Bora,2026-07-13,0.0029077868,1-1.5,0.002545824630545791
ETH,ET,Ethiopia,ET04,Oromia,ET0407,East Shewa,2026-07-13,0.0029077868,1-1.5,0.002545824630545791
ETH,ET,Ethiopia,ET04,Oromia,ET0405,West Shewa,2026-07-13,0.0029077868,1-1.5,0.002545824630545791
ETH,ET,Ethiopia,ET04,Oromia,ET0406,North Shewa (OR),2026-07-13,0.0029077868,1-1.5,0.002545824630545791
ETH,ET,Ethiopia,ET04,Oromia,ET0402,East Wellega,2026-07-13,0.0029077868,1-1.5,0.002545824630545791
ETH,ET,Ethiopia,ET04,Oromia,ET0418,Kelem Wellega,2026-07-13,0.0029077868,1-1.5,0.002545824630545791
ETH,ET,Ethiopia,ET04,Oromia,ET0411,Bale,2026-07-13,0.0029077868,1-1.5,0.002545824630545791
ETH,ET,Ethiopia,ET04,Oromia,ET0416,Buno Bedele,2026-07-13,0.0029077868,1-1.5,0.002545824630545791
ETH,ET,Ethiopia,ET04,Oromia,ET0421,East Bale,2026-07-13,0.0029077868,1-1.5,0.002545824630545791
ETH,ET,Ethiopia,ET04,Oromia,ET0412,Borena,2026-07-13,0.0029077868,1-1.5,0.002545824630545791
ETH,ET,Ethiopia,ET04,Oromia,ET0419,Horo Gudru Wellega,2026-07-13,0.0029077868,1-1.5,0.002545824630545791
ETH,ET,Ethiopia,ET04,Oromia,ET0417,West Arsi,2026-07-13,0.0029077868,1-1.5,0.002545824630545791
ETH,ET,Ethiopia,ET04,Oromia,ET0413,South West Shewa,2026-07-13,0.0029077868,1-1.5,0.002545824630545791
ETH,ET,Ethiopia,ET04,Oromia,ET0415,West Guji,2026-07-13,0.0029077868,1-1.5,0.002545824630545791
ETH,ET,Ethiopia,ET04,Oromia,ET0414,Guji,2026-07-13,0.0029077868,1-1.5,0.002545824630545791
ETH,ET,Ethiopia,ET04,Oromia,ET0420,Finfine Special,2026-07-13,0.0029077868,1-1.5,0.002545824630545791
ETH,ET,Ethiopia,ET07,SNNP,ET0701,Guraghe,2026-07-13,0.007533807,1-1.5,0.001170887063027625
ETH,ET,Ethiopia,ET07,SNNP,ET0724,Yem Special,2026-07-13,0.007533807,1-1.5,0.001170887063027625
ETH,ET,Ethiopia,ET07,SNNP,ET0721,Amaro,2026-07-13,0.007533807,1-1.5,0.001170887063027625
ETH,ET,Ethiopia,ET07,SNNP,ET0703,Kembata Tembaro,2026-07-13,0.007533807,1-1.5,0.001170887063027625
ETH,ET,Ethiopia,ET07,SNNP,ET0710,Gamo,2026-07-13,0.007533807,1-1.5,0.001170887063027625
ETH,ET,Ethiopia,ET07,SNNP,ET0720,Siltie,2026-07-13,0.007533807,1-1.5,0.001170887063027625
ETH,ET,Ethiopia,ET07,SNNP,ET0715,Gofa,2026-07-13,0.007533807,1-1.5,0.001170887063027625
ETH,ET,Ethiopia,ET07,SNNP,ET0713,Konso,2026-07-13,0.007533807,1-1.5,0.001170887063027625
ETH,ET,Ethiopia,ET07,SNNP,ET0723,Derashe,2026-07-13,0.007533807,1-1.5,0.001170887063027625
ETH,ET,Ethiopia,ET07,SNNP,ET0705,Gedeo,2026-07-13,0.007533807,1-1.5,0.001170887063027625
ETH,ET,Ethiopia,ET07,SNNP,ET0706,Wolayita,2026-07-13,0.007533807,1-1.5,0.001170887063027625
ETH,ET,Ethiopia,ET07,SNNP,ET0714,Halaba,2026-07-13,0.007533807,1-1.5,0.001170887063027625
ETH,ET,Ethiopia,ET07,SNNP,ET0722,Burji,2026-07-13,0.007533807,1-1.5,0.001170887063027625
ETH,ET,Ethiopia,ET07,SNNP,ET0707,South Omo,2026-07-13,0.007533807,1-1.5,0.001170887063027625
ETH,ET,Ethiopia,ET07,SNNP,ET0702,Hadiya,2026-07-13,0.007533807,1-1.5,0.001170887063027625
ETH,ET,Ethiopia,ET07,SNNP,ET0716,Basketo,2026-07-13,0.007533807,1-1.5,0.001170887063027625
ETH,ET,Ethiopia,ET07,SNNP,ET0712,Alle,2026-07-13,0.007533807,1-1.5,0.001170887063027625
ETH,ET,Ethiopia,ET15,Dire Dawa,ET1502,Dire Dawa rural,2026-07-13,0.0,1-1.5,2.07792204905259e-07
ETH,ET,Ethiopia,ET15,Dire Dawa,ET1501,Dire Dawa urban,2026-07-13,0.0,1-1.5,2.07792204905259e-07
ETH,ET,Ethiopia,ET06,Benishangul Gumz,ET0604,Kamashi,2026-07-13,0.021223437,>10,0.00666235231217911
ETH,ET,Ethiopia,ET06,Benishangul Gumz,ET0602,Metekel,2026-07-13,0.021223437,>10,0.00666235231217911
ETH,ET,Ethiopia,ET06,Benishangul Gumz,ET0605,Mao Komo Special,2026-07-13,0.021223437,>10,0.00666235231217911
ETH,ET,Ethiopia,ET06,Benishangul Gumz,ET0603,Assosa,2026-07-13,0.021223437,>10,0.00666235231217911
ETH,ET,Ethiopia,ET02,Afar,ET0201,Awsi /Zone 1,2026-07-13,0.0,1-1.5,0.004370268934872001
ETH,ET,Ethiopia,ET02,Afar,ET0204,Fanti /Zone 4,2026-07-13,0.0,1-1.5,0.004370268934872001
ETH,ET,Ethiopia,ET02,Afar,ET0205,Hari /Zone 5,2026-07-13,0.0,1-1.5,0.004370268934872001
ETH,ET,Ethiopia,ET02,Afar,ET0202,Kilbati /Zone2,2026-07-13,0.0,1-1.5,0.004370268934872001
ETH,ET,Ethiopia,ET02,Afar,ET0203,Gabi /Zone 3,2026-07-13,0.0,1-1.5,0.004370268934872001
ETH,ET,Ethiopia,ET03,Amhara,ET0307,West Gojam,2026-07-13,0.0002520164,1-1.5,0.001075169728132314
ETH,ET,Ethiopia,ET03,Amhara,ET0309,Awi,2026-07-13,0.0002520164,1-1.5,0.001075169728132314
ETH,ET,Ethiopia,ET03,Amhara,ET0305,North Shewa (AM),2026-07-13,0.0002520164,1-1.5,0.001075169728132314
ETH,ET,Ethiopia,ET03,Amhara,ET0302,South Gondar,2026-07-13,0.0002520164,1-1.5,0.001075169728132314
ETH,ET,Ethiopia,ET03,Amhara,ET0312,West Gondar,2026-07-13,0.0002520164,1-1.5,0.001075169728132314
ETH,ET,Ethiopia,ET03,Amhara,ET0310,Oromia,2026-07-13,0.0002520164,1-1.5,0.001075169728132314
ETH,ET,Ethiopia,ET03,Amhara,ET0304,South Wello,2026-07-13,0.0002520164,1-1.5,0.001075169728132314
ETH,ET,Ethiopia,ET03,Amhara,ET0301,North Gondar,2026-07-13,0.0002520164,1-1.5,0.001075169728132314
ETH,ET,Ethiopia,ET03,Amhara,ET0311,Central Gondar,2026-07-13,0.0002520164,1-1.5,0.001075169728132314
ETH,ET,Ethiopia,ET03,Amhara,ET0303,North Wello,2026-07-13,0.0002520164,1-1.5,0.001075169728132314
ETH,ET,Ethiopia,ET03,Amhara,ET0308,Wag Hamra,2026-07-13,0.0002520164,1-1.5,0.001075169728132314
ETH,ET,Ethiopia,ET03,Amhara,ET0306,East Gojam,2026-07-13,0.0002520164,1-1.5,0.001075169728132314
ETH,ET,Ethiopia,ET12,Gambela,ET1202,Agnewak,2026-07-13,0.0019772889,1-1.5,0.001791933541558551
ETH,ET,Ethiopia,ET12,Gambela,ET1204,Itang Special woreda,2026-07-13,0.0019772889,1-1.5,0.001791933541558551
ETH,ET,Ethiopia,ET12,Gambela,ET1203,Majang,2026-07-13,0.0019772889,1-1.5,0.001791933541558551
ETH,ET,Ethiopia,ET12,Gambela,ET1201,Nuwer,2026-07-13,0.0019772889,1-1.5,0.001791933541558551
ETH,ET,Ethiopia,ET13,Harari,ET1301,Harari,2026-07-13,0.0,1-1.5,0.0004927272759645844
ETH,ET,Ethiopia,ET14,Addis Ababa,ET1401,Region 14,2026-07-13,0.0,1-1.5,0.0004639204651622012
ETH,ET,Ethiopia,ET11,South West Ethiopia,ET1106,Konta Special,2026-07-13,0.0,1-1.5,1.049295856499942e-05
ETH,ET,Ethiopia,ET11,South West Ethiopia,ET1105,Mirab Omo,2026-07-13,0.0,1-1.5,1.049295856499942e-05
ETH,ET,Ethiopia,ET11,South West Ethiopia,ET1104,Dawuro,2026-07-13,0.0,1-1.5,1.049295856499942e-05
ETH,ET,Ethiopia,ET11,South West Ethiopia,ET1101,Sheka,2026-07-13,0.0,1-1.5,1.049295856499942e-05
ETH,ET,Ethiopia,ET11,South West Ethiopia,ET1103,Bench Sheko,2026-07-13,0.0,1-1.5,1.049295856499942e-05
ETH,ET,Ethiopia,ET11,South West Ethiopia,ET1102,Kefa,2026-07-13,0.0,1-1.5,1.049295856499942e-05
ETH,ET,Ethiopia,ET05,Somali,ET0510,Nogob,2026-07-13,1.9648295e-08,1-1.5,8.7043386253209e-05
ETH,ET,Ethiopia,ET05,Somali,ET0506,Shabelle,2026-07-13,1.9648295e-08,1-1.5,8.7043386253209e-05
ETH,ET,Ethiopia,ET05,Somali,ET0502,Fafan,2026-07-13,1.9648295e-08,1-1.5,8.7043386253209e-05
ETH,ET,Ethiopia,ET05,Somali,ET0503,Jarar,2026-07-13,1.9648295e-08,1-1.5,8.7043386253209e-05
ETH,ET,Ethiopia,ET05,Somali,ET0501,Siti,2026-07-13,1.9648295e-08,1-1.5,8.7043386253209e-05
ETH,ET,Ethiopia,ET05,Somali,ET0508,Afder,2026-07-13,1.9648295e-08,1-1.5,8.7043386253209e-05
ETH,ET,Ethiopia,ET05,Somali,ET0504,Erer,2026-07-13,1.9648295e-08,1-1.5,8.7043386253209e-05
ETH,ET,Ethiopia,ET05,Somali,ET0509,Liban,2026-07-13,1.9648295e-08,1-1.5,8.7043386253209e-05
ETH,ET,Ethiopia,ET05,Somali,ET0507,Doolo,2026-07-13,1.9648295e-08,1-1.5,8.7043386253209e-05
ETH,ET,Ethiopia,ET05,Somali,ET0505,Korahe,2026-07-13,1.9648295e-08,1-1.5,8.7043386253209e-05
ETH,ET,Ethiopia,ET05,Somali,ET0511,Daawa,2026-07-13,1.9648295e-08,1-1.5,8.7043386253209e-05
ETH,ET,Ethiopia,ET16,Sidama,ET1600,Sidama,2026-07-14,0.0,1-1.5,4.650509925299544e-05
ETH,ET,Ethiopia,ET01,Tigray,ET0107,Mekelle,2026-07-14,0.0009555511,1-1.5,0.00084849645442737
ETH,ET,Ethiopia,ET01,Tigray,ET0104,Southern,2026-07-14,0.0009555511,1-1.5,0.00084849645442737
ETH,ET,Ethiopia,ET01,Tigray,ET0101,North Western,2026-07-14,0.0009555511,1-1.5,0.00084849645442737
ETH,ET,Ethiopia,ET01,Tigray,ET0102,Central,2026-07-14,0.0009555511,1-1.5,0.00084849645442737
ETH,ET,Ethiopia,ET01,Tigray,ET0105,Western,2026-07-14,0.0009555511,1-1.5,0.00084849645442737
ETH,ET,Ethiopia,ET01,Tigray,ET0106,South Eastern,2026-07-14,0.0009555511,1-1.5,0.00084849645442737
ETH,ET,Ethiopia,ET01,Tigray,ET0103,Eastern,2026-07-14,0.0009555511,1-1.5,0.00084849645442737
ETH,ET,Ethiopia,ET04,Oromia,ET0404,Jimma,2026-07-14,0.003107954,1-1.5,0.002556536635595628
ETH,ET,Ethiopia,ET04,Oromia,ET0410,East Hararge,2026-07-14,0.003107954,1-1.5,0.002556536635595628
ETH,ET,Ethiopia,ET04,Oromia,ET0409,West Hararge,2026-07-14,0.003107954,1-1.5,0.002556536635595628
ETH,ET,Ethiopia,ET04,Oromia,ET0401,West Wellega,2026-07-14,0.003107954,1-1.5,0.002556536635595628
ETH,ET,Ethiopia,ET04,Oromia,ET0408,Arsi,2026-07-14,0.003107954,1-1.5,0.002556536635595628
ETH,ET,Ethiopia,ET04,Oromia,ET0403,Ilu Aba Bora,2026-07-14,0.003107954,1-1.5,0.002556536635595628
ETH,ET,Ethiopia,ET04,Oromia,ET0407,East Shewa,2026-07-14,0.003107954,1-1.5,0.002556536635595628
ETH,ET,Ethiopia,ET04,Oromia,ET0405,West Shewa,2026-07-14,0.003107954,1-1.5,0.002556536635595628
ETH,ET,Ethiopia,ET04,Oromia,ET0406,North Shewa (OR),2026-07-14,0.003107954,1-1.5,0.002556536635595628
ETH,ET,Ethiopia,ET04,Oromia,ET0402,East Wellega,2026-07-14,0.003107954,1-1.5,0.002556536635595628
ETH,ET,Ethiopia,ET04,Oromia,ET0418,Kelem Wellega,2026-07-14,0.003107954,1-1.5,0.002556536635595628
ETH,ET,Ethiopia,ET04,Oromia,ET0411,Bale,2026-07-14,0.003107954,1-1.5,0.002556536635595628
ETH,ET,Ethiopia,ET04,Oromia,ET0416,Buno Bedele,2026-07-14,0.003107954,1-1.5,0.002556536635595628
ETH,ET,Ethiopia,ET04,Oromia,ET0421,East Bale,2026-07-14,0.003107954,1-1.5,0.002556536635595628
ETH,ET,Ethiopia,ET04,Oromia,ET0412,Borena,2026-07-14,0.003107954,1-1.5,0.002556536635595628
ETH,ET,Ethiopia,ET04,Oromia,ET0419,Horo Gudru Wellega,2026-07-14,0.003107954,1-1.5,0.002556536635595628
ETH,ET,Ethiopia,ET04,Oromia,ET0417,West Arsi,2026-07-14,0.003107954,1-1.5,0.002556536635595628
ETH,ET,Ethiopia,ET04,Oromia,ET0413,South West Shewa,2026-07-14,0.003107954,1-1.5,0.002556536635595628
ETH,ET,Ethiopia,ET04,Oromia,ET0415,West Guji,2026-07-14,0.003107954,1-1.5,0.002556536635595628
ETH,ET,Ethiopia,ET04,Oromia,ET0414,Guji,2026-07-14,0.003107954,1-1.5,0.002556536635595628
ETH,ET,Ethiopia,ET04,Oromia,ET0420,Finfine Special,2026-07-14,0.003107954,1-1.5,0.002556536635595628
ETH,ET,Ethiopia,ET07,SNNP,ET0701,Guraghe,2026-07-14,0.008082218,1-1.5,0.001147041584981294
ETH,ET,Ethiopia,ET07,SNNP,ET0724,Yem Special,2026-07-14,0.008082218,1-1.5,0.001147041584981294
ETH,ET,Ethiopia,ET07,SNNP,ET0721,Amaro,2026-07-14,0.008082218,1-1.5,0.001147041584981294
ETH,ET,Ethiopia,ET07,SNNP,ET0703,Kembata Tembaro,2026-07-14,0.008082218,1-1.5,0.001147041584981294
ETH,ET,Ethiopia,ET07,SNNP,ET0710,Gamo,2026-07-14,0.008082218,1-1.5,0.001147041584981294
ETH,ET,Ethiopia,ET07,SNNP,ET0720,Siltie,2026-07-14,0.008082218,1-1.5,0.001147041584981294
ETH,ET,Ethiopia,ET07,SNNP,ET0715,Gofa,2026-07-14,0.008082218,1-1.5,0.001147041584981294
ETH,ET,Ethiopia,ET07,SNNP,ET0713,Konso,2026-07-14,0.008082218,1-1.5,0.001147041584981294
ETH,ET,Ethiopia,ET07,SNNP,ET0723,Derashe,2026-07-14,0.008082218,1-1.5,0.001147041584981294
ETH,ET,Ethiopia,ET07,SNNP,ET0705,Gedeo,2026-07-14,0.008082218,1-1.5,0.001147041584981294
ETH,ET,Ethiopia,ET07,SNNP,ET0706,Wolayita,2026-07-14,0.008082218,1-1.5,0.001147041584981294
ETH,ET,Ethiopia,ET07,SNNP,ET0714,Halaba,2026-07-14,0.008082218,1-1.5,0.001147041584981294
ETH,ET,Ethiopia,ET07,SNNP,ET0722,Burji,2026-07-14,0.008082218,1-1.5,0.001147041584981294
ETH,ET,Ethiopia,ET07,SNNP,ET0707,South Omo,2026-07-14,0.008082218,1-1.5,0.001147041584981294
ETH,ET,Ethiopia,ET07,SNNP,ET0702,Hadiya,2026-07-14,0.008082218,1-1.5,0.001147041584981294
ETH,ET,Ethiopia,ET07,SNNP,ET0716,Basketo,2026-07-14,0.008082218,1-1.5,0.001147041584981294
ETH,ET,Ethiopia,ET07,SNNP,ET0712,Alle,2026-07-14,0.008082218,1-1.5,0.001147041584981294
ETH,ET,Ethiopia,ET15,Dire Dawa,ET1502,Dire Dawa rural,2026-07-14,0.0,1-1.5,2.07792204905259e-07
ETH,ET,Ethiopia,ET15,Dire Dawa,ET1501,Dire Dawa urban,2026-07-14,0.0,1-1.5,2.07792204905259e-07
ETH,ET,Ethiopia,ET06,Benishangul Gumz,ET0604,Kamashi,2026-07-14,0.019861178,>10,0.006710988232602362
ETH,ET,Ethiopia,ET06,Benishangul Gumz,ET0602,Metekel,2026-07-14,0.019861178,>10,0.006710988232602362
ETH,ET,Ethiopia,ET06,Benishangul Gumz,ET0605,Mao Komo Special,2026-07-14,0.019861178,>10,0.006710988232602362
ETH,ET,Ethiopia,ET06,Benishangul Gumz,ET0603,Assosa,2026-07-14,0.019861178,>10,0.006710988232602362
ETH,ET,Ethiopia,ET02,Afar,ET0201,Awsi /Zone 1,2026-07-14,0.0,1-1.5,0.004464783146448264
ETH,ET,Ethiopia,ET02,Afar,ET0204,Fanti /Zone 4,2026-07-14,0.0,1-1.5,0.004464783146448264
ETH,ET,Ethiopia,ET02,Afar,ET0205,Hari /Zone 5,2026-07-14,0.0,1-1.5,0.004464783146448264
ETH,ET,Ethiopia,ET02,Afar,ET0202,Kilbati /Zone2,2026-07-14,0.0,1-1.5,0.004464783146448264
ETH,ET,Ethiopia,ET02,Afar,ET0203,Gabi /Zone 3,2026-07-14,0.0,1-1.5,0.004464783146448264
ETH,ET,Ethiopia,ET03,Amhara,ET0307,West Gojam,2026-07-14,0.00027237082,1-1.5,0.001098747397794853
ETH,ET,Ethiopia,ET03,Amhara,ET0309,Awi,2026-07-14,0.00027237082,1-1.5,0.001098747397794853
ETH,ET,Ethiopia,ET03,Amhara,ET0305,North Shewa (AM),2026-07-14,0.00027237082,1-1.5,0.001098747397794853
ETH,ET,Ethiopia,ET03,Amhara,ET0302,South Gondar,2026-07-14,0.00027237082,1-1.5,0.001098747397794853
ETH,ET,Ethiopia,ET03,Amhara,ET0312,West Gondar,2026-07-14,0.00027237082,1-1.5,0.001098747397794853
ETH,ET,Ethiopia,ET03,Amhara,ET0310,Oromia,2026-07-14,0.00027237082,1-1.5,0.001098747397794853
ETH,ET,Ethiopia,ET03,Amhara,ET0304,South Wello,2026-07-14,0.00027237082,1-1.5,0.001098747397794853
ETH,ET,Ethiopia,ET03,Amhara,ET0301,North Gondar,2026-07-14,0.00027237082,1-1.5,0.001098747397794853
ETH,ET,Ethiopia,ET03,Amhara,ET0311,Central Gondar,2026-07-14,0.00027237082,1-1.5,0.001098747397794853
ETH,ET,Ethiopia,ET03,Amhara,ET0303,North Wello,2026-07-14,0.00027237082,1-1.5,0.001098747397794853
ETH,ET,Ethiopia,ET03,Amhara,ET0308,Wag Hamra,2026-07-14,0.00027237082,1-1.5,0.001098747397794853
ETH,ET,Ethiopia,ET03,Amhara,ET0306,East Gojam,2026-07-14,0.00027237082,1-1.5,0.001098747397794853
ETH,ET,Ethiopia,ET12,Gambela,ET1202,Agnewak,2026-07-14,0.0033983332,1-1.5,0.001868165215141331
ETH,ET,Ethiopia,ET12,Gambela,ET1204,Itang Special woreda,2026-07-14,0.0033983332,1-1.5,0.001868165215141331
ETH,ET,Ethiopia,ET12,Gambela,ET1203,Majang,2026-07-14,0.0033983332,1-1.5,0.001868165215141331
ETH,ET,Ethiopia,ET12,Gambela,ET1201,Nuwer,2026-07-14,0.0033983332,1-1.5,0.001868165215141331
ETH,ET,Ethiopia,ET13,Harari,ET1301,Harari,2026-07-14,0.0,1-1.5,0.0004927272759645844
ETH,ET,Ethiopia,ET14,Addis Ababa,ET1401,Region 14,2026-07-14,0.0,1-1.5,0.0004671022834951476
ETH,ET,Ethiopia,ET11,South West Ethiopia,ET1106,Konta Special,2026-07-14,6.2794347e-06,1-1.5,8.301137545303886e-06
ETH,ET,Ethiopia,ET11,South West Ethiopia,ET1105,Mirab Omo,2026-07-14,6.2794347e-06,1-1.5,8.301137545303886e-06
ETH,ET,Ethiopia,ET11,South West Ethiopia,ET1104,Dawuro,2026-07-14,6.2794347e-06,1-1.5,8.301137545303886e-06
ETH,ET,Ethiopia,ET11,South West Ethiopia,ET1101,Sheka,2026-07-14,6.2794347e-06,1-1.5,8.301137545303886e-06
ETH,ET,Ethiopia,ET11,South West Ethiopia,ET1103,Bench Sheko,2026-07-14,6.2794347e-06,1-1.5,8.301137545303886e-06
ETH,ET,Ethiopia,ET11,South West Ethiopia,ET1102,Kefa,2026-07-14,6.2794347e-06,1-1.5,8.301137545303886e-06
ETH,ET,Ethiopia,ET05,Somali,ET0510,Nogob,2026-07-14,0.0,1-1.5,9.463254134092415e-05
ETH,ET,Ethiopia,ET05,Somali,ET0506,Shabelle,2026-07-14,0.0,1-1.5,9.463254134092415e-05
ETH,ET,Ethiopia,ET05,Somali,ET0502,Fafan,2026-07-14,0.0,1-1.5,9.463254134092415e-05
ETH,ET,Ethiopia,ET05,Somali,ET0503,Jarar,2026-07-14,0.0,1-1.5,9.463254134092415e-05
ETH,ET,Ethiopia,ET05,Somali,ET0501,Siti,2026-07-14,0.0,1-1.5,9.463254134092415e-05
ETH,ET,Ethiopia,ET05,Somali,ET0508,Afder,2026-07-14,0.0,1-1.5,9.463254134092415e-05
ETH,ET,Ethiopia,ET05,Somali,ET0504,Erer,2026-07-14,0.0,1-1.5,9.463254134092415e-05
ETH,ET,Ethiopia,ET05,Somali,ET0509,Liban,2026-07-14,0.0,1-1.5,9.463254134092415e-05
ETH,ET,Ethiopia,ET05,Somali,ET0507,Doolo,2026-07-14,0.0,1-1.5,9.463254134092415e-05
ETH,ET,Ethiopia,ET05,Somali,ET0505,Korahe,2026-07-14,0.0,1-1.5,9.463254134092415e-05
ETH,ET,Ethiopia,ET05,Somali,ET0511,Daawa,2026-07-14,0.0,1-1.5,9.463254134092415e-05
ETH,ET,Ethiopia,ET16,Sidama,ET1600,Sidama,2026-07-15,0.0,1-1.5,4.652147926911064e-05
ETH,ET,Ethiopia,ET01,Tigray,ET0107,Mekelle,2026-07-15,2.0554126e-06,1-1.5,0.0008475051836091491
ETH,ET,Ethiopia,ET01,Tigray,ET0104,Southern,2026-07-15,2.0554126e-06,1-1.5,0.0008475051836091491
ETH,ET,Ethiopia,ET01,Tigray,ET0101,North Western,2026-07-15,2.0554126e-06,1-1.5,0.0008475051836091491
ETH,ET,Ethiopia,ET01,Tigray,ET0102,Central,2026-07-15,2.0554126e-06,1-1.5,0.0008475051836091491
ETH,ET,Ethiopia,ET01,Tigray,ET0105,Western,2026-07-15,2.0554126e-06,1-1.5,0.0008475051836091491
ETH,ET,Ethiopia,ET01,Tigray,ET0106,South Eastern,2026-07-15,2.0554126e-06,1-1.5,0.0008475051836091491
ETH,ET,Ethiopia,ET01,Tigray,ET0103,Eastern,2026-07-15,2.0554126e-06,1-1.5,0.0008475051836091491
ETH,ET,Ethiopia,ET04,Oromia,ET0404,Jimma,2026-07-15,0.003248802,1-1.5,0.002543810876192186
ETH,ET,Ethiopia,ET04,Oromia,ET0410,East Hararge,2026-07-15,0.003248802,1-1.5,0.002543810876192186
ETH,ET,Ethiopia,ET04,Oromia,ET0409,West Hararge,2026-07-15,0.003248802,1-1.5,0.002543810876192186
ETH,ET,Ethiopia,ET04,Oromia,ET0401,West Wellega,2026-07-15,0.003248802,1-1.5,0.002543810876192186
ETH,ET,Ethiopia,ET04,Oromia,ET0408,Arsi,2026-07-15,0.003248802,1-1.5,0.002543810876192186
ETH,ET,Ethiopia,ET04,Oromia,ET0403,Ilu Aba Bora,2026-07-15,0.003248802,1-1.5,0.002543810876192186
ETH,ET,Ethiopia,ET04,Oromia,ET0407,East Shewa,2026-07-15,0.003248802,1-1.5,0.002543810876192186
ETH,ET,Ethiopia,ET04,Oromia,ET0405,West Shewa,2026-07-15,0.003248802,1-1.5,0.002543810876192186
ETH,ET,Ethiopia,ET04,Oromia,ET0406,North Shewa (OR),2026-07-15,0.003248802,1-1.5,0.002543810876192186
ETH,ET,Ethiopia,ET04,Oromia,ET0402,East Wellega,2026-07-15,0.003248802,1-1.5,0.002543810876192186
ETH,ET,Ethiopia,ET04,Oromia,ET0418,Kelem Wellega,2026-07-15,0.003248802,1-1.5,0.002543810876192186
ETH,ET,Ethiopia,ET04,Oromia,ET0411,Bale,2026-07-15,0.003248802,1-1.5,0.002543810876192186
ETH,ET,Ethiopia,ET04,Oromia,ET0416,Buno Bedele,2026-07-15,0.003248802,1-1.5,0.002543810876192186
ETH,ET,Ethiopia,ET04,Oromia,ET0421,East Bale,2026-07-15,0.003248802,1-1.5,0.002543810876192186
ETH,ET,Ethiopia,ET04,Oromia,ET0412,Borena,2026-07-15,0.003248802,1-1.5,0.002543810876192186
ETH,ET,Ethiopia,ET04,Oromia,ET0419,Horo Gudru Wellega,2026-07-15,0.003248802,1-1.5,0.002543810876192186
ETH,ET,Ethiopia,ET04,Oromia,ET0417,West Arsi,2026-07-15,0.003248802,1-1.5,0.002543810876192186
ETH,ET,Ethiopia,ET04,Oromia,ET0413,South West Shewa,2026-07-15,0.003248802,1-1.5,0.002543810876192186
ETH,ET,Ethiopia,ET04,Oromia,ET0415,West Guji,2026-07-15,0.003248802,1-1.5,0.002543810876192186
ETH,ET,Ethiopia,ET04,Oromia,ET0414,Guji,2026-07-15,0.003248802,1-1.5,0.002543810876192186
ETH,ET,Ethiopia,ET04,Oromia,ET0420,Finfine Special,2026-07-15,0.003248802,1-1.5,0.002543810876192186
ETH,ET,Ethiopia,ET07,SNNP,ET0701,Guraghe,2026-07-15,0.008032074,1-1.5,0.001161562148695339
ETH,ET,Ethiopia,ET07,SNNP,ET0724,Yem Special,2026-07-15,0.008032074,1-1.5,0.001161562148695339
ETH,ET,Ethiopia,ET07,SNNP,ET0721,Amaro,2026-07-15,0.008032074,1-1.5,0.001161562148695339
ETH,ET,Ethiopia,ET07,SNNP,ET0703,Kembata Tembaro,2026-07-15,0.008032074,1-1.5,0.001161562148695339
ETH,ET,Ethiopia,ET07,SNNP,ET0710,Gamo,2026-07-15,0.008032074,1-1.5,0.001161562148695339
ETH,ET,Ethiopia,ET07,SNNP,ET0720,Siltie,2026-07-15,0.008032074,1-1.5,0.001161562148695339
ETH,ET,Ethiopia,ET07,SNNP,ET0715,Gofa,2026-07-15,0.008032074,1-1.5,0.001161562148695339
ETH,ET,Ethiopia,ET07,SNNP,ET0713,Konso,2026-07-15,0.008032074,1-1.5,0.001161562148695339
ETH,ET,Ethiopia,ET07,SNNP,ET0723,Derashe,2026-07-15,0.008032074,1-1.5,0.001161562148695339
ETH,ET,Ethiopia,ET07,SNNP,ET0705,Gedeo,2026-07-15,0.008032074,1-1.5,0.001161562148695339
ETH,ET,Ethiopia,ET07,SNNP,ET0706,Wolayita,2026-07-15,0.008032074,1-1.5,0.001161562148695339
ETH,ET,Ethiopia,ET07,SNNP,ET0714,Halaba,2026-07-15,0.008032074,1-1.5,0.001161562148695339
ETH,ET,Ethiopia,ET07,SNNP,ET0722,Burji,2026-07-15,0.008032074,1-1.5,0.001161562148695339
ETH,ET,Ethiopia,ET07,SNNP,ET0707,South Omo,2026-07-15,0.008032074,1-1.5,0.001161562148695339
ETH,ET,Ethiopia,ET07,SNNP,ET0702,Hadiya,2026-07-15,0.008032074,1-1.5,0.001161562148695339
ETH,ET,Ethiopia,ET07,SNNP,ET0716,Basketo,2026-07-15,0.008032074,1-1.5,0.001161562148695339
ETH,ET,Ethiopia,ET07,SNNP,ET0712,Alle,2026-07-15,0.008032074,1-1.5,0.001161562148695339
ETH,ET,Ethiopia,ET15,Dire Dawa,ET1502,Dire Dawa rural,2026-07-15,0.0,1-1.5,4.15584409810518e-07
ETH,ET,Ethiopia,ET15,Dire Dawa,ET1501,Dire Dawa urban,2026-07-15,0.0,1-1.5,4.15584409810518e-07
ETH,ET,Ethiopia,ET06,Benishangul Gumz,ET0604,Kamashi,2026-07-15,0.021613654,>10,0.006774418643561572
ETH,ET,Ethiopia,ET06,Benishangul Gumz,ET0602,Metekel,2026-07-15,0.021613654,>10,0.006774418643561572
ETH,ET,Ethiopia,ET06,Benishangul Gumz,ET0605,Mao Komo Special,2026-07-15,0.021613654,>10,0.006774418643561572
ETH,ET,Ethiopia,ET06,Benishangul Gumz,ET0603,Assosa,2026-07-15,0.021613654,>10,0.006774418643561572
ETH,ET,Ethiopia,ET02,Afar,ET0201,Awsi /Zone 1,2026-07-15,0.0,1-1.5,0.004499566726934229
ETH,ET,Ethiopia,ET02,Afar,ET0204,Fanti /Zone 4,2026-07-15,0.0,1-1.5,0.004499566726934229
ETH,ET,Ethiopia,ET02,Afar,ET0205,Hari /Zone 5,2026-07-15,0.0,1-1.5,0.004499566726934229
ETH,ET,Ethiopia,ET02,Afar,ET0202,Kilbati /Zone2,2026-07-15,0.0,1-1.5,0.004499566726934229
ETH,ET,Ethiopia,ET02,Afar,ET0203,Gabi /Zone 3,2026-07-15,0.0,1-1.5,0.004499566726934229
ETH,ET,Ethiopia,ET03,Amhara,ET0307,West Gojam,2026-07-15,2.2728158e-05,1-1.5,0.001084956847199046
ETH,ET,Ethiopia,ET03,Amhara,ET0309,Awi,2026-07-15,2.2728158e-05,1-1.5,0.001084956847199046
ETH,ET,Ethiopia,ET03,Amhara,ET0305,North Shewa (AM),2026-07-15,2.2728158e-05,1-1.5,0.001084956847199046
ETH,ET,Ethiopia,ET03,Amhara,ET0302,South Gondar,2026-07-15,2.2728158e-05,1-1.5,0.001084956847199046
ETH,ET,Ethiopia,ET03,Amhara,ET0312,West Gondar,2026-07-15,2.2728158e-05,1-1.5,0.001084956847199046
ETH,ET,Ethiopia,ET03,Amhara,ET0310,Oromia,2026-07-15,2.2728158e-05,1-1.5,0.001084956847199046
ETH,ET,Ethiopia,ET03,Amhara,ET0304,South Wello,2026-07-15,2.2728158e-05,1-1.5,0.001084956847199046
ETH,ET,Ethiopia,ET03,Amhara,ET0301,North Gondar,2026-07-15,2.2728158e-05,1-1.5,0.001084956847199046
ETH,ET,Ethiopia,ET03,Amhara,ET0311,Central Gondar,2026-07-15,2.2728158e-05,1-1.5,0.001084956847199046
ETH,ET,Ethiopia,ET03,Amhara,ET0303,North Wello,2026-07-15,2.2728158e-05,1-1.5,0.001084956847199046
ETH,ET,Ethiopia,ET03,Amhara,ET0308,Wag Hamra,2026-07-15,2.2728158e-05,1-1.5,0.001084956847199046
ETH,ET,Ethiopia,ET03,Amhara,ET0306,East Gojam,2026-07-15,2.2728158e-05,1-1.5,0.001084956847199046
ETH,ET,Ethiopia,ET12,Gambela,ET1202,Agnewak,2026-07-15,0.003330523,1-1.5,0.001931638246903524
ETH,ET,Ethiopia,ET12,Gambela,ET1204,Itang Special woreda,2026-07-15,0.003330523,1-1.5,0.001931638246903524
ETH,ET,Ethiopia,ET12,Gambela,ET1203,Majang,2026-07-15,0.003330523,1-1.5,0.001931638246903524
ETH,ET,Ethiopia,ET12,Gambela,ET1201,Nuwer,2026-07-15,0.003330523,1-1.5,0.001931638246903524
ETH,ET,Ethiopia,ET13,Harari,ET1301,Harari,2026-07-15,0.0,1-1.5,0.0003806818212565717
ETH,ET,Ethiopia,ET14,Addis Ababa,ET1401,Region 14,2026-07-15,0.0,1-1.5,2.181818264778651e-05
ETH,ET,Ethiopia,ET11,South West Ethiopia,ET1106,Konta Special,2026-07-15,6.9073785e-06,1-1.5,8.24772576518998e-06
ETH,ET,Ethiopia,ET11,South West Ethiopia,ET1105,Mirab Omo,2026-07-15,6.9073785e-06,1-1.5,8.24772576518998e-06
ETH,ET,Ethiopia,ET11,South West Ethiopia,ET1104,Dawuro,2026-07-15,6.9073785e-06,1-1.5,8.24772576518998e-06
ETH,ET,Ethiopia,ET11,South West Ethiopia,ET1101,Sheka,2026-07-15,6.9073785e-06,1-1.5,8.24772576518998e-06
ETH,ET,Ethiopia,ET11,South West Ethiopia,ET1103,Bench Sheko,2026-07-15,6.9073785e-06,1-1.5,8.24772576518998e-06
ETH,ET,Ethiopia,ET11,South West Ethiopia,ET1102,Kefa,2026-07-15,6.9073785e-06,1-1.5,8.24772576518998e-06
ETH,ET,Ethiopia,ET05,Somali,ET0510,Nogob,2026-07-15,0.0,1-1.5,9.041838599988981e-05
ETH,ET,Ethiopia,ET05,Somali,ET0506,Shabelle,2026-07-15,0.0,1-1.5,9.041838599988981e-05
ETH,ET,Ethiopia,ET05,Somali,ET0502,Fafan,2026-07-15,0.0,1-1.5,9.041838599988981e-05
ETH,ET,Ethiopia,ET05,Somali,ET0503,Jarar,2026-07-15,0.0,1-1.5,9.041838599988981e-05
ETH,ET,Ethiopia,ET05,Somali,ET0501,Siti,2026-07-15,0.0,1-1.5,9.041838599988981e-05
ETH,ET,Ethiopia,ET05,Somali,ET0508,Afder,2026-07-15,0.0,1-1.5,9.041838599988981e-05
ETH,ET,Ethiopia,ET05,Somali,ET0504,Erer,2026-07-15,0.0,1-1.5,9.041838599988981e-05
ETH,ET,Ethiopia,ET05,Somali,ET0509,Liban,2026-07-15,0.0,1-1.5,9.041838599988981e-05
ETH,ET,Ethiopia,ET05,Somali,ET0507,Doolo,2026-07-15,0.0,1-1.5,9.041838599988981e-05
ETH,ET,Ethiopia,ET05,Somali,ET0505,Korahe,2026-07-15,0.0,1-1.5,9.041838599988981e-05
ETH,ET,Ethiopia,ET05,Somali,ET0511,Daawa,2026-07-15,0.0,1-1.5,9.041838599988981e-05
ETH,ET,Ethiopia,ET16,Sidama,ET1600,Sidama,2026-07-16,0.0,1-1.5,4.650509925299544e-05
ETH,ET,Ethiopia,ET01,Tigray,ET0107,Mekelle,2026-07-16,0.0,1-1.5,0.0008506725229388869
ETH,ET,Ethiopia,ET01,Tigray,ET0104,Southern,2026-07-16,0.0,1-1.5,0.0008506725229388869
ETH,ET,Ethiopia,ET01,Tigray,ET0101,North Western,2026-07-16,0.0,1-1.5,0.0008506725229388869
ETH,ET,Ethiopia,ET01,Tigray,ET0102,Central,2026-07-16,0.0,1-1.5,0.0008506725229388869
ETH,ET,Ethiopia,ET01,Tigray,ET0105,Western,2026-07-16,0.0,1-1.5,0.0008506725229388869
ETH,ET,Ethiopia,ET01,Tigray,ET0106,South Eastern,2026-07-16,0.0,1-1.5,0.0008506725229388869
ETH,ET,Ethiopia,ET01,Tigray,ET0103,Eastern,2026-07-16,0.0,1-1.5,0.0008506725229388869
ETH,ET,Ethiopia,ET04,Oromia,ET0404,Jimma,2026-07-16,0.003303771,1-1.5,0.002487833732844923
ETH,ET,Ethiopia,ET04,Oromia,ET0410,East Hararge,2026-07-16,0.003303771,1-1.5,0.002487833732844923
ETH,ET,Ethiopia,ET04,Oromia,ET0409,West Hararge,2026-07-16,0.003303771,1-1.5,0.002487833732844923
ETH,ET,Ethiopia,ET04,Oromia,ET0401,West Wellega,2026-07-16,0.003303771,1-1.5,0.002487833732844923
ETH,ET,Ethiopia,ET04,Oromia,ET0408,Arsi,2026-07-16,0.003303771,1-1.5,0.002487833732844923
ETH,ET,Ethiopia,ET04,Oromia,ET0403,Ilu Aba Bora,2026-07-16,0.003303771,1-1.5,0.002487833732844923
ETH,ET,Ethiopia,ET04,Oromia,ET0407,East Shewa,2026-07-16,0.003303771,1-1.5,0.002487833732844923
ETH,ET,Ethiopia,ET04,Oromia,ET0405,West Shewa,2026-07-16,0.003303771,1-1.5,0.002487833732844923
ETH,ET,Ethiopia,ET04,Oromia,ET0406,North Shewa (OR),2026-07-16,0.003303771,1-1.5,0.002487833732844923
ETH,ET,Ethiopia,ET04,Oromia,ET0402,East Wellega,2026-07-16,0.003303771,1-1.5,0.002487833732844923
ETH,ET,Ethiopia,ET04,Oromia,ET0418,Kelem Wellega,2026-07-16,0.003303771,1-1.5,0.002487833732844923
ETH,ET,Ethiopia,ET04,Oromia,ET0411,Bale,2026-07-16,0.003303771,1-1.5,0.002487833732844923
ETH,ET,Ethiopia,ET04,Oromia,ET0416,Buno Bedele,2026-07-16,0.003303771,1-1.5,0.002487833732844923
ETH,ET,Ethiopia,ET04,Oromia,ET0421,East Bale,2026-07-16,0.003303771,1-1.5,0.002487833732844923
ETH,ET,Ethiopia,ET04,Oromia,ET0412,Borena,2026-07-16,0.003303771,1-1.5,0.002487833732844923
ETH,ET,Ethiopia,ET04,Oromia,ET0419,Horo Gudru Wellega,2026-07-16,0.003303771,1-1.5,0.002487833732844923
ETH,ET,Ethiopia,ET04,Oromia,ET0417,West Arsi,2026-07-16,0.003303771,1-1.5,0.002487833732844923
ETH,ET,Ethiopia,ET04,Oromia,ET0413,South West Shewa,2026-07-16,0.003303771,1-1.5,0.002487833732844923
ETH,ET,Ethiopia,ET04,Oromia,ET0415,West Guji,2026-07-16,0.003303771,1-1.5,0.002487833732844923
ETH,ET,Ethiopia,ET04,Oromia,ET0414,Guji,2026-07-16,0.003303771,1-1.5,0.002487833732844923
ETH,ET,Ethiopia,ET04,Oromia,ET0420,Finfine Special,2026-07-16,0.003303771,1-1.5,0.002487833732844923
ETH,ET,Ethiopia,ET07,SNNP,ET0701,Guraghe,2026-07-16,0.009596691,1-1.5,0.001171402061153127
ETH,ET,Ethiopia,ET07,SNNP,ET0724,Yem Special,2026-07-16,0.009596691,1-1.5,0.001171402061153127
ETH,ET,Ethiopia,ET07,SNNP,ET0721,Amaro,2026-07-16,0.009596691,1-1.5,0.001171402061153127
ETH,ET,Ethiopia,ET07,SNNP,ET0703,Kembata Tembaro,2026-07-16,0.009596691,1-1.5,0.001171402061153127
ETH,ET,Ethiopia,ET07,SNNP,ET0710,Gamo,2026-07-16,0.009596691,1-1.5,0.001171402061153127
ETH,ET,Ethiopia,ET07,SNNP,ET0720,Siltie,2026-07-16,0.009596691,1-1.5,0.001171402061153127
ETH,ET,Ethiopia,ET07,SNNP,ET0715,Gofa,2026-07-16,0.009596691,1-1.5,0.001171402061153127
ETH,ET,Ethiopia,ET07,SNNP,ET0713,Konso,2026-07-16,0.009596691,1-1.5,0.001171402061153127
ETH,ET,Ethiopia,ET07,SNNP,ET0723,Derashe,2026-07-16,0.009596691,1-1.5,0.001171402061153127
ETH,ET,Ethiopia,ET07,SNNP,ET0705,Gedeo,2026-07-16,0.009596691,1-1.5,0.001171402061153127
ETH,ET,Ethiopia,ET07,SNNP,ET0706,Wolayita,2026-07-16,0.009596691,1-1.5,0.001171402061153127
ETH,ET,Ethiopia,ET07,SNNP,ET0714,Halaba,2026-07-16,0.009596691,1-1.5,0.001171402061153127
ETH,ET,Ethiopia,ET07,SNNP,ET0722,Burji,2026-07-16,0.009596691,1-1.5,0.001171402061153127
ETH,ET,Ethiopia,ET07,SNNP,ET0707,South Omo,2026-07-16,0.009596691,1-1.5,0.001171402061153127
ETH,ET,Ethiopia,ET07,SNNP,ET0702,Hadiya,2026-07-16,0.009596691,1-1.5,0.001171402061153127
ETH,ET,Ethiopia,ET07,SNNP,ET0716,Basketo,2026-07-16,0.009596691,1-1.5,0.001171402061153127
ETH,ET,Ethiopia,ET07,SNNP,ET0712,Alle,2026-07-16,0.009596691,1-1.5,0.001171402061153127
ETH,ET,Ethiopia,ET15,Dire Dawa,ET1502,Dire Dawa rural,2026-07-16,0.0,1-1.5,5.194805122631475e-07
ETH,ET,Ethiopia,ET15,Dire Dawa,ET1501,Dire Dawa urban,2026-07-16,0.0,1-1.5,5.194805122631475e-07
ETH,ET,Ethiopia,ET06,Benishangul Gumz,ET0604,Kamashi,2026-07-16,0.021572832,>10,0.006842227528674078
ETH,ET,Ethiopia,ET06,Benishangul Gumz,ET0602,Metekel,2026-07-16,0.021572832,>10,0.006842227528674078
ETH,ET,Ethiopia,ET06,Benishangul Gumz,ET0605,Mao Komo Special,2026-07-16,0.021572832,>10,0.006842227528674078
ETH,ET,Ethiopia,ET06,Benishangul Gumz,ET0603,Assosa,2026-07-16,0.021572832,>10,0.006842227528674078
ETH,ET,Ethiopia,ET02,Afar,ET0201,Awsi /Zone 1,2026-07-16,0.0,1-1.5,0.004476190868974134
ETH,ET,Ethiopia,ET02,Afar,ET0204,Fanti /Zone 4,2026-07-16,0.0,1-1.5,0.004476190868974134
ETH,ET,Ethiopia,ET02,Afar,ET0205,Hari /Zone 5,2026-07-16,0.0,1-1.5,0.004476190868974134
ETH,ET,Ethiopia,ET02,Afar,ET0202,Kilbati /Zone2,2026-07-16,0.0,1-1.5,0.004476190868974134
ETH,ET,Ethiopia,ET02,Afar,ET0203,Gabi /Zone 3,2026-07-16,0.0,1-1.5,0.004476190868974134
ETH,ET,Ethiopia,ET03,Amhara,ET0307,West Gojam,2026-07-16,0.00014686993,1-1.5,0.001019578043965972
ETH,ET,Ethiopia,ET03,Amhara,ET0309,Awi,2026-07-16,0.00014686993,1-1.5,0.001019578043965972
ETH,ET,Ethiopia,ET03,Amhara,ET0305,North Shewa (AM),2026-07-16,0.00014686993,1-1.5,0.001019578043965972
ETH,ET,Ethiopia,ET03,Amhara,ET0302,South Gondar,2026-07-16,0.00014686993,1-1.5,0.001019578043965972
ETH,ET,Ethiopia,ET03,Amhara,ET0312,West Gondar,2026-07-16,0.00014686993,1-1.5,0.001019578043965972
ETH,ET,Ethiopia,ET03,Amhara,ET0310,Oromia,2026-07-16,0.00014686993,1-1.5,0.001019578043965972
ETH,ET,Ethiopia,ET03,Amhara,ET0304,South Wello,2026-07-16,0.00014686993,1-1.5,0.001019578043965972
ETH,ET,Ethiopia,ET03,Amhara,ET0301,North Gondar,2026-07-16,0.00014686993,1-1.5,0.001019578043965972
ETH,ET,Ethiopia,ET03,Amhara,ET0311,Central Gondar,2026-07-16,0.00014686993,1-1.5,0.001019578043965972
ETH,ET,Ethiopia,ET03,Amhara,ET0303,North Wello,2026-07-16,0.00014686993,1-1.5,0.001019578043965972
ETH,ET,Ethiopia,ET03,Amhara,ET0308,Wag Hamra,2026-07-16,0.00014686993,1-1.5,0.001019578043965972
ETH,ET,Ethiopia,ET03,Amhara,ET0306,East Gojam,2026-07-16,0.00014686993,1-1.5,0.001019578043965972
ETH,ET,Ethiopia,ET12,Gambela,ET1202,Agnewak,2026-07-16,0.0033325905,1-1.5,0.001982753871065639
ETH,ET,Ethiopia,ET12,Gambela,ET1204,Itang Special woreda,2026-07-16,0.0033325905,1-1.5,0.001982753871065639
ETH,ET,Ethiopia,ET12,Gambela,ET1203,Majang,2026-07-16,0.0033325905,1-1.5,0.001982753871065639
ETH,ET,Ethiopia,ET12,Gambela,ET1201,Nuwer,2026-07-16,0.0033325905,1-1.5,0.001982753871065639
ETH,ET,Ethiopia,ET13,Harari,ET1301,Harari,2026-07-16,0.0,1-1.5,0.0003807575788331716
ETH,ET,Ethiopia,ET14,Addis Ababa,ET1401,Region 14,2026-07-16,0.0,1-1.5,2.238636466245225e-05
ETH,ET,Ethiopia,ET11,South West Ethiopia,ET1106,Konta Special,2026-07-16,6.436421e-06,1-1.5,7.649033023100897e-06
ETH,ET,Ethiopia,ET11,South West Ethiopia,ET1105,Mirab Omo,2026-07-16,6.436421e-06,1-1.5,7.649033023100897e-06
ETH,ET,Ethiopia,ET11,South West Ethiopia,ET1104,Dawuro,2026-07-16,6.436421e-06,1-1.5,7.649033023100897e-06
ETH,ET,Ethiopia,ET11,South West Ethiopia,ET1101,Sheka,2026-07-16,6.436421e-06,1-1.5,7.649033023100897e-06
ETH,ET,Ethiopia,ET11,South West Ethiopia,ET1103,Bench Sheko,2026-07-16,6.436421e-06,1-1.5,7.649033023100897e-06
ETH,ET,Ethiopia,ET11,South West Ethiopia,ET1102,Kefa,2026-07-16,6.436421e-06,1-1.5,7.649033023100897e-06
ETH,ET,Ethiopia,ET05,Somali,ET0510,Nogob,2026-07-16,0.0,1-1.5,8.304795330750538e-05
ETH,ET,Ethiopia,ET05,Somali,ET0506,Shabelle,2026-07-16,0.0,1-1.5,8.304795330750538e-05
ETH,ET,Ethiopia,ET05,Somali,ET0502,Fafan,2026-07-16,0.0,1-1.5,8.304795330750538e-05
ETH,ET,Ethiopia,ET05,Somali,ET0503,Jarar,2026-07-16,0.0,1-1.5,8.304795330750538e-05
ETH,ET,Ethiopia,ET05,Somali,ET0501,Siti,2026-07-16,0.0,1-1.5,8.304795330750538e-05
ETH,ET,Ethiopia,ET05,Somali,ET0508,Afder,2026-07-16,0.0,1-1.5,8.304795330750538e-05
ETH,ET,Ethiopia,ET05,Somali,ET0504,Erer,2026-07-16,0.0,1-1.5,8.304795330750538e-05
ETH,ET,Ethiopia,ET05,Somali,ET0509,Liban,2026-07-16,0.0,1-1.5,8.304795330750538e-05
ETH,ET,Ethiopia,ET05,Somali,ET0507,Doolo,2026-07-16,0.0,1-1.5,8.304795330750538e-05
ETH,ET,Ethiopia,ET05,Somali,ET0505,Korahe,2026-07-16,0.0,1-1.5,8.304795330750538e-05
ETH,ET,Ethiopia,ET05,Somali,ET0511,Daawa,2026-07-16,0.0,1-1.5,8.304795330750538e-05
ETH,ET,Ethiopia,ET16,Sidama,ET1600,Sidama,2026-07-17,7.657658e-06,1-1.5,4.653376428326407e-05
ETH,ET,Ethiopia,ET01,Tigray,ET0107,Mekelle,2026-07-17,0.0,1-1.5,0.0007845601077739482
ETH,ET,Ethiopia,ET01,Tigray,ET0104,Southern,2026-07-17,0.0,1-1.5,0.0007845601077739482
ETH,ET,Ethiopia,ET01,Tigray,ET0101,North Western,2026-07-17,0.0,1-1.5,0.0007845601077739482
ETH,ET,Ethiopia,ET01,Tigray,ET0102,Central,2026-07-17,0.0,1-1.5,0.0007845601077739482
ETH,ET,Ethiopia,ET01,Tigray,ET0105,Western,2026-07-17,0.0,1-1.5,0.0007845601077739482
ETH,ET,Ethiopia,ET01,Tigray,ET0106,South Eastern,2026-07-17,0.0,1-1.5,0.0007845601077739482
ETH,ET,Ethiopia,ET01,Tigray,ET0103,Eastern,2026-07-17,0.0,1-1.5,0.0007845601077739482
ETH,ET,Ethiopia,ET04,Oromia,ET0404,Jimma,2026-07-17,0.0032060612,1-1.5,0.002441135416632857
ETH,ET,Ethiopia,ET04,Oromia,ET0410,East Hararge,2026-07-17,0.0032060612,1-1.5,0.002441135416632857
ETH,ET,Ethiopia,ET04,Oromia,ET0409,West Hararge,2026-07-17,0.0032060612,1-1.5,0.002441135416632857
ETH,ET,Ethiopia,ET04,Oromia,ET0401,West Wellega,2026-07-17,0.0032060612,1-1.5,0.002441135416632857
ETH,ET,Ethiopia,ET04,Oromia,ET0408,Arsi,2026-07-17,0.0032060612,1-1.5,0.002441135416632857
ETH,ET,Ethiopia,ET04,Oromia,ET0403,Ilu Aba Bora,2026-07-17,0.0032060612,1-1.5,0.002441135416632857
ETH,ET,Ethiopia,ET04,Oromia,ET0407,East Shewa,2026-07-17,0.0032060612,1-1.5,0.002441135416632857
ETH,ET,Ethiopia,ET04,Oromia,ET0405,West Shewa,2026-07-17,0.0032060612,1-1.5,0.002441135416632857
ETH,ET,Ethiopia,ET04,Oromia,ET0406,North Shewa (OR),2026-07-17,0.0032060612,1-1.5,0.002441135416632857
ETH,ET,Ethiopia,ET04,Oromia,ET0402,East Wellega,2026-07-17,0.0032060612,1-1.5,0.002441135416632857
ETH,ET,Ethiopia,ET04,Oromia,ET0418,Kelem Wellega,2026-07-17,0.0032060612,1-1.5,0.002441135416632857
ETH,ET,Ethiopia,ET04,Oromia,ET0411,Bale,2026-07-17,0.0032060612,1-1.5,0.002441135416632857
ETH,ET,Ethiopia,ET04,Oromia,ET0416,Buno Bedele,2026-07-17,0.0032060612,1-1.5,0.002441135416632857
ETH,ET,Ethiopia,ET04,Oromia,ET0421,East Bale,2026-07-17,0.0032060612,1-1.5,0.002441135416632857
ETH,ET,Ethiopia,ET04,Oromia,ET0412,Borena,2026-07-17,0.0032060612,1-1.5,0.002441135416632857
ETH,ET,Ethiopia,ET04,Oromia,ET0419,Horo Gudru Wellega,2026-07-17,0.0032060612,1-1.5,0.002441135416632857
ETH,ET,Ethiopia,ET04,Oromia,ET0417,West Arsi,2026-07-17,0.0032060612,1-1.5,0.002441135416632857
ETH,ET,Ethiopia,ET04,Oromia,ET0413,South West Shewa,2026-07-17,0.0032060612,1-1.5,0.002441135416632857
ETH,ET,Ethiopia,ET04,Oromia,ET0415,West Guji,2026-07-17,0.0032060612,1-1.5,0.002441135416632857
ETH,ET,Ethiopia,ET04,Oromia,ET0414,Guji,2026-07-17,0.0032060612,1-1.5,0.002441135416632857
ETH,ET,Ethiopia,ET04,Oromia,ET0420,Finfine Special,2026-07-17,0.0032060612,1-1.5,0.002441135416632857
ETH,ET,Ethiopia,ET07,SNNP,ET0701,Guraghe,2026-07-17,0.009254848,1-1.5,0.001176046364428823
ETH,ET,Ethiopia,ET07,SNNP,ET0724,Yem Special,2026-07-17,0.009254848,1-1.5,0.001176046364428823
ETH,ET,Ethiopia,ET07,SNNP,ET0721,Amaro,2026-07-17,0.009254848,1-1.5,0.001176046364428823
ETH,ET,Ethiopia,ET07,SNNP,ET0703,Kembata Tembaro,2026-07-17,0.009254848,1-1.5,0.001176046364428823
ETH,ET,Ethiopia,ET07,SNNP,ET0710,Gamo,2026-07-17,0.009254848,1-1.5,0.001176046364428823
ETH,ET,Ethiopia,ET07,SNNP,ET0720,Siltie,2026-07-17,0.009254848,1-1.5,0.001176046364428823
ETH,ET,Ethiopia,ET07,SNNP,ET0715,Gofa,2026-07-17,0.009254848,1-1.5,0.001176046364428823
ETH,ET,Ethiopia,ET07,SNNP,ET0713,Konso,2026-07-17,0.009254848,1-1.5,0.001176046364428823
ETH,ET,Ethiopia,ET07,SNNP,ET0723,Derashe,2026-07-17,0.009254848,1-1.5,0.001176046364428823
ETH,ET,Ethiopia,ET07,SNNP,ET0705,Gedeo,2026-07-17,0.009254848,1-1.5,0.001176046364428823
ETH,ET,Ethiopia,ET07,SNNP,ET0706,Wolayita,2026-07-17,0.009254848,1-1.5,0.001176046364428823
ETH,ET,Ethiopia,ET07,SNNP,ET0714,Halaba,2026-07-17,0.009254848,1-1.5,0.001176046364428823
ETH,ET,Ethiopia,ET07,SNNP,ET0722,Burji,2026-07-17,0.009254848,1-1.5,0.001176046364428823
ETH,ET,Ethiopia,ET07,SNNP,ET0707,South Omo,2026-07-17,0.009254848,1-1.5,0.001176046364428823
ETH,ET,Ethiopia,ET07,SNNP,ET0702,Hadiya,2026-07-17,0.009254848,1-1.5,0.001176046364428823
ETH,ET,Ethiopia,ET07,SNNP,ET0716,Basketo,2026-07-17,0.009254848,1-1.5,0.001176046364428823
ETH,ET,Ethiopia,ET07,SNNP,ET0712,Alle,2026-07-17,0.009254848,1-1.5,0.001176046364428823
ETH,ET,Ethiopia,ET15,Dire Dawa,ET1502,Dire Dawa rural,2026-07-17,0.0,1-1.5,5.194805122631475e-07
ETH,ET,Ethiopia,ET15,Dire Dawa,ET1501,Dire Dawa urban,2026-07-17,0.0,1-1.5,5.194805122631475e-07
ETH,ET,Ethiopia,ET06,Benishangul Gumz,ET0604,Kamashi,2026-07-17,0.021029532,>10,0.006899594139896562
ETH,ET,Ethiopia,ET06,Benishangul Gumz,ET0602,Metekel,2026-07-17,0.021029532,>10,0.006899594139896562
ETH,ET,Ethiopia,ET06,Benishangul Gumz,ET0605,Mao Komo Special,2026-07-17,0.021029532,>10,0.006899594139896562
ETH,ET,Ethiopia,ET06,Benishangul Gumz,ET0603,Assosa,2026-07-17,0.021029532,>10,0.006899594139896562
ETH,ET,Ethiopia,ET02,Afar,ET0201,Awsi /Zone 1,2026-07-17,0.0,1-1.5,0.004408797570332271
ETH,ET,Ethiopia,ET02,Afar,ET0204,Fanti /Zone 4,2026-07-17,0.0,1-1.5,0.004408797570332271
ETH,ET,Ethiopia,ET02,Afar,ET0205,Hari /Zone 5,2026-07-17,0.0,1-1.5,0.004408797570332271
ETH,ET,Ethiopia,ET02,Afar,ET0202,Kilbati /Zone2,2026-07-17,0.0,1-1.5,0.004408797570332271
ETH,ET,Ethiopia,ET02,Afar,ET0203,Gabi /Zone 3,2026-07-17,0.0,1-1.5,0.004408797570332271
ETH,ET,Ethiopia,ET03,Amhara,ET0307,West Gojam,2026-07-17,0.00038937022,1-1.5,0.0009558058496672572
ETH,ET,Ethiopia,ET03,Amhara,ET0309,Awi,2026-07-17,0.00038937022,1-1.5,0.0009558058496672572
ETH,ET,Ethiopia,ET03,Amhara,ET0305,North Shewa (AM),2026-07-17,0.00038937022,1-1.5,0.0009558058496672572
ETH,ET,Ethiopia,ET03,Amhara,ET0302,South Gondar,2026-07-17,0.00038937022,1-1.5,0.0009558058496672572
ETH,ET,Ethiopia,ET03,Amhara,ET0312,West Gondar,2026-07-17,0.00038937022,1-1.5,0.0009558058496672572
ETH,ET,Ethiopia,ET03,Amhara,ET0310,Oromia,2026-07-17,0.00038937022,1-1.5,0.0009558058496672572
ETH,ET,Ethiopia,ET03,Amhara,ET0304,South Wello,2026-07-17,0.00038937022,1-1.5,0.0009558058496672572
ETH,ET,Ethiopia,ET03,Amhara,ET0301,North Gondar,2026-07-17,0.00038937022,1-1.5,0.0009558058496672572
ETH,ET,Ethiopia,ET03,Amhara,ET0311,Central Gondar,2026-07-17,0.00038937022,1-1.5,0.0009558058496672572
ETH,ET,Ethiopia,ET03,Amhara,ET0303,North Wello,2026-07-17,0.00038937022,1-1.5,0.0009558058496672572
ETH,ET,Ethiopia,ET03,Amhara,ET0308,Wag Hamra,2026-07-17,0.00038937022,1-1.5,0.0009558058496672572
ETH,ET,Ethiopia,ET03,Amhara,ET0306,East Gojam,2026-07-17,0.00038937022,1-1.5,0.0009558058496672572
ETH,ET,Ethiopia,ET12,Gambela,ET1202,Agnewak,2026-07-17,0.003889282,1-1.5,0.002054124485717197
ETH,ET,Ethiopia,ET12,Gambela,ET1204,Itang Special woreda,2026-07-17,0.003889282,1-1.5,0.002054124485717197
ETH,ET,Ethiopia,ET12,Gambela,ET1203,Majang,2026-07-17,0.003889282,1-1.5,0.002054124485717197
ETH,ET,Ethiopia,ET12,Gambela,ET1201,Nuwer,2026-07-17,0.003889282,1-1.5,0.002054124485717197
ETH,ET,Ethiopia,ET13,Harari,ET1301,Harari,2026-07-17,0.0,1-1.5,0.0003807575788331715
ETH,ET,Ethiopia,ET14,Addis Ababa,ET1401,Region 14,2026-07-17,0.0,1-1.5,2.244318297925929e-05
ETH,ET,Ethiopia,ET11,South West Ethiopia,ET1106,Konta Special,2026-07-17,1.5698586e-07,1-1.5,7.164191720867373e-06
ETH,ET,Ethiopia,ET11,South West Ethiopia,ET1105,Mirab Omo,2026-07-17,1.5698586e-07,1-1.5,7.164191720867373e-06
ETH,ET,Ethiopia,ET11,South West Ethiopia,ET1104,Dawuro,2026-07-17,1.5698586e-07,1-1.5,7.164191720867373e-06
ETH,ET,Ethiopia,ET11,South West Ethiopia,ET1101,Sheka,2026-07-17,1.5698586e-07,1-1.5,7.164191720867373e-06
ETH,ET,Ethiopia,ET11,South West Ethiopia,ET1103,Bench Sheko,2026-07-17,1.5698586e-07,1-1.5,7.164191720867373e-06
ETH,ET,Ethiopia,ET11,South West Ethiopia,ET1102,Kefa,2026-07-17,1.5698586e-07,1-1.5,7.164191720867373e-06
ETH,ET,Ethiopia,ET05,Somali,ET0510,Nogob,2026-07-17,0.0,1-1.5,7.82592157532685e-05
ETH,ET,Ethiopia,ET05,Somali,ET0506,Shabelle,2026-07-17,0.0,1-1.5,7.82592157532685e-05
ETH,ET,Ethiopia,ET05,Somali,ET0502,Fafan,2026-07-17,0.0,1-1.5,7.82592157532685e-05
ETH,ET,Ethiopia,ET05,Somali,ET0503,Jarar,2026-07-17,0.0,1-1.5,7.82592157532685e-05
ETH,ET,Ethiopia,ET05,Somali,ET0501,Siti,2026-07-17,0.0,1-1.5,7.82592157532685e-05
ETH,ET,Ethiopia,ET05,Somali,ET0508,Afder,2026-07-17,0.0,1-1.5,7.82592157532685e-05
ETH,ET,Ethiopia,ET05,Somali,ET0504,Erer,2026-07-17,0.0,1-1.5,7.82592157532685e-05
ETH,ET,Ethiopia,ET05,Somali,ET0509,Liban,2026-07-17,0.0,1-1.5,7.82592157532685e-05
ETH,ET,Ethiopia,ET05,Somali,ET0507,Doolo,2026-07-17,0.0,1-1.5,7.82592157532685e-05
ETH,ET,Ethiopia,ET05,Somali,ET0505,Korahe,2026-07-17,0.0,1-1.5,7.82592157532685e-05
ETH,ET,Ethiopia,ET05,Somali,ET0511,Daawa,2026-07-17,0.0,1-1.5,7.82592157532685e-05
ETH,ET,Ethiopia,ET16,Sidama,ET1600,Sidama,2026-07-19,0.0,1-1.5,4.980976750630361e-05
ETH,ET,Ethiopia,ET01,Tigray,ET0107,Mekelle,2026-07-19,0.0,1-1.5,0.0007484133709627114
ETH,ET,Ethiopia,ET01,Tigray,ET0104,Southern,2026-07-19,0.0,1-1.5,0.0007484133709627114
ETH,ET,Ethiopia,ET01,Tigray,ET0101,North Western,2026-07-19,0.0,1-1.5,0.0007484133709627114
ETH,ET,Ethiopia,ET01,Tigray,ET0102,Central,2026-07-19,0.0,1-1.5,0.0007484133709627114
ETH,ET,Ethiopia,ET01,Tigray,ET0105,Western,2026-07-19,0.0,1-1.5,0.0007484133709627114
ETH,ET,Ethiopia,ET01,Tigray,ET0106,South Eastern,2026-07-19,0.0,1-1.5,0.0007484133709627114
ETH,ET,Ethiopia,ET01,Tigray,ET0103,Eastern,2026-07-19,0.0,1-1.5,0.0007484133709627114
ETH,ET,Ethiopia,ET04,Oromia,ET0404,Jimma,2026-07-19,0.0037705225,1-1.5,0.002441247311865233
ETH,ET,Ethiopia,ET04,Oromia,ET0410,East Hararge,2026-07-19,0.0037705225,1-1.5,0.002441247311865233
ETH,ET,Ethiopia,ET04,Oromia,ET0409,West Hararge,2026-07-19,0.0037705225,1-1.5,0.002441247311865233
ETH,ET,Ethiopia,ET04,Oromia,ET0401,West Wellega,2026-07-19,0.0037705225,1-1.5,0.002441247311865233
ETH,ET,Ethiopia,ET04,Oromia,ET0408,Arsi,2026-07-19,0.0037705225,1-1.5,0.002441247311865233
ETH,ET,Ethiopia,ET04,Oromia,ET0403,Ilu Aba Bora,2026-07-19,0.0037705225,1-1.5,0.002441247311865233
ETH,ET,Ethiopia,ET04,Oromia,ET0407,East Shewa,2026-07-19,0.0037705225,1-1.5,0.002441247311865233
ETH,ET,Ethiopia,ET04,Oromia,ET0405,West Shewa,2026-07-19,0.0037705225,1-1.5,0.002441247311865233
ETH,ET,Ethiopia,ET04,Oromia,ET0406,North Shewa (OR),2026-07-19,0.0037705225,1-1.5,0.002441247311865233
ETH,ET,Ethiopia,ET04,Oromia,ET0402,East Wellega,2026-07-19,0.0037705225,1-1.5,0.002441247311865233
ETH,ET,Ethiopia,ET04,Oromia,ET0418,Kelem Wellega,2026-07-19,0.0037705225,1-1.5,0.002441247311865233
ETH,ET,Ethiopia,ET04,Oromia,ET0411,Bale,2026-07-19,0.0037705225,1-1.5,0.002441247311865233
ETH,ET,Ethiopia,ET04,Oromia,ET0416,Buno Bedele,2026-07-19,0.0037705225,1-1.5,0.002441247311865233
ETH,ET,Ethiopia,ET04,Oromia,ET0421,East Bale,2026-07-19,0.0037705225,1-1.5,0.002441247311865233
ETH,ET,Ethiopia,ET04,Oromia,ET0412,Borena,2026-07-19,0.0037705225,1-1.5,0.002441247311865233
ETH,ET,Ethiopia,ET04,Oromia,ET0419,Horo Gudru Wellega,2026-07-19,0.0037705225,1-1.5,0.002441247311865233
ETH,ET,Ethiopia,ET04,Oromia,ET0417,West Arsi,2026-07-19,0.0037705225,1-1.5,0.002441247311865233
ETH,ET,Ethiopia,ET04,Oromia,ET0413,South West Shewa,2026-07-19,0.0037705225,1-1.5,0.002441247311865233
ETH,ET,Ethiopia,ET04,Oromia,ET0415,West Guji,2026-07-19,0.0037705225,1-1.5,0.002441247311865233
ETH,ET,Ethiopia,ET04,Oromia,ET0414,Guji,2026-07-19,0.0037705225,1-1.5,0.002441247311865233
ETH,ET,Ethiopia,ET04,Oromia,ET0420,Finfine Special,2026-07-19,0.0037705225,1-1.5,0.002441247311865233
ETH,ET,Ethiopia,ET07,SNNP,ET0701,Guraghe,2026-07-19,0.010081555,1.5-2,0.001163936972462083
ETH,ET,Ethiopia,ET07,SNNP,ET0724,Yem Special,2026-07-19,0.010081555,1.5-2,0.001163936972462083
ETH,ET,Ethiopia,ET07,SNNP,ET0721,Amaro,2026-07-19,0.010081555,1.5-2,0.001163936972462083
ETH,ET,Ethiopia,ET07,SNNP,ET0703,Kembata Tembaro,2026-07-19,0.010081555,1.5-2,0.001163936972462083
ETH,ET,Ethiopia,ET07,SNNP,ET0710,Gamo,2026-07-19,0.010081555,1.5-2,0.001163936972462083
ETH,ET,Ethiopia,ET07,SNNP,ET0720,Siltie,2026-07-19,0.010081555,1.5-2,0.001163936972462083
ETH,ET,Ethiopia,ET07,SNNP,ET0715,Gofa,2026-07-19,0.010081555,1.5-2,0.001163936972462083
ETH,ET,Ethiopia,ET07,SNNP,ET0713,Konso,2026-07-19,0.010081555,1.5-2,0.001163936972462083
ETH,ET,Ethiopia,ET07,SNNP,ET0723,Derashe,2026-07-19,0.010081555,1.5-2,0.001163936972462083
ETH,ET,Ethiopia,ET07,SNNP,ET0705,Gedeo,2026-07-19,0.010081555,1.5-2,0.001163936972462083
ETH,ET,Ethiopia,ET07,SNNP,ET0706,Wolayita,2026-07-19,0.010081555,1.5-2,0.001163936972462083
ETH,ET,Ethiopia,ET07,SNNP,ET0714,Halaba,2026-07-19,0.010081555,1.5-2,0.001163936972462083
ETH,ET,Ethiopia,ET07,SNNP,ET0722,Burji,2026-07-19,0.010081555,1.5-2,0.001163936972462083
ETH,ET,Ethiopia,ET07,SNNP,ET0707,South Omo,2026-07-19,0.010081555,1.5-2,0.001163936972462083
ETH,ET,Ethiopia,ET07,SNNP,ET0702,Hadiya,2026-07-19,0.010081555,1.5-2,0.001163936972462083
ETH,ET,Ethiopia,ET07,SNNP,ET0716,Basketo,2026-07-19,0.010081555,1.5-2,0.001163936972462083
ETH,ET,Ethiopia,ET07,SNNP,ET0712,Alle,2026-07-19,0.010081555,1.5-2,0.001163936972462083
ETH,ET,Ethiopia,ET15,Dire Dawa,ET1502,Dire Dawa rural,2026-07-19,0.0,1-1.5,5.194805122631475e-07
ETH,ET,Ethiopia,ET15,Dire Dawa,ET1501,Dire Dawa urban,2026-07-19,0.0,1-1.5,5.194805122631475e-07
ETH,ET,Ethiopia,ET06,Benishangul Gumz,ET0604,Kamashi,2026-07-19,0.023706736,>10,0.007039104584147926
ETH,ET,Ethiopia,ET06,Benishangul Gumz,ET0602,Metekel,2026-07-19,0.023706736,>10,0.007039104584147926
ETH,ET,Ethiopia,ET06,Benishangul Gumz,ET0605,Mao Komo Special,2026-07-19,0.023706736,>10,0.007039104584147926
ETH,ET,Ethiopia,ET06,Benishangul Gumz,ET0603,Assosa,2026-07-19,0.023706736,>10,0.007039104584147926
ETH,ET,Ethiopia,ET02,Afar,ET0201,Awsi /Zone 1,2026-07-19,0.0,1-1.5,0.00451153380451036
ETH,ET,Ethiopia,ET02,Afar,ET0204,Fanti /Zone 4,2026-07-19,0.0,1-1.5,0.00451153380451036
ETH,ET,Ethiopia,ET02,Afar,ET0205,Hari /Zone 5,2026-07-19,0.0,1-1.5,0.00451153380451036
ETH,ET,Ethiopia,ET02,Afar,ET0202,Kilbati /Zone2,2026-07-19,0.0,1-1.5,0.00451153380451036
ETH,ET,Ethiopia,ET02,Afar,ET0203,Gabi /Zone 3,2026-07-19,0.0,1-1.5,0.00451153380451036
ETH,ET,Ethiopia,ET03,Amhara,ET0307,West Gojam,2026-07-19,0.0005363183,1-1.5,0.0009245690465704115
ETH,ET,Ethiopia,ET03,Amhara,ET0309,Awi,2026-07-19,0.0005363183,1-1.5,0.0009245690465704115
ETH,ET,Ethiopia,ET03,Amhara,ET0305,North Shewa (AM),2026-07-19,0.0005363183,1-1.5,0.0009245690465704115
ETH,ET,Ethiopia,ET03,Amhara,ET0302,South Gondar,2026-07-19,0.0005363183,1-1.5,0.0009245690465704115
ETH,ET,Ethiopia,ET03,Amhara,ET0312,West Gondar,2026-07-19,0.0005363183,1-1.5,0.0009245690465704115
ETH,ET,Ethiopia,ET03,Amhara,ET0310,Oromia,2026-07-19,0.0005363183,1-1.5,0.0009245690465704115
ETH,ET,Ethiopia,ET03,Amhara,ET0304,South Wello,2026-07-19,0.0005363183,1-1.5,0.0009245690465704115
ETH,ET,Ethiopia,ET03,Amhara,ET0301,North Gondar,2026-07-19,0.0005363183,1-1.5,0.0009245690465704115
ETH,ET,Ethiopia,ET03,Amhara,ET0311,Central Gondar,2026-07-19,0.0005363183,1-1.5,0.0009245690465704115
ETH,ET,Ethiopia,ET03,Amhara,ET0303,North Wello,2026-07-19,0.0005363183,1-1.5,0.0009245690465704115
ETH,ET,Ethiopia,ET03,Amhara,ET0308,Wag Hamra,2026-07-19,0.0005363183,1-1.5,0.0009245690465704115
ETH,ET,Ethiopia,ET03,Amhara,ET0306,East Gojam,2026-07-19,0.0005363183,1-1.5,0.0009245690465704115
ETH,ET,Ethiopia,ET12,Gambela,ET1202,Agnewak,2026-07-19,0.00435603,1-1.5,0.002160976306119913
ETH,ET,Ethiopia,ET12,Gambela,ET1204,Itang Special woreda,2026-07-19,0.00435603,1-1.5,0.002160976306119913
ETH,ET,Ethiopia,ET12,Gambela,ET1203,Majang,2026-07-19,0.00435603,1-1.5,0.002160976306119913
ETH,ET,Ethiopia,ET12,Gambela,ET1201,Nuwer,2026-07-19,0.00435603,1-1.5,0.002160976306119913
ETH,ET,Ethiopia,ET13,Harari,ET1301,Harari,2026-07-19,0.0,1-1.5,3.787878829991149e-07
ETH,ET,Ethiopia,ET14,Addis Ababa,ET1401,Region 14,2026-07-19,0.0,1-1.5,2.971591032457416e-05
ETH,ET,Ethiopia,ET11,South West Ethiopia,ET1106,Konta Special,2026-07-19,0.0,1-1.5,9.334011163146402e-06
ETH,ET,Ethiopia,ET11,South West Ethiopia,ET1105,Mirab Omo,2026-07-19,0.0,1-1.5,9.334011163146402e-06
ETH,ET,Ethiopia,ET11,South West Ethiopia,ET1104,Dawuro,2026-07-19,0.0,1-1.5,9.334011163146402e-06
ETH,ET,Ethiopia,ET11,South West Ethiopia,ET1101,Sheka,2026-07-19,0.0,1-1.5,9.334011163146402e-06
ETH,ET,Ethiopia,ET11,South West Ethiopia,ET1103,Bench Sheko,2026-07-19,0.0,1-1.5,9.334011163146402e-06
ETH,ET,Ethiopia,ET11,South West Ethiopia,ET1102,Kefa,2026-07-19,0.0,1-1.5,9.334011163146402e-06
ETH,ET,Ethiopia,ET05,Somali,ET0510,Nogob,2026-07-19,0.0,1-1.5,9.288531841897618e-05
ETH,ET,Ethiopia,ET05,Somali,ET0506,Shabelle,2026-07-19,0.0,1-1.5,9.288531841897618e-05
ETH,ET,Ethiopia,ET05,Somali,ET0502,Fafan,2026-07-19,0.0,1-1.5,9.288531841897618e-05
ETH,ET,Ethiopia,ET05,Somali,ET0503,Jarar,2026-07-19,0.0,1-1.5,9.288531841897618e-05
ETH,ET,Ethiopia,ET05,Somali,ET0501,Siti,2026-07-19,0.0,1-1.5,9.288531841897618e-05
ETH,ET,Ethiopia,ET05,Somali,ET0508,Afder,2026-07-19,0.0,1-1.5,9.288531841897618e-05
ETH,ET,Ethiopia,ET05,Somali,ET0504,Erer,2026-07-19,0.0,1-1.5,9.288531841897618e-05
ETH,ET,Ethiopia,ET05,Somali,ET0509,Liban,2026-07-19,0.0,1-1.5,9.288531841897618e-05
ETH,ET,Ethiopia,ET05,Somali,ET0507,Doolo,2026-07-19,0.0,1-1.5,9.288531841897618e-05
ETH,ET,Ethiopia,ET05,Somali,ET0505,Korahe,2026-07-19,0.0,1-1.5,9.288531841897618e-05
ETH,ET,Ethiopia,ET05,Somali,ET0511,Daawa,2026-07-19,0.0,1-1.5,9.288531841897618e-05
ETH,ET,Ethiopia,ET16,Sidama,ET1600,Sidama,2026-07-20,0.0,1-1.5,3.591318558061506e-06
ETH,ET,Ethiopia,ET01,Tigray,ET0107,Mekelle,2026-07-20,0.0,1-1.5,0.0007315491057708941
ETH,ET,Ethiopia,ET01,Tigray,ET0104,Southern,2026-07-20,0.0,1-1.5,0.0007315491057708941
ETH,ET,Ethiopia,ET01,Tigray,ET0101,North Western,2026-07-20,0.0,1-1.5,0.0007315491057708941
ETH,ET,Ethiopia,ET01,Tigray,ET0102,Central,2026-07-20,0.0,1-1.5,0.0007315491057708941
ETH,ET,Ethiopia,ET01,Tigray,ET0105,Western,2026-07-20,0.0,1-1.5,0.0007315491057708941
ETH,ET,Ethiopia,ET01,Tigray,ET0106,South Eastern,2026-07-20,0.0,1-1.5,0.0007315491057708941
ETH,ET,Ethiopia,ET01,Tigray,ET0103,Eastern,2026-07-20,0.0,1-1.5,0.0007315491057708941
ETH,ET,Ethiopia,ET04,Oromia,ET0404,Jimma,2026-07-20,0.0034626254,1-1.5,0.002395649810998954
ETH,ET,Ethiopia,ET04,Oromia,ET0410,East Hararge,2026-07-20,0.0034626254,1-1.5,0.002395649810998954
ETH,ET,Ethiopia,ET04,Oromia,ET0409,West Hararge,2026-07-20,0.0034626254,1-1.5,0.002395649810998954
ETH,ET,Ethiopia,ET04,Oromia,ET0401,West Wellega,2026-07-20,0.0034626254,1-1.5,0.002395649810998954
ETH,ET,Ethiopia,ET04,Oromia,ET0408,Arsi,2026-07-20,0.0034626254,1-1.5,0.002395649810998954
ETH,ET,Ethiopia,ET04,Oromia,ET0403,Ilu Aba Bora,2026-07-20,0.0034626254,1-1.5,0.002395649810998954
ETH,ET,Ethiopia,ET04,Oromia,ET0407,East Shewa,2026-07-20,0.0034626254,1-1.5,0.002395649810998954
ETH,ET,Ethiopia,ET04,Oromia,ET0405,West Shewa,2026-07-20,0.0034626254,1-1.5,0.002395649810998954
ETH,ET,Ethiopia,ET04,Oromia,ET0406,North Shewa (OR),2026-07-20,0.0034626254,1-1.5,0.002395649810998954
ETH,ET,Ethiopia,ET04,Oromia,ET0402,East Wellega,2026-07-20,0.0034626254,1-1.5,0.002395649810998954
ETH,ET,Ethiopia,ET04,Oromia,ET0418,Kelem Wellega,2026-07-20,0.0034626254,1-1.5,0.002395649810998954
ETH,ET,Ethiopia,ET04,Oromia,ET0411,Bale,2026-07-20,0.0034626254,1-1.5,0.002395649810998954
ETH,ET,Ethiopia,ET04,Oromia,ET0416,Buno Bedele,2026-07-20,0.0034626254,1-1.5,0.002395649810998954
ETH,ET,Ethiopia,ET04,Oromia,ET0421,East Bale,2026-07-20,0.0034626254,1-1.5,0.002395649810998954
ETH,ET,Ethiopia,ET04,Oromia,ET0412,Borena,2026-07-20,0.0034626254,1-1.5,0.002395649810998954
ETH,ET,Ethiopia,ET04,Oromia,ET0419,Horo Gudru Wellega,2026-07-20,0.0034626254,1-1.5,0.002395649810998954
ETH,ET,Ethiopia,ET04,Oromia,ET0417,West Arsi,2026-07-20,0.0034626254,1-1.5,0.002395649810998954
ETH,ET,Ethiopia,ET04,Oromia,ET0413,South West Shewa,2026-07-20,0.0034626254,1-1.5,0.002395649810998954
ETH,ET,Ethiopia,ET04,Oromia,ET0415,West Guji,2026-07-20,0.0034626254,1-1.5,0.002395649810998954
ETH,ET,Ethiopia,ET04,Oromia,ET0414,Guji,2026-07-20,0.0034626254,1-1.5,0.002395649810998954
ETH,ET,Ethiopia,ET04,Oromia,ET0420,Finfine Special,2026-07-20,0.0034626254,1-1.5,0.002395649810998954
ETH,ET,Ethiopia,ET07,SNNP,ET0701,Guraghe,2026-07-20,0.008846871,1-1.5,0.001155332514719538
ETH,ET,Ethiopia,ET07,SNNP,ET0724,Yem Special,2026-07-20,0.008846871,1-1.5,0.001155332514719538
ETH,ET,Ethiopia,ET07,SNNP,ET0721,Amaro,2026-07-20,0.008846871,1-1.5,0.001155332514719538
ETH,ET,Ethiopia,ET07,SNNP,ET0703,Kembata Tembaro,2026-07-20,0.008846871,1-1.5,0.001155332514719538
ETH,ET,Ethiopia,ET07,SNNP,ET0710,Gamo,2026-07-20,0.008846871,1-1.5,0.001155332514719538
ETH,ET,Ethiopia,ET07,SNNP,ET0720,Siltie,2026-07-20,0.008846871,1-1.5,0.001155332514719538
ETH,ET,Ethiopia,ET07,SNNP,ET0715,Gofa,2026-07-20,0.008846871,1-1.5,0.001155332514719538
ETH,ET,Ethiopia,ET07,SNNP,ET0713,Konso,2026-07-20,0.008846871,1-1.5,0.001155332514719538
ETH,ET,Ethiopia,ET07,SNNP,ET0723,Derashe,2026-07-20,0.008846871,1-1.5,0.001155332514719538
ETH,ET,Ethiopia,ET07,SNNP,ET0705,Gedeo,2026-07-20,0.008846871,1-1.5,0.001155332514719538
ETH,ET,Ethiopia,ET07,SNNP,ET0706,Wolayita,2026-07-20,0.008846871,1-1.5,0.001155332514719538
ETH,ET,Ethiopia,ET07,SNNP,ET0714,Halaba,2026-07-20,0.008846871,1-1.5,0.001155332514719538
ETH,ET,Ethiopia,ET07,SNNP,ET0722,Burji,2026-07-20,0.008846871,1-1.5,0.001155332514719538
ETH,ET,Ethiopia,ET07,SNNP,ET0707,South Omo,2026-07-20,0.008846871,1-1.5,0.001155332514719538
ETH,ET,Ethiopia,ET07,SNNP,ET0702,Hadiya,2026-07-20,0.008846871,1-1.5,0.001155332514719538
ETH,ET,Ethiopia,ET07,SNNP,ET0716,Basketo,2026-07-20,0.008846871,1-1.5,0.001155332514719538
ETH,ET,Ethiopia,ET07,SNNP,ET0712,Alle,2026-07-20,0.008846871,1-1.5,0.001155332514719538
ETH,ET,Ethiopia,ET15,Dire Dawa,ET1502,Dire Dawa rural,2026-07-20,0.0,1-1.5,5.194805122631475e-07
ETH,ET,Ethiopia,ET15,Dire Dawa,ET1501,Dire Dawa urban,2026-07-20,0.0,1-1.5,5.194805122631475e-07
ETH,ET,Ethiopia,ET06,Benishangul Gumz,ET0604,Kamashi,2026-07-20,0.023696346,>10,0.007133309465570195
ETH,ET,Ethiopia,ET06,Benishangul Gumz,ET0602,Metekel,2026-07-20,0.023696346,>10,0.007133309465570195
ETH,ET,Ethiopia,ET06,Benishangul Gumz,ET0605,Mao Komo Special,2026-07-20,0.023696346,>10,0.007133309465570195
ETH,ET,Ethiopia,ET06,Benishangul Gumz,ET0603,Assosa,2026-07-20,0.023696346,>10,0.007133309465570195
ETH,ET,Ethiopia,ET02,Afar,ET0201,Awsi /Zone 1,2026-07-20,1.2010666e-05,1-1.5,0.004385366035190104
ETH,ET,Ethiopia,ET02,Afar,ET0204,Fanti /Zone 4,2026-07-20,1.2010666e-05,1-1.5,0.004385366035190104
ETH,ET,Ethiopia,ET02,Afar,ET0205,Hari /Zone 5,2026-07-20,1.2010666e-05,1-1.5,0.004385366035190104
ETH,ET,Ethiopia,ET02,Afar,ET0202,Kilbati /Zone2,2026-07-20,1.2010666e-05,1-1.5,0.004385366035190104
ETH,ET,Ethiopia,ET02,Afar,ET0203,Gabi /Zone 3,2026-07-20,1.2010666e-05,1-1.5,0.004385366035190104
ETH,ET,Ethiopia,ET03,Amhara,ET0307,West Gojam,2026-07-20,0.0,1-1.5,0.0008617028156646001
ETH,ET,Ethiopia,ET03,Amhara,ET0309,Awi,2026-07-20,0.0,1-1.5,0.0008617028156646001
ETH,ET,Ethiopia,ET03,Amhara,ET0305,North Shewa (AM),2026-07-20,0.0,1-1.5,0.0008617028156646001
ETH,ET,Ethiopia,ET03,Amhara,ET0302,South Gondar,2026-07-20,0.0,1-1.5,0.0008617028156646001
ETH,ET,Ethiopia,ET03,Amhara,ET0312,West Gondar,2026-07-20,0.0,1-1.5,0.0008617028156646001
ETH,ET,Ethiopia,ET03,Amhara,ET0310,Oromia,2026-07-20,0.0,1-1.5,0.0008617028156646001
ETH,ET,Ethiopia,ET03,Amhara,ET0304,South Wello,2026-07-20,0.0,1-1.5,0.0008617028156646001
ETH,ET,Ethiopia,ET03,Amhara,ET0301,North Gondar,2026-07-20,0.0,1-1.5,0.0008617028156646001
ETH,ET,Ethiopia,ET03,Amhara,ET0311,Central Gondar,2026-07-20,0.0,1-1.5,0.0008617028156646001
ETH,ET,Ethiopia,ET03,Amhara,ET0303,North Wello,2026-07-20,0.0,1-1.5,0.0008617028156646001
ETH,ET,Ethiopia,ET03,Amhara,ET0308,Wag Hamra,2026-07-20,0.0,1-1.5,0.0008617028156646001
ETH,ET,Ethiopia,ET03,Amhara,ET0306,East Gojam,2026-07-20,0.0,1-1.5,0.0008617028156646001
ETH,ET,Ethiopia,ET12,Gambela,ET1202,Agnewak,2026-07-20,0.0047892,1-1.5,0.002208270276208747
ETH,ET,Ethiopia,ET12,Gambela,ET1204,Itang Special woreda,2026-07-20,0.0047892,1-1.5,0.002208270276208747
ETH,ET,Ethiopia,ET12,Gambela,ET1203,Majang,2026-07-20,0.0047892,1-1.5,0.002208270276208747
ETH,ET,Ethiopia,ET12,Gambela,ET1201,Nuwer,2026-07-20,0.0047892,1-1.5,0.002208270276208747
ETH,ET,Ethiopia,ET13,Harari,ET1301,Harari,2026-07-20,0.0,1-1.5,3.787878829991149e-07
ETH,ET,Ethiopia,ET14,Addis Ababa,ET1401,Region 14,2026-07-20,0.0,1-1.5,3.323863769847693e-05
ETH,ET,Ethiopia,ET11,South West Ethiopia,ET1106,Konta Special,2026-07-20,0.0,1-1.5,8.975458701663477e-06
ETH,ET,Ethiopia,ET11,South West Ethiopia,ET1105,Mirab Omo,2026-07-20,0.0,1-1.5,8.975458701663477e-06
ETH,ET,Ethiopia,ET11,South West Ethiopia,ET1104,Dawuro,2026-07-20,0.0,1-1.5,8.975458701663477e-06
ETH,ET,Ethiopia,ET11,South West Ethiopia,ET1101,Sheka,2026-07-20,0.0,1-1.5,8.975458701663477e-06
ETH,ET,Ethiopia,ET11,South West Ethiopia,ET1103,Bench Sheko,2026-07-20,0.0,1-1.5,8.975458701663477e-06
ETH,ET,Ethiopia,ET11,South West Ethiopia,ET1102,Kefa,2026-07-20,0.0,1-1.5,8.975458701663477e-06
ETH,ET,Ethiopia,ET05,Somali,ET0510,Nogob,2026-07-20,0.0,1-1.5,8.63925390557796e-05
ETH,ET,Ethiopia,ET05,Somali,ET0506,Shabelle,2026-07-20,0.0,1-1.5,8.63925390557796e-05
ETH,ET,Ethiopia,ET05,Somali,ET0502,Fafan,2026-07-20,0.0,1-1.5,8.63925390557796e-05
ETH,ET,Ethiopia,ET05,Somali,ET0503,Jarar,2026-07-20,0.0,1-1.5,8.63925390557796e-05
ETH,ET,Ethiopia,ET05,Somali,ET0501,Siti,2026-07-20,0.0,1-1.5,8.63925390557796e-05
ETH,ET,Ethiopia,ET05,Somali,ET0508,Afder,2026-07-20,0.0,1-1.5,8.63925390557796e-05
ETH,ET,Ethiopia,ET05,Somali,ET0504,Erer,2026-07-20,0.0,1-1.5,8.63925390557796e-05
ETH,ET,Ethiopia,ET05,Somali,ET0509,Liban,2026-07-20,0.0,1-1.5,8.63925390557796e-05
ETH,ET,Ethiopia,ET05,Somali,ET0507,Doolo,2026-07-20,0.0,1-1.5,8.63925390557796e-05
ETH,ET,Ethiopia,ET05,Somali,ET0505,Korahe,2026-07-20,0.0,1-1.5,8.63925390557796e-05
ETH,ET,Ethiopia,ET05,Somali,ET0511,Daawa,2026-07-20,0.0,1-1.5,8.63925390557796e-05
ETH,ET,Ethiopia,ET16,Sidama,ET1600,Sidama,2026-07-21,0.0,1-1.5,1.014741991308586e-05
ETH,ET,Ethiopia,ET01,Tigray,ET0107,Mekelle,2026-07-21,0.0,1-1.5,0.0007448425353819682
ETH,ET,Ethiopia,ET01,Tigray,ET0104,Southern,2026-07-21,0.0,1-1.5,0.0007448425353819682
ETH,ET,Ethiopia,ET01,Tigray,ET0101,North Western,2026-07-21,0.0,1-1.5,0.0007448425353819682
ETH,ET,Ethiopia,ET01,Tigray,ET0102,Central,2026-07-21,0.0,1-1.5,0.0007448425353819682
ETH,ET,Ethiopia,ET01,Tigray,ET0105,Western,2026-07-21,0.0,1-1.5,0.0007448425353819682
ETH,ET,Ethiopia,ET01,Tigray,ET0106,South Eastern,2026-07-21,0.0,1-1.5,0.0007448425353819682
ETH,ET,Ethiopia,ET01,Tigray,ET0103,Eastern,2026-07-21,0.0,1-1.5,0.0007448425353819682
ETH,ET,Ethiopia,ET04,Oromia,ET0404,Jimma,2026-07-21,0.003308886,1-1.5,0.002330840647813272
ETH,ET,Ethiopia,ET04,Oromia,ET0410,East Hararge,2026-07-21,0.003308886,1-1.5,0.002330840647813272
ETH,ET,Ethiopia,ET04,Oromia,ET0409,West Hararge,2026-07-21,0.003308886,1-1.5,0.002330840647813272
ETH,ET,Ethiopia,ET04,Oromia,ET0401,West Wellega,2026-07-21,0.003308886,1-1.5,0.002330840647813272
ETH,ET,Ethiopia,ET04,Oromia,ET0408,Arsi,2026-07-21,0.003308886,1-1.5,0.002330840647813272
ETH,ET,Ethiopia,ET04,Oromia,ET0403,Ilu Aba Bora,2026-07-21,0.003308886,1-1.5,0.002330840647813272
ETH,ET,Ethiopia,ET04,Oromia,ET0407,East Shewa,2026-07-21,0.003308886,1-1.5,0.002330840647813272
ETH,ET,Ethiopia,ET04,Oromia,ET0405,West Shewa,2026-07-21,0.003308886,1-1.5,0.002330840647813272
ETH,ET,Ethiopia,ET04,Oromia,ET0406,North Shewa (OR),2026-07-21,0.003308886,1-1.5,0.002330840647813272
ETH,ET,Ethiopia,ET04,Oromia,ET0402,East Wellega,2026-07-21,0.003308886,1-1.5,0.002330840647813272
ETH,ET,Ethiopia,ET04,Oromia,ET0418,Kelem Wellega,2026-07-21,0.003308886,1-1.5,0.002330840647813272
ETH,ET,Ethiopia,ET04,Oromia,ET0411,Bale,2026-07-21,0.003308886,1-1.5,0.002330840647813272
ETH,ET,Ethiopia,ET04,Oromia,ET0416,Buno Bedele,2026-07-21,0.003308886,1-1.5,0.002330840647813272
ETH,ET,Ethiopia,ET04,Oromia,ET0421,East Bale,2026-07-21,0.003308886,1-1.5,0.002330840647813272
ETH,ET,Ethiopia,ET04,Oromia,ET0412,Borena,2026-07-21,0.003308886,1-1.5,0.002330840647813272
ETH,ET,Ethiopia,ET04,Oromia,ET0419,Horo Gudru Wellega,2026-07-21,0.003308886,1-1.5,0.002330840647813272
ETH,ET,Ethiopia,ET04,Oromia,ET0417,West Arsi,2026-07-21,0.003308886,1-1.5,0.002330840647813272
ETH,ET,Ethiopia,ET04,Oromia,ET0413,South West Shewa,2026-07-21,0.003308886,1-1.5,0.002330840647813272
ETH,ET,Ethiopia,ET04,Oromia,ET0415,West Guji,2026-07-21,0.003308886,1-1.5,0.002330840647813272
ETH,ET,Ethiopia,ET04,Oromia,ET0414,Guji,2026-07-21,0.003308886,1-1.5,0.002330840647813272
ETH,ET,Ethiopia,ET04,Oromia,ET0420,Finfine Special,2026-07-21,0.003308886,1-1.5,0.002330840647813272
ETH,ET,Ethiopia,ET07,SNNP,ET0701,Guraghe,2026-07-21,0.0075295265,1-1.5,0.001164742106299276
ETH,ET,Ethiopia,ET07,SNNP,ET0724,Yem Special,2026-07-21,0.0075295265,1-1.5,0.001164742106299276
ETH,ET,Ethiopia,ET07,SNNP,ET0721,Amaro,2026-07-21,0.0075295265,1-1.5,0.001164742106299276
ETH,ET,Ethiopia,ET07,SNNP,ET0703,Kembata Tembaro,2026-07-21,0.0075295265,1-1.5,0.001164742106299276
ETH,ET,Ethiopia,ET07,SNNP,ET0710,Gamo,2026-07-21,0.0075295265,1-1.5,0.001164742106299276
ETH,ET,Ethiopia,ET07,SNNP,ET0720,Siltie,2026-07-21,0.0075295265,1-1.5,0.001164742106299276
ETH,ET,Ethiopia,ET07,SNNP,ET0715,Gofa,2026-07-21,0.0075295265,1-1.5,0.001164742106299276
ETH,ET,Ethiopia,ET07,SNNP,ET0713,Konso,2026-07-21,0.0075295265,1-1.5,0.001164742106299276
ETH,ET,Ethiopia,ET07,SNNP,ET0723,Derashe,2026-07-21,0.0075295265,1-1.5,0.001164742106299276
ETH,ET,Ethiopia,ET07,SNNP,ET0705,Gedeo,2026-07-21,0.0075295265,1-1.5,0.001164742106299276
ETH,ET,Ethiopia,ET07,SNNP,ET0706,Wolayita,2026-07-21,0.0075295265,1-1.5,0.001164742106299276
ETH,ET,Ethiopia,ET07,SNNP,ET0714,Halaba,2026-07-21,0.0075295265,1-1.5,0.001164742106299276
ETH,ET,Ethiopia,ET07,SNNP,ET0722,Burji,2026-07-21,0.0075295265,1-1.5,0.001164742106299276
ETH,ET,Ethiopia,ET07,SNNP,ET0707,South Omo,2026-07-21,0.0075295265,1-1.5,0.001164742106299276
ETH,ET,Ethiopia,ET07,SNNP,ET0702,Hadiya,2026-07-21,0.0075295265,1-1.5,0.001164742106299276
ETH,ET,Ethiopia,ET07,SNNP,ET0716,Basketo,2026-07-21,0.0075295265,1-1.5,0.001164742106299276
ETH,ET,Ethiopia,ET07,SNNP,ET0712,Alle,2026-07-21,0.0075295265,1-1.5,0.001164742106299276
ETH,ET,Ethiopia,ET15,Dire Dawa,ET1502,Dire Dawa rural,2026-07-21,0.0,1-1.5,5.194805122631475e-07
ETH,ET,Ethiopia,ET15,Dire Dawa,ET1501,Dire Dawa urban,2026-07-21,0.0,1-1.5,5.194805122631475e-07
ETH,ET,Ethiopia,ET06,Benishangul Gumz,ET0604,Kamashi,2026-07-21,0.021805275,>10,0.007213343798936865
ETH,ET,Ethiopia,ET06,Benishangul Gumz,ET0602,Metekel,2026-07-21,0.021805275,>10,0.007213343798936865
ETH,ET,Ethiopia,ET06,Benishangul Gumz,ET0605,Mao Komo Special,2026-07-21,0.021805275,>10,0.007213343798936865
ETH,ET,Ethiopia,ET06,Benishangul Gumz,ET0603,Assosa,2026-07-21,0.021805275,>10,0.007213343798936865
ETH,ET,Ethiopia,ET02,Afar,ET0201,Awsi /Zone 1,2026-07-21,1.5658288e-05,1-1.5,0.004391771060132174
ETH,ET,Ethiopia,ET02,Afar,ET0204,Fanti /Zone 4,2026-07-21,1.5658288e-05,1-1.5,0.004391771060132174
ETH,ET,Ethiopia,ET02,Afar,ET0205,Hari /Zone 5,2026-07-21,1.5658288e-05,1-1.5,0.004391771060132174
ETH,ET,Ethiopia,ET02,Afar,ET0202,Kilbati /Zone2,2026-07-21,1.5658288e-05,1-1.5,0.004391771060132174
ETH,ET,Ethiopia,ET02,Afar,ET0203,Gabi /Zone 3,2026-07-21,1.5658288e-05,1-1.5,0.004391771060132174
ETH,ET,Ethiopia,ET03,Amhara,ET0307,West Gojam,2026-07-21,0.00054940215,1-1.5,0.0007963769296348486
ETH,ET,Ethiopia,ET03,Amhara,ET0309,Awi,2026-07-21,0.00054940215,1-1.5,0.0007963769296348486
ETH,ET,Ethiopia,ET03,Amhara,ET0305,North Shewa (AM),2026-07-21,0.00054940215,1-1.5,0.0007963769296348486
ETH,ET,Ethiopia,ET03,Amhara,ET0302,South Gondar,2026-07-21,0.00054940215,1-1.5,0.0007963769296348486
ETH,ET,Ethiopia,ET03,Amhara,ET0312,West Gondar,2026-07-21,0.00054940215,1-1.5,0.0007963769296348486
ETH,ET,Ethiopia,ET03,Amhara,ET0310,Oromia,2026-07-21,0.00054940215,1-1.5,0.0007963769296348486
ETH,ET,Ethiopia,ET03,Amhara,ET0304,South Wello,2026-07-21,0.00054940215,1-1.5,0.0007963769296348486
ETH,ET,Ethiopia,ET03,Amhara,ET0301,North Gondar,2026-07-21,0.00054940215,1-1.5,0.0007963769296348486
ETH,ET,Ethiopia,ET03,Amhara,ET0311,Central Gondar,2026-07-21,0.00054940215,1-1.5,0.0007963769296348486
ETH,ET,Ethiopia,ET03,Amhara,ET0303,North Wello,2026-07-21,0.00054940215,1-1.5,0.0007963769296348486
ETH,ET,Ethiopia,ET03,Amhara,ET0308,Wag Hamra,2026-07-21,0.00054940215,1-1.5,0.0007963769296348486
ETH,ET,Ethiopia,ET03,Amhara,ET0306,East Gojam,2026-07-21,0.00054940215,1-1.5,0.0007963769296348486
ETH,ET,Ethiopia,ET12,Gambela,ET1202,Agnewak,2026-07-21,0.004576683,1-1.5,0.002321865089776442
ETH,ET,Ethiopia,ET12,Gambela,ET1204,Itang Special woreda,2026-07-21,0.004576683,1-1.5,0.002321865089776442
ETH,ET,Ethiopia,ET12,Gambela,ET1203,Majang,2026-07-21,0.004576683,1-1.5,0.002321865089776442
ETH,ET,Ethiopia,ET12,Gambela,ET1201,Nuwer,2026-07-21,0.004576683,1-1.5,0.002321865089776442
ETH,ET,Ethiopia,ET13,Harari,ET1301,Harari,2026-07-21,0.0,1-1.5,3.787878829991149e-07
ETH,ET,Ethiopia,ET14,Addis Ababa,ET1401,Region 14,2026-07-21,0.0,1-1.5,3.812500132715452e-05
ETH,ET,Ethiopia,ET11,South West Ethiopia,ET1106,Konta Special,2026-07-21,1.5855572e-05,1-1.5,1.013689869828547e-05
ETH,ET,Ethiopia,ET11,South West Ethiopia,ET1105,Mirab Omo,2026-07-21,1.5855572e-05,1-1.5,1.013689869828547e-05
ETH,ET,Ethiopia,ET11,South West Ethiopia,ET1104,Dawuro,2026-07-21,1.5855572e-05,1-1.5,1.013689869828547e-05
ETH,ET,Ethiopia,ET11,South West Ethiopia,ET1101,Sheka,2026-07-21,1.5855572e-05,1-1.5,1.013689869828547e-05
ETH,ET,Ethiopia,ET11,South West Ethiopia,ET1103,Bench Sheko,2026-07-21,1.5855572e-05,1-1.5,1.013689869828547e-05
ETH,ET,Ethiopia,ET11,South West Ethiopia,ET1102,Kefa,2026-07-21,1.5855572e-05,1-1.5,1.013689869828547e-05
ETH,ET,Ethiopia,ET05,Somali,ET0510,Nogob,2026-07-21,0.0,1-1.5,9.377538601042867e-05
ETH,ET,Ethiopia,ET05,Somali,ET0506,Shabelle,2026-07-21,0.0,1-1.5,9.377538601042867e-05
ETH,ET,Ethiopia,ET05,Somali,ET0502,Fafan,2026-07-21,0.0,1-1.5,9.377538601042867e-05
ETH,ET,Ethiopia,ET05,Somali,ET0503,Jarar,2026-07-21,0.0,1-1.5,9.377538601042867e-05
ETH,ET,Ethiopia,ET05,Somali,ET0501,Siti,2026-07-21,0.0,1-1.5,9.377538601042867e-05
ETH,ET,Ethiopia,ET05,Somali,ET0508,Afder,2026-07-21,0.0,1-1.5,9.377538601042867e-05
ETH,ET,Ethiopia,ET05,Somali,ET0504,Erer,2026-07-21,0.0,1-1.5,9.377538601042867e-05
ETH,ET,Ethiopia,ET05,Somali,ET0509,Liban,2026-07-21,0.0,1-1.5,9.377538601042867e-05
ETH,ET,Ethiopia,ET05,Somali,ET0507,Doolo,2026-07-21,0.0,1-1.5,9.377538601042867e-05
ETH,ET,Ethiopia,ET05,Somali,ET0505,Korahe,2026-07-21,0.0,1-1.5,9.377538601042867e-05
ETH,ET,Ethiopia,ET05,Somali,ET0511,Daawa,2026-07-21,0.0,1-1.5,9.377538601042867e-05
ETH,ET,Ethiopia,ET16,Sidama,ET1600,Sidama,2026-07-22,0.0,1-1.5,1.845208786851964e-05
ETH,ET,Ethiopia,ET01,Tigray,ET0107,Mekelle,2026-07-22,0.0,1-1.5,0.0007390149989986257
ETH,ET,Ethiopia,ET01,Tigray,ET0104,Southern,2026-07-22,0.0,1-1.5,0.0007390149989986257
ETH,ET,Ethiopia,ET01,Tigray,ET0101,North Western,2026-07-22,0.0,1-1.5,0.0007390149989986257
ETH,ET,Ethiopia,ET01,Tigray,ET0102,Central,2026-07-22,0.0,1-1.5,0.0007390149989986257
ETH,ET,Ethiopia,ET01,Tigray,ET0105,Western,2026-07-22,0.0,1-1.5,0.0007390149989986257
ETH,ET,Ethiopia,ET01,Tigray,ET0106,South Eastern,2026-07-22,0.0,1-1.5,0.0007390149989986257
ETH,ET,Ethiopia,ET01,Tigray,ET0103,Eastern,2026-07-22,0.0,1-1.5,0.0007390149989986257
ETH,ET,Ethiopia,ET04,Oromia,ET0404,Jimma,2026-07-22,0.0031172463,1-1.5,0.002290990816386925
ETH,ET,Ethiopia,ET04,Oromia,ET0410,East Hararge,2026-07-22,0.0031172463,1-1.5,0.002290990816386925
ETH,ET,Ethiopia,ET04,Oromia,ET0409,West Hararge,2026-07-22,0.0031172463,1-1.5,0.002290990816386925
ETH,ET,Ethiopia,ET04,Oromia,ET0401,West Wellega,2026-07-22,0.0031172463,1-1.5,0.002290990816386925
ETH,ET,Ethiopia,ET04,Oromia,ET0408,Arsi,2026-07-22,0.0031172463,1-1.5,0.002290990816386925
ETH,ET,Ethiopia,ET04,Oromia,ET0403,Ilu Aba Bora,2026-07-22,0.0031172463,1-1.5,0.002290990816386925
ETH,ET,Ethiopia,ET04,Oromia,ET0407,East Shewa,2026-07-22,0.0031172463,1-1.5,0.002290990816386925
ETH,ET,Ethiopia,ET04,Oromia,ET0405,West Shewa,2026-07-22,0.0031172463,1-1.5,0.002290990816386925
ETH,ET,Ethiopia,ET04,Oromia,ET0406,North Shewa (OR),2026-07-22,0.0031172463,1-1.5,0.002290990816386925
ETH,ET,Ethiopia,ET04,Oromia,ET0402,East Wellega,2026-07-22,0.0031172463,1-1.5,0.002290990816386925
ETH,ET,Ethiopia,ET04,Oromia,ET0418,Kelem Wellega,2026-07-22,0.0031172463,1-1.5,0.002290990816386925
ETH,ET,Ethiopia,ET04,Oromia,ET0411,Bale,2026-07-22,0.0031172463,1-1.5,0.002290990816386925
ETH,ET,Ethiopia,ET04,Oromia,ET0416,Buno Bedele,2026-07-22,0.0031172463,1-1.5,0.002290990816386925
ETH,ET,Ethiopia,ET04,Oromia,ET0421,East Bale,2026-07-22,0.0031172463,1-1.5,0.002290990816386925
ETH,ET,Ethiopia,ET04,Oromia,ET0412,Borena,2026-07-22,0.0031172463,1-1.5,0.002290990816386925
ETH,ET,Ethiopia,ET04,Oromia,ET0419,Horo Gudru Wellega,2026-07-22,0.0031172463,1-1.5,0.002290990816386925
ETH,ET,Ethiopia,ET04,Oromia,ET0417,West Arsi,2026-07-22,0.0031172463,1-1.5,0.002290990816386925
ETH,ET,Ethiopia,ET04,Oromia,ET0413,South West Shewa,2026-07-22,0.0031172463,1-1.5,0.002290990816386925
ETH,ET,Ethiopia,ET04,Oromia,ET0415,West Guji,2026-07-22,0.0031172463,1-1.5,0.002290990816386925
ETH,ET,Ethiopia,ET04,Oromia,ET0414,Guji,2026-07-22,0.0031172463,1-1.5,0.002290990816386925
ETH,ET,Ethiopia,ET04,Oromia,ET0420,Finfine Special,2026-07-22,0.0031172463,1-1.5,0.002290990816386925
ETH,ET,Ethiopia,ET07,SNNP,ET0701,Guraghe,2026-07-22,0.006693814,1-1.5,0.001189890916959319
ETH,ET,Ethiopia,ET07,SNNP,ET0724,Yem Special,2026-07-22,0.006693814,1-1.5,0.001189890916959319
ETH,ET,Ethiopia,ET07,SNNP,ET0721,Amaro,2026-07-22,0.006693814,1-1.5,0.001189890916959319
ETH,ET,Ethiopia,ET07,SNNP,ET0703,Kembata Tembaro,2026-07-22,0.006693814,1-1.5,0.001189890916959319
ETH,ET,Ethiopia,ET07,SNNP,ET0710,Gamo,2026-07-22,0.006693814,1-1.5,0.001189890916959319
ETH,ET,Ethiopia,ET07,SNNP,ET0720,Siltie,2026-07-22,0.006693814,1-1.5,0.001189890916959319
ETH,ET,Ethiopia,ET07,SNNP,ET0715,Gofa,2026-07-22,0.006693814,1-1.5,0.001189890916959319
ETH,ET,Ethiopia,ET07,SNNP,ET0713,Konso,2026-07-22,0.006693814,1-1.5,0.001189890916959319
ETH,ET,Ethiopia,ET07,SNNP,ET0723,Derashe,2026-07-22,0.006693814,1-1.5,0.001189890916959319
ETH,ET,Ethiopia,ET07,SNNP,ET0705,Gedeo,2026-07-22,0.006693814,1-1.5,0.001189890916959319
ETH,ET,Ethiopia,ET07,SNNP,ET0706,Wolayita,2026-07-22,0.006693814,1-1.5,0.001189890916959319
ETH,ET,Ethiopia,ET07,SNNP,ET0714,Halaba,2026-07-22,0.006693814,1-1.5,0.001189890916959319
ETH,ET,Ethiopia,ET07,SNNP,ET0722,Burji,2026-07-22,0.006693814,1-1.5,0.001189890916959319
ETH,ET,Ethiopia,ET07,SNNP,ET0707,South Omo,2026-07-22,0.006693814,1-1.5,0.001189890916959319
ETH,ET,Ethiopia,ET07,SNNP,ET0702,Hadiya,2026-07-22,0.006693814,1-1.5,0.001189890916959319
ETH,ET,Ethiopia,ET07,SNNP,ET0716,Basketo,2026-07-22,0.006693814,1-1.5,0.001189890916959319
ETH,ET,Ethiopia,ET07,SNNP,ET0712,Alle,2026-07-22,0.006693814,1-1.5,0.001189890916959319
ETH,ET,Ethiopia,ET15,Dire Dawa,ET1502,Dire Dawa rural,2026-07-22,0.0,1-1.5,6.23376614715777e-07
ETH,ET,Ethiopia,ET15,Dire Dawa,ET1501,Dire Dawa urban,2026-07-22,0.0,1-1.5,6.23376614715777e-07
ETH,ET,Ethiopia,ET06,Benishangul Gumz,ET0604,Kamashi,2026-07-22,0.023162166,>10,0.007322462527040391
ETH,ET,Ethiopia,ET06,Benishangul Gumz,ET0602,Metekel,2026-07-22,0.023162166,>10,0.007322462527040391
ETH,ET,Ethiopia,ET06,Benishangul Gumz,ET0605,Mao Komo Special,2026-07-22,0.023162166,>10,0.007322462527040391
ETH,ET,Ethiopia,ET06,Benishangul Gumz,ET0603,Assosa,2026-07-22,0.023162166,>10,0.007322462527040391
ETH,ET,Ethiopia,ET02,Afar,ET0201,Awsi /Zone 1,2026-07-22,1.3498149e-05,1-1.5,0.004499841223696422
ETH,ET,Ethiopia,ET02,Afar,ET0204,Fanti /Zone 4,2026-07-22,1.3498149e-05,1-1.5,0.004499841223696422
ETH,ET,Ethiopia,ET02,Afar,ET0205,Hari /Zone 5,2026-07-22,1.3498149e-05,1-1.5,0.004499841223696422
ETH,ET,Ethiopia,ET02,Afar,ET0202,Kilbati /Zone2,2026-07-22,1.3498149e-05,1-1.5,0.004499841223696422
ETH,ET,Ethiopia,ET02,Afar,ET0203,Gabi /Zone 3,2026-07-22,1.3498149e-05,1-1.5,0.004499841223696422
ETH,ET,Ethiopia,ET03,Amhara,ET0307,West Gojam,2026-07-22,0.00059625873,1-1.5,0.0007284697558961027
ETH,ET,Ethiopia,ET03,Amhara,ET0309,Awi,2026-07-22,0.00059625873,1-1.5,0.0007284697558961027
ETH,ET,Ethiopia,ET03,Amhara,ET0305,North Shewa (AM),2026-07-22,0.00059625873,1-1.5,0.0007284697558961027
ETH,ET,Ethiopia,ET03,Amhara,ET0302,South Gondar,2026-07-22,0.00059625873,1-1.5,0.0007284697558961027
ETH,ET,Ethiopia,ET03,Amhara,ET0312,West Gondar,2026-07-22,0.00059625873,1-1.5,0.0007284697558961027
ETH,ET,Ethiopia,ET03,Amhara,ET0310,Oromia,2026-07-22,0.00059625873,1-1.5,0.0007284697558961027
ETH,ET,Ethiopia,ET03,Amhara,ET0304,South Wello,2026-07-22,0.00059625873,1-1.5,0.0007284697558961027
ETH,ET,Ethiopia,ET03,Amhara,ET0301,North Gondar,2026-07-22,0.00059625873,1-1.5,0.0007284697558961027
ETH,ET,Ethiopia,ET03,Amhara,ET0311,Central Gondar,2026-07-22,0.00059625873,1-1.5,0.0007284697558961027
ETH,ET,Ethiopia,ET03,Amhara,ET0303,North Wello,2026-07-22,0.00059625873,1-1.5,0.0007284697558961027
ETH,ET,Ethiopia,ET03,Amhara,ET0308,Wag Hamra,2026-07-22,0.00059625873,1-1.5,0.0007284697558961027
ETH,ET,Ethiopia,ET03,Amhara,ET0306,East Gojam,2026-07-22,0.00059625873,1-1.5,0.0007284697558961027
ETH,ET,Ethiopia,ET12,Gambela,ET1202,Agnewak,2026-07-22,0.0052075568,1-1.5,0.002447964646894847
ETH,ET,Ethiopia,ET12,Gambela,ET1204,Itang Special woreda,2026-07-22,0.0052075568,1-1.5,0.002447964646894847
ETH,ET,Ethiopia,ET12,Gambela,ET1203,Majang,2026-07-22,0.0052075568,1-1.5,0.002447964646894847
ETH,ET,Ethiopia,ET12,Gambela,ET1201,Nuwer,2026-07-22,0.0052075568,1-1.5,0.002447964646894847
ETH,ET,Ethiopia,ET13,Harari,ET1301,Harari,2026-07-22,0.0,1-1.5,1.886363601112283e-05
ETH,ET,Ethiopia,ET14,Addis Ababa,ET1401,Region 14,2026-07-22,0.0,1-1.5,4.142045596298968e-05
ETH,ET,Ethiopia,ET11,South West Ethiopia,ET1106,Konta Special,2026-07-22,5.9811617e-05,1-1.5,1.011127276277855e-05
ETH,ET,Ethiopia,ET11,South West Ethiopia,ET1105,Mirab Omo,2026-07-22,5.9811617e-05,1-1.5,1.011127276277855e-05
ETH,ET,Ethiopia,ET11,South West Ethiopia,ET1104,Dawuro,2026-07-22,5.9811617e-05,1-1.5,1.011127276277855e-05
ETH,ET,Ethiopia,ET11,South West Ethiopia,ET1101,Sheka,2026-07-22,5.9811617e-05,1-1.5,1.011127276277855e-05
ETH,ET,Ethiopia,ET11,South West Ethiopia,ET1103,Bench Sheko,2026-07-22,5.9811617e-05,1-1.5,1.011127276277855e-05
ETH,ET,Ethiopia,ET11,South West Ethiopia,ET1102,Kefa,2026-07-22,5.9811617e-05,1-1.5,1.011127276277855e-05
ETH,ET,Ethiopia,ET05,Somali,ET0510,Nogob,2026-07-22,0.0,1-1.5,0.0001048040639009509
ETH,ET,Ethiopia,ET05,Somali,ET0506,Shabelle,2026-07-22,0.0,1-1.5,0.0001048040639009509
ETH,ET,Ethiopia,ET05,Somali,ET0502,Fafan,2026-07-22,0.0,1-1.5,0.0001048040639009509
ETH,ET,Ethiopia,ET05,Somali,ET0503,Jarar,2026-07-22,0.0,1-1.5,0.0001048040639009509
ETH,ET,Ethiopia,ET05,Somali,ET0501,Siti,2026-07-22,0.0,1-1.5,0.0001048040639009509
ETH,ET,Ethiopia,ET05,Somali,ET0508,Afder,2026-07-22,0.0,1-1.5,0.0001048040639009509
ETH,ET,Ethiopia,ET05,Somali,ET0504,Erer,2026-07-22,0.0,1-1.5,0.0001048040639009509
ETH,ET,Ethiopia,ET05,Somali,ET0509,Liban,2026-07-22,0.0,1-1.5,0.0001048040639009509
ETH,ET,Ethiopia,ET05,Somali,ET0507,Doolo,2026-07-22,0.0,1-1.5,0.0001048040639009509
ETH,ET,Ethiopia,ET05,Somali,ET0505,Korahe,2026-07-22,0.0,1-1.5,0.0001048040639009509
ETH,ET,Ethiopia,ET05,Somali,ET0511,Daawa,2026-07-22,0.0,1-1.5,0.0001048040639009509
ETH,ET,Ethiopia,ET16,Sidama,ET1600,Sidama,2026-07-23,0.0,1-1.5,2.521703460677765e-05
ETH,ET,Ethiopia,ET01,Tigray,ET0107,Mekelle,2026-07-23,0.0,1-1.5,0.0006731863643935299
ETH,ET,Ethiopia,ET01,Tigray,ET0104,Southern,2026-07-23,0.0,1-1.5,0.0006731863643935299
ETH,ET,Ethiopia,ET01,Tigray,ET0101,North Western,2026-07-23,0.0,1-1.5,0.0006731863643935299
ETH,ET,Ethiopia,ET01,Tigray,ET0102,Central,2026-07-23,0.0,1-1.5,0.0006731863643935299
ETH,ET,Ethiopia,ET01,Tigray,ET0105,Western,2026-07-23,0.0,1-1.5,0.0006731863643935299
ETH,ET,Ethiopia,ET01,Tigray,ET0106,South Eastern,2026-07-23,0.0,1-1.5,0.0006731863643935299
ETH,ET,Ethiopia,ET01,Tigray,ET0103,Eastern,2026-07-23,0.0,1-1.5,0.0006731863643935299
ETH,ET,Ethiopia,ET04,Oromia,ET0404,Jimma,2026-07-23,0.003377496,1-1.5,0.002301208906150847
ETH,ET,Ethiopia,ET04,Oromia,ET0410,East Hararge,2026-07-23,0.003377496,1-1.5,0.002301208906150847
ETH,ET,Ethiopia,ET04,Oromia,ET0409,West Hararge,2026-07-23,0.003377496,1-1.5,0.002301208906150847
ETH,ET,Ethiopia,ET04,Oromia,ET0401,West Wellega,2026-07-23,0.003377496,1-1.5,0.002301208906150847
ETH,ET,Ethiopia,ET04,Oromia,ET0408,Arsi,2026-07-23,0.003377496,1-1.5,0.002301208906150847
ETH,ET,Ethiopia,ET04,Oromia,ET0403,Ilu Aba Bora,2026-07-23,0.003377496,1-1.5,0.002301208906150847
ETH,ET,Ethiopia,ET04,Oromia,ET0407,East Shewa,2026-07-23,0.003377496,1-1.5,0.002301208906150847
ETH,ET,Ethiopia,ET04,Oromia,ET0405,West Shewa,2026-07-23,0.003377496,1-1.5,0.002301208906150847
ETH,ET,Ethiopia,ET04,Oromia,ET0406,North Shewa (OR),2026-07-23,0.003377496,1-1.5,0.002301208906150847
ETH,ET,Ethiopia,ET04,Oromia,ET0402,East Wellega,2026-07-23,0.003377496,1-1.5,0.002301208906150847
ETH,ET,Ethiopia,ET04,Oromia,ET0418,Kelem Wellega,2026-07-23,0.003377496,1-1.5,0.002301208906150847
ETH,ET,Ethiopia,ET04,Oromia,ET0411,Bale,2026-07-23,0.003377496,1-1.5,0.002301208906150847
ETH,ET,Ethiopia,ET04,Oromia,ET0416,Buno Bedele,2026-07-23,0.003377496,1-1.5,0.002301208906150847
ETH,ET,Ethiopia,ET04,Oromia,ET0421,East Bale,2026-07-23,0.003377496,1-1.5,0.002301208906150847
ETH,ET,Ethiopia,ET04,Oromia,ET0412,Borena,2026-07-23,0.003377496,1-1.5,0.002301208906150847
ETH,ET,Ethiopia,ET04,Oromia,ET0419,Horo Gudru Wellega,2026-07-23,0.003377496,1-1.5,0.002301208906150847
ETH,ET,Ethiopia,ET04,Oromia,ET0417,West Arsi,2026-07-23,0.003377496,1-1.5,0.002301208906150847
ETH,ET,Ethiopia,ET04,Oromia,ET0413,South West Shewa,2026-07-23,0.003377496,1-1.5,0.002301208906150847
ETH,ET,Ethiopia,ET04,Oromia,ET0415,West Guji,2026-07-23,0.003377496,1-1.5,0.002301208906150847
ETH,ET,Ethiopia,ET04,Oromia,ET0414,Guji,2026-07-23,0.003377496,1-1.5,0.002301208906150847
ETH,ET,Ethiopia,ET04,Oromia,ET0420,Finfine Special,2026-07-23,0.003377496,1-1.5,0.002301208906150847
ETH,ET,Ethiopia,ET07,SNNP,ET0701,Guraghe,2026-07-23,0.006658136,1-1.5,0.001185962820223226
ETH,ET,Ethiopia,ET07,SNNP,ET0724,Yem Special,2026-07-23,0.006658136,1-1.5,0.001185962820223226
ETH,ET,Ethiopia,ET07,SNNP,ET0721,Amaro,2026-07-23,0.006658136,1-1.5,0.001185962820223226
ETH,ET,Ethiopia,ET07,SNNP,ET0703,Kembata Tembaro,2026-07-23,0.006658136,1-1.5,0.001185962820223226
ETH,ET,Ethiopia,ET07,SNNP,ET0710,Gamo,2026-07-23,0.006658136,1-1.5,0.001185962820223226
ETH,ET,Ethiopia,ET07,SNNP,ET0720,Siltie,2026-07-23,0.006658136,1-1.5,0.001185962820223226
ETH,ET,Ethiopia,ET07,SNNP,ET0715,Gofa,2026-07-23,0.006658136,1-1.5,0.001185962820223226
ETH,ET,Ethiopia,ET07,SNNP,ET0713,Konso,2026-07-23,0.006658136,1-1.5,0.001185962820223226
ETH,ET,Ethiopia,ET07,SNNP,ET0723,Derashe,2026-07-23,0.006658136,1-1.5,0.001185962820223226
ETH,ET,Ethiopia,ET07,SNNP,ET0705,Gedeo,2026-07-23,0.006658136,1-1.5,0.001185962820223226
ETH,ET,Ethiopia,ET07,SNNP,ET0706,Wolayita,2026-07-23,0.006658136,1-1.5,0.001185962820223226
ETH,ET,Ethiopia,ET07,SNNP,ET0714,Halaba,2026-07-23,0.006658136,1-1.5,0.001185962820223226
ETH,ET,Ethiopia,ET07,SNNP,ET0722,Burji,2026-07-23,0.006658136,1-1.5,0.001185962820223226
ETH,ET,Ethiopia,ET07,SNNP,ET0707,South Omo,2026-07-23,0.006658136,1-1.5,0.001185962820223226
ETH,ET,Ethiopia,ET07,SNNP,ET0702,Hadiya,2026-07-23,0.006658136,1-1.5,0.001185962820223226
ETH,ET,Ethiopia,ET07,SNNP,ET0716,Basketo,2026-07-23,0.006658136,1-1.5,0.001185962820223226
ETH,ET,Ethiopia,ET07,SNNP,ET0712,Alle,2026-07-23,0.006658136,1-1.5,0.001185962820223226
ETH,ET,Ethiopia,ET15,Dire Dawa,ET1502,Dire Dawa rural,2026-07-23,0.0,1-1.5,5.194805122631475e-07
ETH,ET,Ethiopia,ET15,Dire Dawa,ET1501,Dire Dawa urban,2026-07-23,0.0,1-1.5,5.194805122631475e-07
ETH,ET,Ethiopia,ET06,Benishangul Gumz,ET0604,Kamashi,2026-07-23,0.022637382,>10,0.007425029526365538
ETH,ET,Ethiopia,ET06,Benishangul Gumz,ET0602,Metekel,2026-07-23,0.022637382,>10,0.007425029526365538
ETH,ET,Ethiopia,ET06,Benishangul Gumz,ET0605,Mao Komo Special,2026-07-23,0.022637382,>10,0.007425029526365538
ETH,ET,Ethiopia,ET06,Benishangul Gumz,ET0603,Assosa,2026-07-23,0.022637382,>10,0.007425029526365538
ETH,ET,Ethiopia,ET02,Afar,ET0201,Awsi /Zone 1,2026-07-23,0.00015400491,1-1.5,0.004602855442714248
ETH,ET,Ethiopia,ET02,Afar,ET0204,Fanti /Zone 4,2026-07-23,0.00015400491,1-1.5,0.004602855442714248
ETH,ET,Ethiopia,ET02,Afar,ET0205,Hari /Zone 5,2026-07-23,0.00015400491,1-1.5,0.004602855442714248
ETH,ET,Ethiopia,ET02,Afar,ET0202,Kilbati /Zone2,2026-07-23,0.00015400491,1-1.5,0.004602855442714248
ETH,ET,Ethiopia,ET02,Afar,ET0203,Gabi /Zone 3,2026-07-23,0.00015400491,1-1.5,0.004602855442714248
ETH,ET,Ethiopia,ET03,Amhara,ET0307,West Gojam,2026-07-23,0.0007690914,1-1.5,0.000661554709292938
ETH,ET,Ethiopia,ET03,Amhara,ET0309,Awi,2026-07-23,0.0007690914,1-1.5,0.000661554709292938
ETH,ET,Ethiopia,ET03,Amhara,ET0305,North Shewa (AM),2026-07-23,0.0007690914,1-1.5,0.000661554709292938
ETH,ET,Ethiopia,ET03,Amhara,ET0302,South Gondar,2026-07-23,0.0007690914,1-1.5,0.000661554709292938
ETH,ET,Ethiopia,ET03,Amhara,ET0312,West Gondar,2026-07-23,0.0007690914,1-1.5,0.000661554709292938
ETH,ET,Ethiopia,ET03,Amhara,ET0310,Oromia,2026-07-23,0.0007690914,1-1.5,0.000661554709292938
ETH,ET,Ethiopia,ET03,Amhara,ET0304,South Wello,2026-07-23,0.0007690914,1-1.5,0.000661554709292938
ETH,ET,Ethiopia,ET03,Amhara,ET0301,North Gondar,2026-07-23,0.0007690914,1-1.5,0.000661554709292938
ETH,ET,Ethiopia,ET03,Amhara,ET0311,Central Gondar,2026-07-23,0.0007690914,1-1.5,0.000661554709292938
ETH,ET,Ethiopia,ET03,Amhara,ET0303,North Wello,2026-07-23,0.0007690914,1-1.5,0.000661554709292938
ETH,ET,Ethiopia,ET03,Amhara,ET0308,Wag Hamra,2026-07-23,0.0007690914,1-1.5,0.000661554709292938
ETH,ET,Ethiopia,ET03,Amhara,ET0306,East Gojam,2026-07-23,0.0007690914,1-1.5,0.000661554709292938
ETH,ET,Ethiopia,ET12,Gambela,ET1202,Agnewak,2026-07-23,0.0047961907,1-1.5,0.002591850648844808
ETH,ET,Ethiopia,ET12,Gambela,ET1204,Itang Special woreda,2026-07-23,0.0047961907,1-1.5,0.002591850648844808
ETH,ET,Ethiopia,ET12,Gambela,ET1203,Majang,2026-07-23,0.0047961907,1-1.5,0.002591850648844808
ETH,ET,Ethiopia,ET12,Gambela,ET1201,Nuwer,2026-07-23,0.0047961907,1-1.5,0.002591850648844808
ETH,ET,Ethiopia,ET13,Harari,ET1301,Harari,2026-07-23,0.0,1-1.5,1.871212085792318e-05
ETH,ET,Ethiopia,ET14,Addis Ababa,ET1401,Region 14,2026-07-23,0.0,1-1.5,4.590909240753469e-05
ETH,ET,Ethiopia,ET11,South West Ethiopia,ET1106,Konta Special,2026-07-23,0.0,1-1.5,1.470783957609518e-05
ETH,ET,Ethiopia,ET11,South West Ethiopia,ET1105,Mirab Omo,2026-07-23,0.0,1-1.5,1.470783957609518e-05
ETH,ET,Ethiopia,ET11,South West Ethiopia,ET1104,Dawuro,2026-07-23,0.0,1-1.5,1.470783957609518e-05
ETH,ET,Ethiopia,ET11,South West Ethiopia,ET1101,Sheka,2026-07-23,0.0,1-1.5,1.470783957609518e-05
ETH,ET,Ethiopia,ET11,South West Ethiopia,ET1103,Bench Sheko,2026-07-23,0.0,1-1.5,1.470783957609518e-05
ETH,ET,Ethiopia,ET11,South West Ethiopia,ET1102,Kefa,2026-07-23,0.0,1-1.5,1.470783957609518e-05
ETH,ET,Ethiopia,ET05,Somali,ET0510,Nogob,2026-07-23,0.0,1-1.5,0.0001100999299171351
ETH,ET,Ethiopia,ET05,Somali,ET0506,Shabelle,2026-07-23,0.0,1-1.5,0.0001100999299171351
ETH,ET,Ethiopia,ET05,Somali,ET0502,Fafan,2026-07-23,0.0,1-1.5,0.0001100999299171351
ETH,ET,Ethiopia,ET05,Somali,ET0503,Jarar,2026-07-23,0.0,1-1.5,0.0001100999299171351
ETH,ET,Ethiopia,ET05,Somali,ET0501,Siti,2026-07-23,0.0,1-1.5,0.0001100999299171351
ETH,ET,Ethiopia,ET05,Somali,ET0508,Afder,2026-07-23,0.0,1-1.5,0.0001100999299171351
ETH,ET,Ethiopia,ET05,Somali,ET0504,Erer,2026-07-23,0.0,1-1.5,0.0001100999299171351
ETH,ET,Ethiopia,ET05,Somali,ET0509,Liban,2026-07-23,0.0,1-1.5,0.0001100999299171351
ETH,ET,Ethiopia,ET05,Somali,ET0507,Doolo,2026-07-23,0.0,1-1.5,0.0001100999299171351
ETH,ET,Ethiopia,ET05,Somali,ET0505,Korahe,2026-07-23,0.0,1-1.5,0.0001100999299171351
ETH,ET,Ethiopia,ET05,Somali,ET0511,Daawa,2026-07-23,0.0,1-1.5,0.0001100999299171351
ETH,ET,Ethiopia,ET16,Sidama,ET1600,Sidama,2026-07-24,0.0,1-1.5,3.112203035842951e-05
ETH,ET,Ethiopia,ET01,Tigray,ET0107,Mekelle,2026-07-24,0.0,1-1.5,0.0005577778745448695
ETH,ET,Ethiopia,ET01,Tigray,ET0104,Southern,2026-07-24,0.0,1-1.5,0.0005577778745448695
ETH,ET,Ethiopia,ET01,Tigray,ET0101,North Western,2026-07-24,0.0,1-1.5,0.0005577778745448695
ETH,ET,Ethiopia,ET01,Tigray,ET0102,Central,2026-07-24,0.0,1-1.5,0.0005577778745448695
ETH,ET,Ethiopia,ET01,Tigray,ET0105,Western,2026-07-24,0.0,1-1.5,0.0005577778745448695
ETH,ET,Ethiopia,ET01,Tigray,ET0106,South Eastern,2026-07-24,0.0,1-1.5,0.0005577778745448695
ETH,ET,Ethiopia,ET01,Tigray,ET0103,Eastern,2026-07-24,0.0,1-1.5,0.0005577778745448695
ETH,ET,Ethiopia,ET04,Oromia,ET0404,Jimma,2026-07-24,0.003560192,1-1.5,0.00228639161796309
ETH,ET,Ethiopia,ET04,Oromia,ET0410,East Hararge,2026-07-24,0.003560192,1-1.5,0.00228639161796309
ETH,ET,Ethiopia,ET04,Oromia,ET0409,West Hararge,2026-07-24,0.003560192,1-1.5,0.00228639161796309
ETH,ET,Ethiopia,ET04,Oromia,ET0401,West Wellega,2026-07-24,0.003560192,1-1.5,0.00228639161796309
ETH,ET,Ethiopia,ET04,Oromia,ET0408,Arsi,2026-07-24,0.003560192,1-1.5,0.00228639161796309
ETH,ET,Ethiopia,ET04,Oromia,ET0403,Ilu Aba Bora,2026-07-24,0.003560192,1-1.5,0.00228639161796309
ETH,ET,Ethiopia,ET04,Oromia,ET0407,East Shewa,2026-07-24,0.003560192,1-1.5,0.00228639161796309
ETH,ET,Ethiopia,ET04,Oromia,ET0405,West Shewa,2026-07-24,0.003560192,1-1.5,0.00228639161796309
ETH,ET,Ethiopia,ET04,Oromia,ET0406,North Shewa (OR),2026-07-24,0.003560192,1-1.5,0.00228639161796309
ETH,ET,Ethiopia,ET04,Oromia,ET0402,East Wellega,2026-07-24,0.003560192,1-1.5,0.00228639161796309
ETH,ET,Ethiopia,ET04,Oromia,ET0418,Kelem Wellega,2026-07-24,0.003560192,1-1.5,0.00228639161796309
ETH,ET,Ethiopia,ET04,Oromia,ET0411,Bale,2026-07-24,0.003560192,1-1.5,0.00228639161796309
ETH,ET,Ethiopia,ET04,Oromia,ET0416,Buno Bedele,2026-07-24,0.003560192,1-1.5,0.00228639161796309
ETH,ET,Ethiopia,ET04,Oromia,ET0421,East Bale,2026-07-24,0.003560192,1-1.5,0.00228639161796309
ETH,ET,Ethiopia,ET04,Oromia,ET0412,Borena,2026-07-24,0.003560192,1-1.5,0.00228639161796309
ETH,ET,Ethiopia,ET04,Oromia,ET0419,Horo Gudru Wellega,2026-07-24,0.003560192,1-1.5,0.00228639161796309
ETH,ET,Ethiopia,ET04,Oromia,ET0417,West Arsi,2026-07-24,0.003560192,1-1.5,0.00228639161796309
ETH,ET,Ethiopia,ET04,Oromia,ET0413,South West Shewa,2026-07-24,0.003560192,1-1.5,0.00228639161796309
ETH,ET,Ethiopia,ET04,Oromia,ET0415,West Guji,2026-07-24,0.003560192,1-1.5,0.00228639161796309
ETH,ET,Ethiopia,ET04,Oromia,ET0414,Guji,2026-07-24,0.003560192,1-1.5,0.00228639161796309
ETH,ET,Ethiopia,ET04,Oromia,ET0420,Finfine Special,2026-07-24,0.003560192,1-1.5,0.00228639161796309
ETH,ET,Ethiopia,ET07,SNNP,ET0701,Guraghe,2026-07-24,0.008033664,1-1.5,0.001196557016421386
ETH,ET,Ethiopia,ET07,SNNP,ET0724,Yem Special,2026-07-24,0.008033664,1-1.5,0.001196557016421386
ETH,ET,Ethiopia,ET07,SNNP,ET0721,Amaro,2026-07-24,0.008033664,1-1.5,0.001196557016421386
ETH,ET,Ethiopia,ET07,SNNP,ET0703,Kembata Tembaro,2026-07-24,0.008033664,1-1.5,0.001196557016421386
ETH,ET,Ethiopia,ET07,SNNP,ET0710,Gamo,2026-07-24,0.008033664,1-1.5,0.001196557016421386
ETH,ET,Ethiopia,ET07,SNNP,ET0720,Siltie,2026-07-24,0.008033664,1-1.5,0.001196557016421386
ETH,ET,Ethiopia,ET07,SNNP,ET0715,Gofa,2026-07-24,0.008033664,1-1.5,0.001196557016421386
ETH,ET,Ethiopia,ET07,SNNP,ET0713,Konso,2026-07-24,0.008033664,1-1.5,0.001196557016421386
ETH,ET,Ethiopia,ET07,SNNP,ET0723,Derashe,2026-07-24,0.008033664,1-1.5,0.001196557016421386
ETH,ET,Ethiopia,ET07,SNNP,ET0705,Gedeo,2026-07-24,0.008033664,1-1.5,0.001196557016421386
ETH,ET,Ethiopia,ET07,SNNP,ET0706,Wolayita,2026-07-24,0.008033664,1-1.5,0.001196557016421386
ETH,ET,Ethiopia,ET07,SNNP,ET0714,Halaba,2026-07-24,0.008033664,1-1.5,0.001196557016421386
ETH,ET,Ethiopia,ET07,SNNP,ET0722,Burji,2026-07-24,0.008033664,1-1.5,0.001196557016421386
ETH,ET,Ethiopia,ET07,SNNP,ET0707,South Omo,2026-07-24,0.008033664,1-1.5,0.001196557016421386
ETH,ET,Ethiopia,ET07,SNNP,ET0702,Hadiya,2026-07-24,0.008033664,1-1.5,0.001196557016421386
ETH,ET,Ethiopia,ET07,SNNP,ET0716,Basketo,2026-07-24,0.008033664,1-1.5,0.001196557016421386
ETH,ET,Ethiopia,ET07,SNNP,ET0712,Alle,2026-07-24,0.008033664,1-1.5,0.001196557016421386
ETH,ET,Ethiopia,ET15,Dire Dawa,ET1502,Dire Dawa rural,2026-07-24,0.0,1-1.5,5.194805122631475e-07
ETH,ET,Ethiopia,ET15,Dire Dawa,ET1501,Dire Dawa urban,2026-07-24,0.0,1-1.5,5.194805122631475e-07
ETH,ET,Ethiopia,ET06,Benishangul Gumz,ET0604,Kamashi,2026-07-24,0.022755744,>10,0.007506257794103343
ETH,ET,Ethiopia,ET06,Benishangul Gumz,ET0602,Metekel,2026-07-24,0.022755744,>10,0.007506257794103343
ETH,ET,Ethiopia,ET06,Benishangul Gumz,ET0605,Mao Komo Special,2026-07-24,0.022755744,>10,0.007506257794103343
ETH,ET,Ethiopia,ET06,Benishangul Gumz,ET0603,Assosa,2026-07-24,0.022755744,>10,0.007506257794103343
ETH,ET,Ethiopia,ET02,Afar,ET0201,Awsi /Zone 1,2026-07-24,0.00054216513,1-1.5,0.004638112029037571
ETH,ET,Ethiopia,ET02,Afar,ET0204,Fanti /Zone 4,2026-07-24,0.00054216513,1-1.5,0.004638112029037571
ETH,ET,Ethiopia,ET02,Afar,ET0205,Hari /Zone 5,2026-07-24,0.00054216513,1-1.5,0.004638112029037571
ETH,ET,Ethiopia,ET02,Afar,ET0202,Kilbati /Zone2,2026-07-24,0.00054216513,1-1.5,0.004638112029037571
ETH,ET,Ethiopia,ET02,Afar,ET0203,Gabi /Zone 3,2026-07-24,0.00054216513,1-1.5,0.004638112029037571
ETH,ET,Ethiopia,ET03,Amhara,ET0307,West Gojam,2026-07-24,0.0005162038,1-1.5,0.0005874399946403485
ETH,ET,Ethiopia,ET03,Amhara,ET0309,Awi,2026-07-24,0.0005162038,1-1.5,0.0005874399946403485
ETH,ET,Ethiopia,ET03,Amhara,ET0305,North Shewa (AM),2026-07-24,0.0005162038,1-1.5,0.0005874399946403485
ETH,ET,Ethiopia,ET03,Amhara,ET0302,South Gondar,2026-07-24,0.0005162038,1-1.5,0.0005874399946403485
ETH,ET,Ethiopia,ET03,Amhara,ET0312,West Gondar,2026-07-24,0.0005162038,1-1.5,0.0005874399946403485
ETH,ET,Ethiopia,ET03,Amhara,ET0310,Oromia,2026-07-24,0.0005162038,1-1.5,0.0005874399946403485
ETH,ET,Ethiopia,ET03,Amhara,ET0304,South Wello,2026-07-24,0.0005162038,1-1.5,0.0005874399946403485
ETH,ET,Ethiopia,ET03,Amhara,ET0301,North Gondar,2026-07-24,0.0005162038,1-1.5,0.0005874399946403485
ETH,ET,Ethiopia,ET03,Amhara,ET0311,Central Gondar,2026-07-24,0.0005162038,1-1.5,0.0005874399946403485
ETH,ET,Ethiopia,ET03,Amhara,ET0303,North Wello,2026-07-24,0.0005162038,1-1.5,0.0005874399946403485
ETH,ET,Ethiopia,ET03,Amhara,ET0308,Wag Hamra,2026-07-24,0.0005162038,1-1.5,0.0005874399946403485
ETH,ET,Ethiopia,ET03,Amhara,ET0306,East Gojam,2026-07-24,0.0005162038,1-1.5,0.0005874399946403485
ETH,ET,Ethiopia,ET12,Gambela,ET1202,Agnewak,2026-07-24,0.0049209767,1-1.5,0.002747311184901429
ETH,ET,Ethiopia,ET12,Gambela,ET1204,Itang Special woreda,2026-07-24,0.0049209767,1-1.5,0.002747311184901429
ETH,ET,Ethiopia,ET12,Gambela,ET1203,Majang,2026-07-24,0.0049209767,1-1.5,0.002747311184901429
ETH,ET,Ethiopia,ET12,Gambela,ET1201,Nuwer,2026-07-24,0.0049209767,1-1.5,0.002747311184901429
ETH,ET,Ethiopia,ET13,Harari,ET1301,Harari,2026-07-24,0.0,1-1.5,1.856060570472354e-05
ETH,ET,Ethiopia,ET14,Addis Ababa,ET1401,Region 14,2026-07-24,0.0,1-1.5,5.090909244658675e-05
ETH,ET,Ethiopia,ET11,South West Ethiopia,ET1106,Konta Special,2026-07-24,0.0,1-1.5,1.954335355856591e-05
ETH,ET,Ethiopia,ET11,South West Ethiopia,ET1105,Mirab Omo,2026-07-24,0.0,1-1.5,1.954335355856591e-05
ETH,ET,Ethiopia,ET11,South West Ethiopia,ET1104,Dawuro,2026-07-24,0.0,1-1.5,1.954335355856591e-05
ETH,ET,Ethiopia,ET11,South West Ethiopia,ET1101,Sheka,2026-07-24,0.0,1-1.5,1.954335355856591e-05
ETH,ET,Ethiopia,ET11,South West Ethiopia,ET1103,Bench Sheko,2026-07-24,0.0,1-1.5,1.954335355856591e-05
ETH,ET,Ethiopia,ET11,South West Ethiopia,ET1102,Kefa,2026-07-24,0.0,1-1.5,1.954335355856591e-05
ETH,ET,Ethiopia,ET05,Somali,ET0510,Nogob,2026-07-24,9.824148e-09,1-1.5,0.0001022426471495631
ETH,ET,Ethiopia,ET05,Somali,ET0506,Shabelle,2026-07-24,9.824148e-09,1-1.5,0.0001022426471495631
ETH,ET,Ethiopia,ET05,Somali,ET0502,Fafan,2026-07-24,9.824148e-09,1-1.5,0.0001022426471495631
ETH,ET,Ethiopia,ET05,Somali,ET0503,Jarar,2026-07-24,9.824148e-09,1-1.5,0.0001022426471495631
ETH,ET,Ethiopia,ET05,Somali,ET0501,Siti,2026-07-24,9.824148e-09,1-1.5,0.0001022426471495631
ETH,ET,Ethiopia,ET05,Somali,ET0508,Afder,2026-07-24,9.824148e-09,1-1.5,0.0001022426471495631
ETH,ET,Ethiopia,ET05,Somali,ET0504,Erer,2026-07-24,9.824148e-09,1-1.5,0.0001022426471495631
ETH,ET,Ethiopia,ET05,Somali,ET0509,Liban,2026-07-24,9.824148e-09,1-1.5,0.0001022426471495631
ETH,ET,Ethiopia,ET05,Somali,ET0507,Doolo,2026-07-24,9.824148e-09,1-1.5,0.0001022426471495631
ETH,ET,Ethiopia,ET05,Somali,ET0505,Korahe,2026-07-24,9.824148e-09,1-1.5,0.0001022426471495631
ETH,ET,Ethiopia,ET05,Somali,ET0511,Daawa,2026-07-24,9.824148e-09,1-1.5,0.0001022426471495631
ETH,ET,Ethiopia,ET16,Sidama,ET1600,Sidama,2026-07-25,0.00036486486,1-1.5,3.104013027371945e-05
ETH,ET,Ethiopia,ET01,Tigray,ET0107,Mekelle,2026-07-25,0.00064199755,1-1.5,0.0005177874036936651
ETH,ET,Ethiopia,ET01,Tigray,ET0104,Southern,2026-07-25,0.00064199755,1-1.5,0.0005177874036936651
ETH,ET,Ethiopia,ET01,Tigray,ET0101,North Western,2026-07-25,0.00064199755,1-1.5,0.0005177874036936651
ETH,ET,Ethiopia,ET01,Tigray,ET0102,Central,2026-07-25,0.00064199755,1-1.5,0.0005177874036936651
ETH,ET,Ethiopia,ET01,Tigray,ET0105,Western,2026-07-25,0.00064199755,1-1.5,0.0005177874036936651
ETH,ET,Ethiopia,ET01,Tigray,ET0106,South Eastern,2026-07-25,0.00064199755,1-1.5,0.0005177874036936651
ETH,ET,Ethiopia,ET01,Tigray,ET0103,Eastern,2026-07-25,0.00064199755,1-1.5,0.0005177874036936651
ETH,ET,Ethiopia,ET04,Oromia,ET0404,Jimma,2026-07-25,0.0040939664,1-1.5,0.002278755816355856
ETH,ET,Ethiopia,ET04,Oromia,ET0410,East Hararge,2026-07-25,0.0040939664,1-1.5,0.002278755816355856
ETH,ET,Ethiopia,ET04,Oromia,ET0409,West Hararge,2026-07-25,0.0040939664,1-1.5,0.002278755816355856
ETH,ET,Ethiopia,ET04,Oromia,ET0401,West Wellega,2026-07-25,0.0040939664,1-1.5,0.002278755816355856
ETH,ET,Ethiopia,ET04,Oromia,ET0408,Arsi,2026-07-25,0.0040939664,1-1.5,0.002278755816355856
ETH,ET,Ethiopia,ET04,Oromia,ET0403,Ilu Aba Bora,2026-07-25,0.0040939664,1-1.5,0.002278755816355856
ETH,ET,Ethiopia,ET04,Oromia,ET0407,East Shewa,2026-07-25,0.0040939664,1-1.5,0.002278755816355856
ETH,ET,Ethiopia,ET04,Oromia,ET0405,West Shewa,2026-07-25,0.0040939664,1-1.5,0.002278755816355856
ETH,ET,Ethiopia,ET04,Oromia,ET0406,North Shewa (OR),2026-07-25,0.0040939664,1-1.5,0.002278755816355856
ETH,ET,Ethiopia,ET04,Oromia,ET0402,East Wellega,2026-07-25,0.0040939664,1-1.5,0.002278755816355856
ETH,ET,Ethiopia,ET04,Oromia,ET0418,Kelem Wellega,2026-07-25,0.0040939664,1-1.5,0.002278755816355856
ETH,ET,Ethiopia,ET04,Oromia,ET0411,Bale,2026-07-25,0.0040939664,1-1.5,0.002278755816355856
ETH,ET,Ethiopia,ET04,Oromia,ET0416,Buno Bedele,2026-07-25,0.0040939664,1-1.5,0.002278755816355856
ETH,ET,Ethiopia,ET04,Oromia,ET0421,East Bale,2026-07-25,0.0040939664,1-1.5,0.002278755816355856
ETH,ET,Ethiopia,ET04,Oromia,ET0412,Borena,2026-07-25,0.0040939664,1-1.5,0.002278755816355856
ETH,ET,Ethiopia,ET04,Oromia,ET0419,Horo Gudru Wellega,2026-07-25,0.0040939664,1-1.5,0.002278755816355856
ETH,ET,Ethiopia,ET04,Oromia,ET0417,West Arsi,2026-07-25,0.0040939664,1-1.5,0.002278755816355856
ETH,ET,Ethiopia,ET04,Oromia,ET0413,South West Shewa,2026-07-25,0.0040939664,1-1.5,0.002278755816355856
ETH,ET,Ethiopia,ET04,Oromia,ET0415,West Guji,2026-07-25,0.0040939664,1-1.5,0.002278755816355856
ETH,ET,Ethiopia,ET04,Oromia,ET0414,Guji,2026-07-25,0.0040939664,1-1.5,0.002278755816355856
ETH,ET,Ethiopia,ET04,Oromia,ET0420,Finfine Special,2026-07-25,0.0040939664,1-1.5,0.002278755816355856
ETH,ET,Ethiopia,ET07,SNNP,ET0701,Guraghe,2026-07-25,0.0090448065,1-1.5,0.001234372980541759
ETH,ET,Ethiopia,ET07,SNNP,ET0724,Yem Special,2026-07-25,0.0090448065,1-1.5,0.001234372980541759
ETH,ET,Ethiopia,ET07,SNNP,ET0721,Amaro,2026-07-25,0.0090448065,1-1.5,0.001234372980541759
ETH,ET,Ethiopia,ET07,SNNP,ET0703,Kembata Tembaro,2026-07-25,0.0090448065,1-1.5,0.001234372980541759
ETH,ET,Ethiopia,ET07,SNNP,ET0710,Gamo,2026-07-25,0.0090448065,1-1.5,0.001234372980541759
ETH,ET,Ethiopia,ET07,SNNP,ET0720,Siltie,2026-07-25,0.0090448065,1-1.5,0.001234372980541759
ETH,ET,Ethiopia,ET07,SNNP,ET0715,Gofa,2026-07-25,0.0090448065,1-1.5,0.001234372980541759
ETH,ET,Ethiopia,ET07,SNNP,ET0713,Konso,2026-07-25,0.0090448065,1-1.5,0.001234372980541759
ETH,ET,Ethiopia,ET07,SNNP,ET0723,Derashe,2026-07-25,0.0090448065,1-1.5,0.001234372980541759
ETH,ET,Ethiopia,ET07,SNNP,ET0705,Gedeo,2026-07-25,0.0090448065,1-1.5,0.001234372980541759
ETH,ET,Ethiopia,ET07,SNNP,ET0706,Wolayita,2026-07-25,0.0090448065,1-1.5,0.001234372980541759
ETH,ET,Ethiopia,ET07,SNNP,ET0714,Halaba,2026-07-25,0.0090448065,1-1.5,0.001234372980541759
ETH,ET,Ethiopia,ET07,SNNP,ET0722,Burji,2026-07-25,0.0090448065,1-1.5,0.001234372980541759
ETH,ET,Ethiopia,ET07,SNNP,ET0707,South Omo,2026-07-25,0.0090448065,1-1.5,0.001234372980541759
ETH,ET,Ethiopia,ET07,SNNP,ET0702,Hadiya,2026-07-25,0.0090448065,1-1.5,0.001234372980541759
ETH,ET,Ethiopia,ET07,SNNP,ET0716,Basketo,2026-07-25,0.0090448065,1-1.5,0.001234372980541759
ETH,ET,Ethiopia,ET07,SNNP,ET0712,Alle,2026-07-25,0.0090448065,1-1.5,0.001234372980541759
ETH,ET,Ethiopia,ET15,Dire Dawa,ET1502,Dire Dawa rural,2026-07-25,0.0,1-1.5,4.15584409810518e-07
ETH,ET,Ethiopia,ET15,Dire Dawa,ET1501,Dire Dawa urban,2026-07-25,0.0,1-1.5,4.15584409810518e-07
ETH,ET,Ethiopia,ET06,Benishangul Gumz,ET0604,Kamashi,2026-07-25,0.02256193,>10,0.007577647726665242
ETH,ET,Ethiopia,ET06,Benishangul Gumz,ET0602,Metekel,2026-07-25,0.02256193,>10,0.007577647726665242
ETH,ET,Ethiopia,ET06,Benishangul Gumz,ET0605,Mao Komo Special,2026-07-25,0.02256193,>10,0.007577647726665242
ETH,ET,Ethiopia,ET06,Benishangul Gumz,ET0603,Assosa,2026-07-25,0.02256193,>10,0.007577647726665242
ETH,ET,Ethiopia,ET02,Afar,ET0201,Awsi /Zone 1,2026-07-25,0.000832198,1-1.5,0.004738565462470102
ETH,ET,Ethiopia,ET02,Afar,ET0204,Fanti /Zone 4,2026-07-25,0.000832198,1-1.5,0.004738565462470102
ETH,ET,Ethiopia,ET02,Afar,ET0205,Hari /Zone 5,2026-07-25,0.000832198,1-1.5,0.004738565462470102
ETH,ET,Ethiopia,ET02,Afar,ET0202,Kilbati /Zone2,2026-07-25,0.000832198,1-1.5,0.004738565462470102
ETH,ET,Ethiopia,ET02,Afar,ET0203,Gabi /Zone 3,2026-07-25,0.000832198,1-1.5,0.004738565462470102
ETH,ET,Ethiopia,ET03,Amhara,ET0307,West Gojam,2026-07-25,0.00039784127,1-1.5,0.0005558403261654829
ETH,ET,Ethiopia,ET03,Amhara,ET0309,Awi,2026-07-25,0.00039784127,1-1.5,0.0005558403261654829
ETH,ET,Ethiopia,ET03,Amhara,ET0305,North Shewa (AM),2026-07-25,0.00039784127,1-1.5,0.0005558403261654829
ETH,ET,Ethiopia,ET03,Amhara,ET0302,South Gondar,2026-07-25,0.00039784127,1-1.5,0.0005558403261654829
ETH,ET,Ethiopia,ET03,Amhara,ET0312,West Gondar,2026-07-25,0.00039784127,1-1.5,0.0005558403261654829
ETH,ET,Ethiopia,ET03,Amhara,ET0310,Oromia,2026-07-25,0.00039784127,1-1.5,0.0005558403261654829
ETH,ET,Ethiopia,ET03,Amhara,ET0304,South Wello,2026-07-25,0.00039784127,1-1.5,0.0005558403261654829
ETH,ET,Ethiopia,ET03,Amhara,ET0301,North Gondar,2026-07-25,0.00039784127,1-1.5,0.0005558403261654829
ETH,ET,Ethiopia,ET03,Amhara,ET0311,Central Gondar,2026-07-25,0.00039784127,1-1.5,0.0005558403261654829
ETH,ET,Ethiopia,ET03,Amhara,ET0303,North Wello,2026-07-25,0.00039784127,1-1.5,0.0005558403261654829
ETH,ET,Ethiopia,ET03,Amhara,ET0308,Wag Hamra,2026-07-25,0.00039784127,1-1.5,0.0005558403261654829
ETH,ET,Ethiopia,ET03,Amhara,ET0306,East Gojam,2026-07-25,0.00039784127,1-1.5,0.0005558403261654829
ETH,ET,Ethiopia,ET12,Gambela,ET1202,Agnewak,2026-07-25,0.0051072338,1-1.5,0.002886328300163851
ETH,ET,Ethiopia,ET12,Gambela,ET1204,Itang Special woreda,2026-07-25,0.0051072338,1-1.5,0.002886328300163851
ETH,ET,Ethiopia,ET12,Gambela,ET1203,Majang,2026-07-25,0.0051072338,1-1.5,0.002886328300163851
ETH,ET,Ethiopia,ET12,Gambela,ET1201,Nuwer,2026-07-25,0.0051072338,1-1.5,0.002886328300163851
ETH,ET,Ethiopia,ET13,Harari,ET1301,Harari,2026-07-25,0.0,1-1.5,1.856060570472354e-05
ETH,ET,Ethiopia,ET14,Addis Ababa,ET1401,Region 14,2026-07-25,0.0,1-1.5,5.221591045896771e-05
ETH,ET,Ethiopia,ET11,South West Ethiopia,ET1106,Konta Special,2026-07-25,1.5855572e-05,1-1.5,2.308349132908399e-05
ETH,ET,Ethiopia,ET11,South West Ethiopia,ET1105,Mirab Omo,2026-07-25,1.5855572e-05,1-1.5,2.308349132908399e-05
ETH,ET,Ethiopia,ET11,South West Ethiopia,ET1104,Dawuro,2026-07-25,1.5855572e-05,1-1.5,2.308349132908399e-05
ETH,ET,Ethiopia,ET11,South West Ethiopia,ET1101,Sheka,2026-07-25,1.5855572e-05,1-1.5,2.308349132908399e-05
ETH,ET,Ethiopia,ET11,South West Ethiopia,ET1103,Bench Sheko,2026-07-25,1.5855572e-05,1-1.5,2.308349132908399e-05
ETH,ET,Ethiopia,ET11,South West Ethiopia,ET1102,Kefa,2026-07-25,1.5855572e-05,1-1.5,2.308349132908399e-05
ETH,ET,Ethiopia,ET05,Somali,ET0510,Nogob,2026-07-25,5.8944885e-08,1-1.5,9.236285888802472e-05
ETH,ET,Ethiopia,ET05,Somali,ET0506,Shabelle,2026-07-25,5.8944885e-08,1-1.5,9.236285888802472e-05
ETH,ET,Ethiopia,ET05,Somali,ET0502,Fafan,2026-07-25,5.8944885e-08,1-1.5,9.236285888802472e-05
ETH,ET,Ethiopia,ET05,Somali,ET0503,Jarar,2026-07-25,5.8944885e-08,1-1.5,9.236285888802472e-05
ETH,ET,Ethiopia,ET05,Somali,ET0501,Siti,2026-07-25,5.8944885e-08,1-1.5,9.236285888802472e-05
ETH,ET,Ethiopia,ET05,Somali,ET0508,Afder,2026-07-25,5.8944885e-08,1-1.5,9.236285888802472e-05
ETH,ET,Ethiopia,ET05,Somali,ET0504,Erer,2026-07-25,5.8944885e-08,1-1.5,9.236285888802472e-05
ETH,ET,Ethiopia,ET05,Somali,ET0509,Liban,2026-07-25,5.8944885e-08,1-1.5,9.236285888802472e-05
ETH,ET,Ethiopia,ET05,Somali,ET0507,Doolo,2026-07-25,5.8944885e-08,1-1.5,9.236285888802472e-05
ETH,ET,Ethiopia,ET05,Somali,ET0505,Korahe,2026-07-25,5.8944885e-08,1-1.5,9.236285888802472e-05
ETH,ET,Ethiopia,ET05,Somali,ET0511,Daawa,2026-07-25,5.8944885e-08,1-1.5,9.236285888802472e-05
ETH,ET,Ethiopia,ET16,Sidama,ET1600,Sidama,2026-07-26,0.00056126126,1-1.5,3.102375025760425e-05
ETH,ET,Ethiopia,ET01,Tigray,ET0107,Mekelle,2026-07-26,0.0024705336,1-1.5,0.0005375341568500341
ETH,ET,Ethiopia,ET01,Tigray,ET0104,Southern,2026-07-26,0.0024705336,1-1.5,0.0005375341568500341
ETH,ET,Ethiopia,ET01,Tigray,ET0101,North Western,2026-07-26,0.0024705336,1-1.5,0.0005375341568500341
ETH,ET,Ethiopia,ET01,Tigray,ET0102,Central,2026-07-26,0.0024705336,1-1.5,0.0005375341568500341
ETH,ET,Ethiopia,ET01,Tigray,ET0105,Western,2026-07-26,0.0024705336,1-1.5,0.0005375341568500341
ETH,ET,Ethiopia,ET01,Tigray,ET0106,South Eastern,2026-07-26,0.0024705336,1-1.5,0.0005375341568500341
ETH,ET,Ethiopia,ET01,Tigray,ET0103,Eastern,2026-07-26,0.0024705336,1-1.5,0.0005375341568500341
ETH,ET,Ethiopia,ET04,Oromia,ET0404,Jimma,2026-07-26,0.004482029,1-1.5,0.002279274066677317
ETH,ET,Ethiopia,ET04,Oromia,ET0410,East Hararge,2026-07-26,0.004482029,1-1.5,0.002279274066677317
ETH,ET,Ethiopia,ET04,Oromia,ET0409,West Hararge,2026-07-26,0.004482029,1-1.5,0.002279274066677317
ETH,ET,Ethiopia,ET04,Oromia,ET0401,West Wellega,2026-07-26,0.004482029,1-1.5,0.002279274066677317
ETH,ET,Ethiopia,ET04,Oromia,ET0408,Arsi,2026-07-26,0.004482029,1-1.5,0.002279274066677317
ETH,ET,Ethiopia,ET04,Oromia,ET0403,Ilu Aba Bora,2026-07-26,0.004482029,1-1.5,0.002279274066677317
ETH,ET,Ethiopia,ET04,Oromia,ET0407,East Shewa,2026-07-26,0.004482029,1-1.5,0.002279274066677317
ETH,ET,Ethiopia,ET04,Oromia,ET0405,West Shewa,2026-07-26,0.004482029,1-1.5,0.002279274066677317
ETH,ET,Ethiopia,ET04,Oromia,ET0406,North Shewa (OR),2026-07-26,0.004482029,1-1.5,0.002279274066677317
ETH,ET,Ethiopia,ET04,Oromia,ET0402,East Wellega,2026-07-26,0.004482029,1-1.5,0.002279274066677317
ETH,ET,Ethiopia,ET04,Oromia,ET0418,Kelem Wellega,2026-07-26,0.004482029,1-1.5,0.002279274066677317
ETH,ET,Ethiopia,ET04,Oromia,ET0411,Bale,2026-07-26,0.004482029,1-1.5,0.002279274066677317
ETH,ET,Ethiopia,ET04,Oromia,ET0416,Buno Bedele,2026-07-26,0.004482029,1-1.5,0.002279274066677317
ETH,ET,Ethiopia,ET04,Oromia,ET0421,East Bale,2026-07-26,0.004482029,1-1.5,0.002279274066677317
ETH,ET,Ethiopia,ET04,Oromia,ET0412,Borena,2026-07-26,0.004482029,1-1.5,0.002279274066677317
ETH,ET,Ethiopia,ET04,Oromia,ET0419,Horo Gudru Wellega,2026-07-26,0.004482029,1-1.5,0.002279274066677317
ETH,ET,Ethiopia,ET04,Oromia,ET0417,West Arsi,2026-07-26,0.004482029,1-1.5,0.002279274066677317
ETH,ET,Ethiopia,ET04,Oromia,ET0413,South West Shewa,2026-07-26,0.004482029,1-1.5,0.002279274066677317
ETH,ET,Ethiopia,ET04,Oromia,ET0415,West Guji,2026-07-26,0.004482029,1-1.5,0.002279274066677317
ETH,ET,Ethiopia,ET04,Oromia,ET0414,Guji,2026-07-26,0.004482029,1-1.5,0.002279274066677317
ETH,ET,Ethiopia,ET04,Oromia,ET0420,Finfine Special,2026-07-26,0.004482029,1-1.5,0.002279274066677317
ETH,ET,Ethiopia,ET07,SNNP,ET0701,Guraghe,2026-07-26,0.009271198,1-1.5,0.001243287624434557
ETH,ET,Ethiopia,ET07,SNNP,ET0724,Yem Special,2026-07-26,0.009271198,1-1.5,0.001243287624434557
ETH,ET,Ethiopia,ET07,SNNP,ET0721,Amaro,2026-07-26,0.009271198,1-1.5,0.001243287624434557
ETH,ET,Ethiopia,ET07,SNNP,ET0703,Kembata Tembaro,2026-07-26,0.009271198,1-1.5,0.001243287624434557
ETH,ET,Ethiopia,ET07,SNNP,ET0710,Gamo,2026-07-26,0.009271198,1-1.5,0.001243287624434557
ETH,ET,Ethiopia,ET07,SNNP,ET0720,Siltie,2026-07-26,0.009271198,1-1.5,0.001243287624434557
ETH,ET,Ethiopia,ET07,SNNP,ET0715,Gofa,2026-07-26,0.009271198,1-1.5,0.001243287624434557
ETH,ET,Ethiopia,ET07,SNNP,ET0713,Konso,2026-07-26,0.009271198,1-1.5,0.001243287624434557
ETH,ET,Ethiopia,ET07,SNNP,ET0723,Derashe,2026-07-26,0.009271198,1-1.5,0.001243287624434557
ETH,ET,Ethiopia,ET07,SNNP,ET0705,Gedeo,2026-07-26,0.009271198,1-1.5,0.001243287624434557
ETH,ET,Ethiopia,ET07,SNNP,ET0706,Wolayita,2026-07-26,0.009271198,1-1.5,0.001243287624434557
ETH,ET,Ethiopia,ET07,SNNP,ET0714,Halaba,2026-07-26,0.009271198,1-1.5,0.001243287624434557
ETH,ET,Ethiopia,ET07,SNNP,ET0722,Burji,2026-07-26,0.009271198,1-1.5,0.001243287624434557
ETH,ET,Ethiopia,ET07,SNNP,ET0707,South Omo,2026-07-26,0.009271198,1-1.5,0.001243287624434557
ETH,ET,Ethiopia,ET07,SNNP,ET0702,Hadiya,2026-07-26,0.009271198,1-1.5,0.001243287624434557
ETH,ET,Ethiopia,ET07,SNNP,ET0716,Basketo,2026-07-26,0.009271198,1-1.5,0.001243287624434557
ETH,ET,Ethiopia,ET07,SNNP,ET0712,Alle,2026-07-26,0.009271198,1-1.5,0.001243287624434557
ETH,ET,Ethiopia,ET15,Dire Dawa,ET1502,Dire Dawa rural,2026-07-26,0.0,1-1.5,2.07792204905259e-07
ETH,ET,Ethiopia,ET15,Dire Dawa,ET1501,Dire Dawa urban,2026-07-26,0.0,1-1.5,2.07792204905259e-07
ETH,ET,Ethiopia,ET06,Benishangul Gumz,ET0604,Kamashi,2026-07-26,0.02360162,>10,0.007678612502588128
ETH,ET,Ethiopia,ET06,Benishangul Gumz,ET0602,Metekel,2026-07-26,0.02360162,>10,0.007678612502588128
ETH,ET,Ethiopia,ET06,Benishangul Gumz,ET0605,Mao Komo Special,2026-07-26,0.02360162,>10,0.007678612502588128
ETH,ET,Ethiopia,ET06,Benishangul Gumz,ET0603,Assosa,2026-07-26,0.02360162,>10,0.007678612502588128
ETH,ET,Ethiopia,ET02,Afar,ET0201,Awsi /Zone 1,2026-07-26,0.0048239133,1-1.5,0.004875147807962837
ETH,ET,Ethiopia,ET02,Afar,ET0204,Fanti /Zone 4,2026-07-26,0.0048239133,1-1.5,0.004875147807962837
ETH,ET,Ethiopia,ET02,Afar,ET0205,Hari /Zone 5,2026-07-26,0.0048239133,1-1.5,0.004875147807962837
ETH,ET,Ethiopia,ET02,Afar,ET0202,Kilbati /Zone2,2026-07-26,0.0048239133,1-1.5,0.004875147807962837
ETH,ET,Ethiopia,ET02,Afar,ET0203,Gabi /Zone 3,2026-07-26,0.0048239133,1-1.5,0.004875147807962837
ETH,ET,Ethiopia,ET03,Amhara,ET0307,West Gojam,2026-07-26,0.00085229764,1-1.5,0.0005422815701614071
ETH,ET,Ethiopia,ET03,Amhara,ET0309,Awi,2026-07-26,0.00085229764,1-1.5,0.0005422815701614071
ETH,ET,Ethiopia,ET03,Amhara,ET0305,North Shewa (AM),2026-07-26,0.00085229764,1-1.5,0.0005422815701614071
ETH,ET,Ethiopia,ET03,Amhara,ET0302,South Gondar,2026-07-26,0.00085229764,1-1.5,0.0005422815701614071
ETH,ET,Ethiopia,ET03,Amhara,ET0312,West Gondar,2026-07-26,0.00085229764,1-1.5,0.0005422815701614071
ETH,ET,Ethiopia,ET03,Amhara,ET0310,Oromia,2026-07-26,0.00085229764,1-1.5,0.0005422815701614071
ETH,ET,Ethiopia,ET03,Amhara,ET0304,South Wello,2026-07-26,0.00085229764,1-1.5,0.0005422815701614071
ETH,ET,Ethiopia,ET03,Amhara,ET0301,North Gondar,2026-07-26,0.00085229764,1-1.5,0.0005422815701614071
ETH,ET,Ethiopia,ET03,Amhara,ET0311,Central Gondar,2026-07-26,0.00085229764,1-1.5,0.0005422815701614071
ETH,ET,Ethiopia,ET03,Amhara,ET0303,North Wello,2026-07-26,0.00085229764,1-1.5,0.0005422815701614071
ETH,ET,Ethiopia,ET03,Amhara,ET0308,Wag Hamra,2026-07-26,0.00085229764,1-1.5,0.0005422815701614071
ETH,ET,Ethiopia,ET03,Amhara,ET0306,East Gojam,2026-07-26,0.00085229764,1-1.5,0.0005422815701614071
ETH,ET,Ethiopia,ET12,Gambela,ET1202,Agnewak,2026-07-26,0.005159763,1-1.5,0.003009781797341433
ETH,ET,Ethiopia,ET12,Gambela,ET1204,Itang Special woreda,2026-07-26,0.005159763,1-1.5,0.003009781797341433
ETH,ET,Ethiopia,ET12,Gambela,ET1203,Majang,2026-07-26,0.005159763,1-1.5,0.003009781797341433
ETH,ET,Ethiopia,ET12,Gambela,ET1201,Nuwer,2026-07-26,0.005159763,1-1.5,0.003009781797341433
ETH,ET,Ethiopia,ET13,Harari,ET1301,Harari,2026-07-26,0.0,1-1.5,1.856060570472354e-05
ETH,ET,Ethiopia,ET14,Addis Ababa,ET1401,Region 14,2026-07-26,9.375001e-05,1-1.5,5.511363783625711e-05
ETH,ET,Ethiopia,ET11,South West Ethiopia,ET1106,Konta Special,2026-07-26,0.0,1-1.5,2.136962295405841e-05
ETH,ET,Ethiopia,ET11,South West Ethiopia,ET1105,Mirab Omo,2026-07-26,0.0,1-1.5,2.136962295405841e-05
ETH,ET,Ethiopia,ET11,South West Ethiopia,ET1104,Dawuro,2026-07-26,0.0,1-1.5,2.136962295405841e-05
ETH,ET,Ethiopia,ET11,South West Ethiopia,ET1101,Sheka,2026-07-26,0.0,1-1.5,2.136962295405841e-05
ETH,ET,Ethiopia,ET11,South West Ethiopia,ET1103,Bench Sheko,2026-07-26,0.0,1-1.5,2.136962295405841e-05
ETH,ET,Ethiopia,ET11,South West Ethiopia,ET1102,Kefa,2026-07-26,0.0,1-1.5,2.136962295405841e-05
ETH,ET,Ethiopia,ET05,Somali,ET0510,Nogob,2026-07-26,0.00048004714,1-1.5,8.83476400863372e-05
ETH,ET,Ethiopia,ET05,Somali,ET0506,Shabelle,2026-07-26,0.00048004714,1-1.5,8.83476400863372e-05
ETH,ET,Ethiopia,ET05,Somali,ET0502,Fafan,2026-07-26,0.00048004714,1-1.5,8.83476400863372e-05
ETH,ET,Ethiopia,ET05,Somali,ET0503,Jarar,2026-07-26,0.00048004714,1-1.5,8.83476400863372e-05
ETH,ET,Ethiopia,ET05,Somali,ET0501,Siti,2026-07-26,0.00048004714,1-1.5,8.83476400863372e-05
ETH,ET,Ethiopia,ET05,Somali,ET0508,Afder,2026-07-26,0.00048004714,1-1.5,8.83476400863372e-05
ETH,ET,Ethiopia,ET05,Somali,ET0504,Erer,2026-07-26,0.00048004714,1-1.5,8.83476400863372e-05
ETH,ET,Ethiopia,ET05,Somali,ET0509,Liban,2026-07-26,0.00048004714,1-1.5,8.83476400863372e-05
ETH,ET,Ethiopia,ET05,Somali,ET0507,Doolo,2026-07-26,0.00048004714,1-1.5,8.83476400863372e-05
ETH,ET,Ethiopia,ET05,Somali,ET0505,Korahe,2026-07-26,0.00048004714,1-1.5,8.83476400863372e-05
ETH,ET,Ethiopia,ET05,Somali,ET0511,Daawa,2026-07-26,0.00048004714,1-1.5,8.83476400863372e-05
ETH,ET,Ethiopia,ET16,Sidama,ET1600,Sidama,2026-07-27,0.0,1-1.5,3.102375025760425e-05
ETH,ET,Ethiopia,ET01,Tigray,ET0107,Mekelle,2026-07-27,0.00022185006,1-1.5,0.0006115795626699465
ETH,ET,Ethiopia,ET01,Tigray,ET0104,Southern,2026-07-27,0.00022185006,1-1.5,0.0006115795626699465
ETH,ET,Ethiopia,ET01,Tigray,ET0101,North Western,2026-07-27,0.00022185006,1-1.5,0.0006115795626699465
ETH,ET,Ethiopia,ET01,Tigray,ET0102,Central,2026-07-27,0.00022185006,1-1.5,0.0006115795626699465
ETH,ET,Ethiopia,ET01,Tigray,ET0105,Western,2026-07-27,0.00022185006,1-1.5,0.0006115795626699465
ETH,ET,Ethiopia,ET01,Tigray,ET0106,South Eastern,2026-07-27,0.00022185006,1-1.5,0.0006115795626699465
ETH,ET,Ethiopia,ET01,Tigray,ET0103,Eastern,2026-07-27,0.00022185006,1-1.5,0.0006115795626699465
ETH,ET,Ethiopia,ET04,Oromia,ET0404,Jimma,2026-07-27,0.003764391,1-1.5,0.002296440895456313
ETH,ET,Ethiopia,ET04,Oromia,ET0410,East Hararge,2026-07-27,0.003764391,1-1.5,0.002296440895456313
ETH,ET,Ethiopia,ET04,Oromia,ET0409,West Hararge,2026-07-27,0.003764391,1-1.5,0.002296440895456313
ETH,ET,Ethiopia,ET04,Oromia,ET0401,West Wellega,2026-07-27,0.003764391,1-1.5,0.002296440895456313
ETH,ET,Ethiopia,ET04,Oromia,ET0408,Arsi,2026-07-27,0.003764391,1-1.5,0.002296440895456313
ETH,ET,Ethiopia,ET04,Oromia,ET0403,Ilu Aba Bora,2026-07-27,0.003764391,1-1.5,0.002296440895456313
ETH,ET,Ethiopia,ET04,Oromia,ET0407,East Shewa,2026-07-27,0.003764391,1-1.5,0.002296440895456313
ETH,ET,Ethiopia,ET04,Oromia,ET0405,West Shewa,2026-07-27,0.003764391,1-1.5,0.002296440895456313
ETH,ET,Ethiopia,ET04,Oromia,ET0406,North Shewa (OR),2026-07-27,0.003764391,1-1.5,0.002296440895456313
ETH,ET,Ethiopia,ET04,Oromia,ET0402,East Wellega,2026-07-27,0.003764391,1-1.5,0.002296440895456313
ETH,ET,Ethiopia,ET04,Oromia,ET0418,Kelem Wellega,2026-07-27,0.003764391,1-1.5,0.002296440895456313
ETH,ET,Ethiopia,ET04,Oromia,ET0411,Bale,2026-07-27,0.003764391,1-1.5,0.002296440895456313
ETH,ET,Ethiopia,ET04,Oromia,ET0416,Buno Bedele,2026-07-27,0.003764391,1-1.5,0.002296440895456313
ETH,ET,Ethiopia,ET04,Oromia,ET0421,East Bale,2026-07-27,0.003764391,1-1.5,0.002296440895456313
ETH,ET,Ethiopia,ET04,Oromia,ET0412,Borena,2026-07-27,0.003764391,1-1.5,0.002296440895456313
ETH,ET,Ethiopia,ET04,Oromia,ET0419,Horo Gudru Wellega,2026-07-27,0.003764391,1-1.5,0.002296440895456313
ETH,ET,Ethiopia,ET04,Oromia,ET0417,West Arsi,2026-07-27,0.003764391,1-1.5,0.002296440895456313
ETH,ET,Ethiopia,ET04,Oromia,ET0413,South West Shewa,2026-07-27,0.003764391,1-1.5,0.002296440895456313
ETH,ET,Ethiopia,ET04,Oromia,ET0415,West Guji,2026-07-27,0.003764391,1-1.5,0.002296440895456313
ETH,ET,Ethiopia,ET04,Oromia,ET0414,Guji,2026-07-27,0.003764391,1-1.5,0.002296440895456313
ETH,ET,Ethiopia,ET04,Oromia,ET0420,Finfine Special,2026-07-27,0.003764391,1-1.5,0.002296440895456313
ETH,ET,Ethiopia,ET07,SNNP,ET0701,Guraghe,2026-07-27,0.0085950475,1-1.5,0.001255255066705403
ETH,ET,Ethiopia,ET07,SNNP,ET0724,Yem Special,2026-07-27,0.0085950475,1-1.5,0.001255255066705403
ETH,ET,Ethiopia,ET07,SNNP,ET0721,Amaro,2026-07-27,0.0085950475,1-1.5,0.001255255066705403
ETH,ET,Ethiopia,ET07,SNNP,ET0703,Kembata Tembaro,2026-07-27,0.0085950475,1-1.5,0.001255255066705403
ETH,ET,Ethiopia,ET07,SNNP,ET0710,Gamo,2026-07-27,0.0085950475,1-1.5,0.001255255066705403
ETH,ET,Ethiopia,ET07,SNNP,ET0720,Siltie,2026-07-27,0.0085950475,1-1.5,0.001255255066705403
ETH,ET,Ethiopia,ET07,SNNP,ET0715,Gofa,2026-07-27,0.0085950475,1-1.5,0.001255255066705403
ETH,ET,Ethiopia,ET07,SNNP,ET0713,Konso,2026-07-27,0.0085950475,1-1.5,0.001255255066705403
ETH,ET,Ethiopia,ET07,SNNP,ET0723,Derashe,2026-07-27,0.0085950475,1-1.5,0.001255255066705403
ETH,ET,Ethiopia,ET07,SNNP,ET0705,Gedeo,2026-07-27,0.0085950475,1-1.5,0.001255255066705403
ETH,ET,Ethiopia,ET07,SNNP,ET0706,Wolayita,2026-07-27,0.0085950475,1-1.5,0.001255255066705403
ETH,ET,Ethiopia,ET07,SNNP,ET0714,Halaba,2026-07-27,0.0085950475,1-1.5,0.001255255066705403
ETH,ET,Ethiopia,ET07,SNNP,ET0722,Burji,2026-07-27,0.0085950475,1-1.5,0.001255255066705403
ETH,ET,Ethiopia,ET07,SNNP,ET0707,South Omo,2026-07-27,0.0085950475,1-1.5,0.001255255066705403
ETH,ET,Ethiopia,ET07,SNNP,ET0702,Hadiya,2026-07-27,0.0085950475,1-1.5,0.001255255066705403
ETH,ET,Ethiopia,ET07,SNNP,ET0716,Basketo,2026-07-27,0.0085950475,1-1.5,0.001255255066705403
ETH,ET,Ethiopia,ET07,SNNP,ET0712,Alle,2026-07-27,0.0085950475,1-1.5,0.001255255066705403
ETH,ET,Ethiopia,ET15,Dire Dawa,ET1502,Dire Dawa rural,2026-07-27,0.0,1-1.5,1.038961024526295e-07
ETH,ET,Ethiopia,ET15,Dire Dawa,ET1501,Dire Dawa urban,2026-07-27,0.0,1-1.5,1.038961024526295e-07
ETH,ET,Ethiopia,ET06,Benishangul Gumz,ET0604,Kamashi,2026-07-27,0.024828956,>10,0.007701407732464428
ETH,ET,Ethiopia,ET06,Benishangul Gumz,ET0602,Metekel,2026-07-27,0.024828956,>10,0.007701407732464428
ETH,ET,Ethiopia,ET06,Benishangul Gumz,ET0605,Mao Komo Special,2026-07-27,0.024828956,>10,0.007701407732464428
ETH,ET,Ethiopia,ET06,Benishangul Gumz,ET0603,Assosa,2026-07-27,0.024828956,>10,0.007701407732464428
ETH,ET,Ethiopia,ET02,Afar,ET0201,Awsi /Zone 1,2026-07-27,0.0032007715,1-1.5,0.005208267737857981
ETH,ET,Ethiopia,ET02,Afar,ET0204,Fanti /Zone 4,2026-07-27,0.0032007715,1-1.5,0.005208267737857981
ETH,ET,Ethiopia,ET02,Afar,ET0205,Hari /Zone 5,2026-07-27,0.0032007715,1-1.5,0.005208267737857981
ETH,ET,Ethiopia,ET02,Afar,ET0202,Kilbati /Zone2,2026-07-27,0.0032007715,1-1.5,0.005208267737857981
ETH,ET,Ethiopia,ET02,Afar,ET0203,Gabi /Zone 3,2026-07-27,0.0032007715,1-1.5,0.005208267737857981
ETH,ET,Ethiopia,ET03,Amhara,ET0307,West Gojam,2026-07-27,0.0011291724,1-1.5,0.0005779018675094379
ETH,ET,Ethiopia,ET03,Amhara,ET0309,Awi,2026-07-27,0.0011291724,1-1.5,0.0005779018675094379
ETH,ET,Ethiopia,ET03,Amhara,ET0305,North Shewa (AM),2026-07-27,0.0011291724,1-1.5,0.0005779018675094379
ETH,ET,Ethiopia,ET03,Amhara,ET0302,South Gondar,2026-07-27,0.0011291724,1-1.5,0.0005779018675094379
ETH,ET,Ethiopia,ET03,Amhara,ET0312,West Gondar,2026-07-27,0.0011291724,1-1.5,0.0005779018675094379
ETH,ET,Ethiopia,ET03,Amhara,ET0310,Oromia,2026-07-27,0.0011291724,1-1.5,0.0005779018675094379
ETH,ET,Ethiopia,ET03,Amhara,ET0304,South Wello,2026-07-27,0.0011291724,1-1.5,0.0005779018675094379
ETH,ET,Ethiopia,ET03,Amhara,ET0301,North Gondar,2026-07-27,0.0011291724,1-1.5,0.0005779018675094379
ETH,ET,Ethiopia,ET03,Amhara,ET0311,Central Gondar,2026-07-27,0.0011291724,1-1.5,0.0005779018675094379
ETH,ET,Ethiopia,ET03,Amhara,ET0303,North Wello,2026-07-27,0.0011291724,1-1.5,0.0005779018675094379
ETH,ET,Ethiopia,ET03,Amhara,ET0308,Wag Hamra,2026-07-27,0.0011291724,1-1.5,0.0005779018675094379
ETH,ET,Ethiopia,ET03,Amhara,ET0306,East Gojam,2026-07-27,0.0011291724,1-1.5,0.0005779018675094379
ETH,ET,Ethiopia,ET12,Gambela,ET1202,Agnewak,2026-07-27,0.005228718,1-1.5,0.003200185445803072
ETH,ET,Ethiopia,ET12,Gambela,ET1204,Itang Special woreda,2026-07-27,0.005228718,1-1.5,0.003200185445803072
ETH,ET,Ethiopia,ET12,Gambela,ET1203,Majang,2026-07-27,0.005228718,1-1.5,0.003200185445803072
ETH,ET,Ethiopia,ET12,Gambela,ET1201,Nuwer,2026-07-27,0.005228718,1-1.5,0.003200185445803072
ETH,ET,Ethiopia,ET13,Harari,ET1301,Harari,2026-07-27,0.0,1-1.5,1.856060570472354e-05
ETH,ET,Ethiopia,ET14,Addis Ababa,ET1401,Region 14,2026-07-27,0.0,1-1.5,6.187500171522102e-05
ETH,ET,Ethiopia,ET11,South West Ethiopia,ET1106,Konta Special,2026-07-27,0.0,1-1.5,2.794427853028868e-05
ETH,ET,Ethiopia,ET11,South West Ethiopia,ET1105,Mirab Omo,2026-07-27,0.0,1-1.5,2.794427853028868e-05
ETH,ET,Ethiopia,ET11,South West Ethiopia,ET1104,Dawuro,2026-07-27,0.0,1-1.5,2.794427853028868e-05
ETH,ET,Ethiopia,ET11,South West Ethiopia,ET1101,Sheka,2026-07-27,0.0,1-1.5,2.794427853028868e-05
ETH,ET,Ethiopia,ET11,South West Ethiopia,ET1103,Bench Sheko,2026-07-27,0.0,1-1.5,2.794427853028868e-05
ETH,ET,Ethiopia,ET11,South West Ethiopia,ET1102,Kefa,2026-07-27,0.0,1-1.5,2.794427853028868e-05
ETH,ET,Ethiopia,ET05,Somali,ET0510,Nogob,2026-07-27,9.824148e-09,1-1.5,9.59307210680907e-05
ETH,ET,Ethiopia,ET05,Somali,ET0506,Shabelle,2026-07-27,9.824148e-09,1-1.5,9.59307210680907e-05
ETH,ET,Ethiopia,ET05,Somali,ET0502,Fafan,2026-07-27,9.824148e-09,1-1.5,9.59307210680907e-05
ETH,ET,Ethiopia,ET05,Somali,ET0503,Jarar,2026-07-27,9.824148e-09,1-1.5,9.59307210680907e-05
ETH,ET,Ethiopia,ET05,Somali,ET0501,Siti,2026-07-27,9.824148e-09,1-1.5,9.59307210680907e-05
ETH,ET,Ethiopia,ET05,Somali,ET0508,Afder,2026-07-27,9.824148e-09,1-1.5,9.59307210680907e-05
ETH,ET,Ethiopia,ET05,Somali,ET0504,Erer,2026-07-27,9.824148e-09,1-1.5,9.59307210680907e-05
ETH,ET,Ethiopia,ET05,Somali,ET0509,Liban,2026-07-27,9.824148e-09,1-1.5,9.59307210680907e-05
ETH,ET,Ethiopia,ET05,Somali,ET0507,Doolo,2026-07-27,9.824148e-09,1-1.5,9.59307210680907e-05
ETH,ET,Ethiopia,ET05,Somali,ET0505,Korahe,2026-07-27,9.824148e-09,1-1.5,9.59307210680907e-05
ETH,ET,Ethiopia,ET05,Somali,ET0511,Daawa,2026-07-27,9.824148e-09,1-1.5,9.59307210680907e-05
ETH,ET,Ethiopia,ET16,Sidama,ET1600,Sidama,2026-07-28,0.0,1-1.5,3.299754224082625e-05
ETH,ET,Ethiopia,ET01,Tigray,ET0107,Mekelle,2026-07-28,2.3389837e-05,1-1.5,0.0006686388295668942
ETH,ET,Ethiopia,ET01,Tigray,ET0104,Southern,2026-07-28,2.3389837e-05,1-1.5,0.0006686388295668942
ETH,ET,Ethiopia,ET01,Tigray,ET0101,North Western,2026-07-28,2.3389837e-05,1-1.5,0.0006686388295668942
ETH,ET,Ethiopia,ET01,Tigray,ET0102,Central,2026-07-28,2.3389837e-05,1-1.5,0.0006686388295668942
ETH,ET,Ethiopia,ET01,Tigray,ET0105,Western,2026-07-28,2.3389837e-05,1-1.5,0.0006686388295668942
ETH,ET,Ethiopia,ET01,Tigray,ET0106,South Eastern,2026-07-28,2.3389837e-05,1-1.5,0.0006686388295668942
ETH,ET,Ethiopia,ET01,Tigray,ET0103,Eastern,2026-07-28,2.3389837e-05,1-1.5,0.0006686388295668942
ETH,ET,Ethiopia,ET04,Oromia,ET0404,Jimma,2026-07-28,0.0037757829,1-1.5,0.002316506147723306
ETH,ET,Ethiopia,ET04,Oromia,ET0410,East Hararge,2026-07-28,0.0037757829,1-1.5,0.002316506147723306
ETH,ET,Ethiopia,ET04,Oromia,ET0409,West Hararge,2026-07-28,0.0037757829,1-1.5,0.002316506147723306
ETH,ET,Ethiopia,ET04,Oromia,ET0401,West Wellega,2026-07-28,0.0037757829,1-1.5,0.002316506147723306
ETH,ET,Ethiopia,ET04,Oromia,ET0408,Arsi,2026-07-28,0.0037757829,1-1.5,0.002316506147723306
ETH,ET,Ethiopia,ET04,Oromia,ET0403,Ilu Aba Bora,2026-07-28,0.0037757829,1-1.5,0.002316506147723306
ETH,ET,Ethiopia,ET04,Oromia,ET0407,East Shewa,2026-07-28,0.0037757829,1-1.5,0.002316506147723306
ETH,ET,Ethiopia,ET04,Oromia,ET0405,West Shewa,2026-07-28,0.0037757829,1-1.5,0.002316506147723306
ETH,ET,Ethiopia,ET04,Oromia,ET0406,North Shewa (OR),2026-07-28,0.0037757829,1-1.5,0.002316506147723306
ETH,ET,Ethiopia,ET04,Oromia,ET0402,East Wellega,2026-07-28,0.0037757829,1-1.5,0.002316506147723306
ETH,ET,Ethiopia,ET04,Oromia,ET0418,Kelem Wellega,2026-07-28,0.0037757829,1-1.5,0.002316506147723306
ETH,ET,Ethiopia,ET04,Oromia,ET0411,Bale,2026-07-28,0.0037757829,1-1.5,0.002316506147723306
ETH,ET,Ethiopia,ET04,Oromia,ET0416,Buno Bedele,2026-07-28,0.0037757829,1-1.5,0.002316506147723306
ETH,ET,Ethiopia,ET04,Oromia,ET0421,East Bale,2026-07-28,0.0037757829,1-1.5,0.002316506147723306
ETH,ET,Ethiopia,ET04,Oromia,ET0412,Borena,2026-07-28,0.0037757829,1-1.5,0.002316506147723306
ETH,ET,Ethiopia,ET04,Oromia,ET0419,Horo Gudru Wellega,2026-07-28,0.0037757829,1-1.5,0.002316506147723306
ETH,ET,Ethiopia,ET04,Oromia,ET0417,West Arsi,2026-07-28,0.0037757829,1-1.5,0.002316506147723306
ETH,ET,Ethiopia,ET04,Oromia,ET0413,South West Shewa,2026-07-28,0.0037757829,1-1.5,0.002316506147723306
ETH,ET,Ethiopia,ET04,Oromia,ET0415,West Guji,2026-07-28,0.0037757829,1-1.5,0.002316506147723306
ETH,ET,Ethiopia,ET04,Oromia,ET0414,Guji,2026-07-28,0.0037757829,1-1.5,0.002316506147723306
ETH,ET,Ethiopia,ET04,Oromia,ET0420,Finfine Special,2026-07-28,0.0037757829,1-1.5,0.002316506147723306
ETH,ET,Ethiopia,ET07,SNNP,ET0701,Guraghe,2026-07-28,0.007851037,1-1.5,0.001231888339675245
ETH,ET,Ethiopia,ET07,SNNP,ET0724,Yem Special,2026-07-28,0.007851037,1-1.5,0.001231888339675245
ETH,ET,Ethiopia,ET07,SNNP,ET0721,Amaro,2026-07-28,0.007851037,1-1.5,0.001231888339675245
ETH,ET,Ethiopia,ET07,SNNP,ET0703,Kembata Tembaro,2026-07-28,0.007851037,1-1.5,0.001231888339675245
ETH,ET,Ethiopia,ET07,SNNP,ET0710,Gamo,2026-07-28,0.007851037,1-1.5,0.001231888339675245
ETH,ET,Ethiopia,ET07,SNNP,ET0720,Siltie,2026-07-28,0.007851037,1-1.5,0.001231888339675245
ETH,ET,Ethiopia,ET07,SNNP,ET0715,Gofa,2026-07-28,0.007851037,1-1.5,0.001231888339675245
ETH,ET,Ethiopia,ET07,SNNP,ET0713,Konso,2026-07-28,0.007851037,1-1.5,0.001231888339675245
ETH,ET,Ethiopia,ET07,SNNP,ET0723,Derashe,2026-07-28,0.007851037,1-1.5,0.001231888339675245
ETH,ET,Ethiopia,ET07,SNNP,ET0705,Gedeo,2026-07-28,0.007851037,1-1.5,0.001231888339675245
ETH,ET,Ethiopia,ET07,SNNP,ET0706,Wolayita,2026-07-28,0.007851037,1-1.5,0.001231888339675245
ETH,ET,Ethiopia,ET07,SNNP,ET0714,Halaba,2026-07-28,0.007851037,1-1.5,0.001231888339675245
ETH,ET,Ethiopia,ET07,SNNP,ET0722,Burji,2026-07-28,0.007851037,1-1.5,0.001231888339675245
ETH,ET,Ethiopia,ET07,SNNP,ET0707,South Omo,2026-07-28,0.007851037,1-1.5,0.001231888339675245
ETH,ET,Ethiopia,ET07,SNNP,ET0702,Hadiya,2026-07-28,0.007851037,1-1.5,0.001231888339675245
ETH,ET,Ethiopia,ET07,SNNP,ET0716,Basketo,2026-07-28,0.007851037,1-1.5,0.001231888339675245
ETH,ET,Ethiopia,ET07,SNNP,ET0712,Alle,2026-07-28,0.007851037,1-1.5,0.001231888339675245
ETH,ET,Ethiopia,ET15,Dire Dawa,ET1502,Dire Dawa rural,2026-07-28,0.0,1-1.5,1.038961024526295e-07
ETH,ET,Ethiopia,ET15,Dire Dawa,ET1501,Dire Dawa urban,2026-07-28,0.0,1-1.5,1.038961024526295e-07
ETH,ET,Ethiopia,ET06,Benishangul Gumz,ET0604,Kamashi,2026-07-28,0.023355769,>10,0.007742166244345712
ETH,ET,Ethiopia,ET06,Benishangul Gumz,ET0602,Metekel,2026-07-28,0.023355769,>10,0.007742166244345712
ETH,ET,Ethiopia,ET06,Benishangul Gumz,ET0605,Mao Komo Special,2026-07-28,0.023355769,>10,0.007742166244345712
ETH,ET,Ethiopia,ET06,Benishangul Gumz,ET0603,Assosa,2026-07-28,0.023355769,>10,0.007742166244345712
ETH,ET,Ethiopia,ET02,Afar,ET0201,Awsi /Zone 1,2026-07-28,0.0028447504,1-1.5,0.005572836170524004
ETH,ET,Ethiopia,ET02,Afar,ET0204,Fanti /Zone 4,2026-07-28,0.0028447504,1-1.5,0.005572836170524004
ETH,ET,Ethiopia,ET02,Afar,ET0205,Hari /Zone 5,2026-07-28,0.0028447504,1-1.5,0.005572836170524004
ETH,ET,Ethiopia,ET02,Afar,ET0202,Kilbati /Zone2,2026-07-28,0.0028447504,1-1.5,0.005572836170524004
ETH,ET,Ethiopia,ET02,Afar,ET0203,Gabi /Zone 3,2026-07-28,0.0028447504,1-1.5,0.005572836170524004
ETH,ET,Ethiopia,ET03,Amhara,ET0307,West Gojam,2026-07-28,0.0010574909,1-1.5,0.0006023750193393276
ETH,ET,Ethiopia,ET03,Amhara,ET0309,Awi,2026-07-28,0.0010574909,1-1.5,0.0006023750193393276
ETH,ET,Ethiopia,ET03,Amhara,ET0305,North Shewa (AM),2026-07-28,0.0010574909,1-1.5,0.0006023750193393276
ETH,ET,Ethiopia,ET03,Amhara,ET0302,South Gondar,2026-07-28,0.0010574909,1-1.5,0.0006023750193393276
ETH,ET,Ethiopia,ET03,Amhara,ET0312,West Gondar,2026-07-28,0.0010574909,1-1.5,0.0006023750193393276
ETH,ET,Ethiopia,ET03,Amhara,ET0310,Oromia,2026-07-28,0.0010574909,1-1.5,0.0006023750193393276
ETH,ET,Ethiopia,ET03,Amhara,ET0304,South Wello,2026-07-28,0.0010574909,1-1.5,0.0006023750193393276
ETH,ET,Ethiopia,ET03,Amhara,ET0301,North Gondar,2026-07-28,0.0010574909,1-1.5,0.0006023750193393276
ETH,ET,Ethiopia,ET03,Amhara,ET0311,Central Gondar,2026-07-28,0.0010574909,1-1.5,0.0006023750193393276
ETH,ET,Ethiopia,ET03,Amhara,ET0303,North Wello,2026-07-28,0.0010574909,1-1.5,0.0006023750193393276
ETH,ET,Ethiopia,ET03,Amhara,ET0308,Wag Hamra,2026-07-28,0.0010574909,1-1.5,0.0006023750193393276
ETH,ET,Ethiopia,ET03,Amhara,ET0306,East Gojam,2026-07-28,0.0010574909,1-1.5,0.0006023750193393276
ETH,ET,Ethiopia,ET12,Gambela,ET1202,Agnewak,2026-07-28,0.005322384,1-1.5,0.003415817323192724
ETH,ET,Ethiopia,ET12,Gambela,ET1204,Itang Special woreda,2026-07-28,0.005322384,1-1.5,0.003415817323192724
ETH,ET,Ethiopia,ET12,Gambela,ET1203,Majang,2026-07-28,0.005322384,1-1.5,0.003415817323192724
ETH,ET,Ethiopia,ET12,Gambela,ET1201,Nuwer,2026-07-28,0.005322384,1-1.5,0.003415817323192724
ETH,ET,Ethiopia,ET13,Harari,ET1301,Harari,2026-07-28,0.0,1-1.5,1.856060570472354e-05
ETH,ET,Ethiopia,ET14,Addis Ababa,ET1401,Region 14,2026-07-28,0.0,1-1.5,6.823863832323695e-05
ETH,ET,Ethiopia,ET11,South West Ethiopia,ET1106,Konta Special,2026-07-28,1.9573743e-05,1-1.5,2.880907043085948e-05
ETH,ET,Ethiopia,ET11,South West Ethiopia,ET1105,Mirab Omo,2026-07-28,1.9573743e-05,1-1.5,2.880907043085948e-05
ETH,ET,Ethiopia,ET11,South West Ethiopia,ET1104,Dawuro,2026-07-28,1.9573743e-05,1-1.5,2.880907043085948e-05
ETH,ET,Ethiopia,ET11,South West Ethiopia,ET1101,Sheka,2026-07-28,1.9573743e-05,1-1.5,2.880907043085948e-05
ETH,ET,Ethiopia,ET11,South West Ethiopia,ET1103,Bench Sheko,2026-07-28,1.9573743e-05,1-1.5,2.880907043085948e-05
ETH,ET,Ethiopia,ET11,South West Ethiopia,ET1102,Kefa,2026-07-28,1.9573743e-05,1-1.5,2.880907043085948e-05
ETH,ET,Ethiopia,ET05,Somali,ET0510,Nogob,2026-07-28,0.0,1-1.5,0.0001098466267816098
ETH,ET,Ethiopia,ET05,Somali,ET0506,Shabelle,2026-07-28,0.0,1-1.5,0.0001098466267816098
ETH,ET,Ethiopia,ET05,Somali,ET0502,Fafan,2026-07-28,0.0,1-1.5,0.0001098466267816098
ETH,ET,Ethiopia,ET05,Somali,ET0503,Jarar,2026-07-28,0.0,1-1.5,0.0001098466267816098
ETH,ET,Ethiopia,ET05,Somali,ET0501,Siti,2026-07-28,0.0,1-1.5,0.0001098466267816098
ETH,ET,Ethiopia,ET05,Somali,ET0508,Afder,2026-07-28,0.0,1-1.5,0.0001098466267816098
ETH,ET,Ethiopia,ET05,Somali,ET0504,Erer,2026-07-28,0.0,1-1.5,0.0001098466267816098
ETH,ET,Ethiopia,ET05,Somali,ET0509,Liban,2026-07-28,0.0,1-1.5,0.0001098466267816098
ETH,ET,Ethiopia,ET05,Somali,ET0507,Doolo,2026-07-28,0.0,1-1.5,0.0001098466267816098
ETH,ET,Ethiopia,ET05,Somali,ET0505,Korahe,2026-07-28,0.0,1-1.5,0.0001098466267816098
ETH,ET,Ethiopia,ET05,Somali,ET0511,Daawa,2026-07-28,0.0,1-1.5,0.0001098466267816098
ETH,ET,Ethiopia,ET16,Sidama,ET1600,Sidama,2026-07-29,0.0,1-1.5,3.981162894474851e-05
ETH,ET,Ethiopia,ET01,Tigray,ET0107,Mekelle,2026-07-29,0.0006895618,1-1.5,0.0007200737065488739
ETH,ET,Ethiopia,ET01,Tigray,ET0104,Southern,2026-07-29,0.0006895618,1-1.5,0.0007200737065488739
ETH,ET,Ethiopia,ET01,Tigray,ET0101,North Western,2026-07-29,0.0006895618,1-1.5,0.0007200737065488739
ETH,ET,Ethiopia,ET01,Tigray,ET0102,Central,2026-07-29,0.0006895618,1-1.5,0.0007200737065488739
ETH,ET,Ethiopia,ET01,Tigray,ET0105,Western,2026-07-29,0.0006895618,1-1.5,0.0007200737065488739
ETH,ET,Ethiopia,ET01,Tigray,ET0106,South Eastern,2026-07-29,0.0006895618,1-1.5,0.0007200737065488739
ETH,ET,Ethiopia,ET01,Tigray,ET0103,Eastern,2026-07-29,0.0006895618,1-1.5,0.0007200737065488739
ETH,ET,Ethiopia,ET04,Oromia,ET0404,Jimma,2026-07-29,0.004205086,1-1.5,0.002299717130054804
ETH,ET,Ethiopia,ET04,Oromia,ET0410,East Hararge,2026-07-29,0.004205086,1-1.5,0.002299717130054804
ETH,ET,Ethiopia,ET04,Oromia,ET0409,West Hararge,2026-07-29,0.004205086,1-1.5,0.002299717130054804
ETH,ET,Ethiopia,ET04,Oromia,ET0401,West Wellega,2026-07-29,0.004205086,1-1.5,0.002299717130054804
ETH,ET,Ethiopia,ET04,Oromia,ET0408,Arsi,2026-07-29,0.004205086,1-1.5,0.002299717130054804
ETH,ET,Ethiopia,ET04,Oromia,ET0403,Ilu Aba Bora,2026-07-29,0.004205086,1-1.5,0.002299717130054804
ETH,ET,Ethiopia,ET04,Oromia,ET0407,East Shewa,2026-07-29,0.004205086,1-1.5,0.002299717130054804
ETH,ET,Ethiopia,ET04,Oromia,ET0405,West Shewa,2026-07-29,0.004205086,1-1.5,0.002299717130054804
ETH,ET,Ethiopia,ET04,Oromia,ET0406,North Shewa (OR),2026-07-29,0.004205086,1-1.5,0.002299717130054804
ETH,ET,Ethiopia,ET04,Oromia,ET0402,East Wellega,2026-07-29,0.004205086,1-1.5,0.002299717130054804
ETH,ET,Ethiopia,ET04,Oromia,ET0418,Kelem Wellega,2026-07-29,0.004205086,1-1.5,0.002299717130054804
ETH,ET,Ethiopia,ET04,Oromia,ET0411,Bale,2026-07-29,0.004205086,1-1.5,0.002299717130054804
ETH,ET,Ethiopia,ET04,Oromia,ET0416,Buno Bedele,2026-07-29,0.004205086,1-1.5,0.002299717130054804
ETH,ET,Ethiopia,ET04,Oromia,ET0421,East Bale,2026-07-29,0.004205086,1-1.5,0.002299717130054804
ETH,ET,Ethiopia,ET04,Oromia,ET0412,Borena,2026-07-29,0.004205086,1-1.5,0.002299717130054804
ETH,ET,Ethiopia,ET04,Oromia,ET0419,Horo Gudru Wellega,2026-07-29,0.004205086,1-1.5,0.002299717130054804
ETH,ET,Ethiopia,ET04,Oromia,ET0417,West Arsi,2026-07-29,0.004205086,1-1.5,0.002299717130054804
ETH,ET,Ethiopia,ET04,Oromia,ET0413,South West Shewa,2026-07-29,0.004205086,1-1.5,0.002299717130054804
ETH,ET,Ethiopia,ET04,Oromia,ET0415,West Guji,2026-07-29,0.004205086,1-1.5,0.002299717130054804
ETH,ET,Ethiopia,ET04,Oromia,ET0414,Guji,2026-07-29,0.004205086,1-1.5,0.002299717130054804
ETH,ET,Ethiopia,ET04,Oromia,ET0420,Finfine Special,2026-07-29,0.004205086,1-1.5,0.002299717130054804
ETH,ET,Ethiopia,ET07,SNNP,ET0701,Guraghe,2026-07-29,0.007882709,1-1.5,0.001227233714163845
ETH,ET,Ethiopia,ET07,SNNP,ET0724,Yem Special,2026-07-29,0.007882709,1-1.5,0.001227233714163845
ETH,ET,Ethiopia,ET07,SNNP,ET0721,Amaro,2026-07-29,0.007882709,1-1.5,0.001227233714163845
ETH,ET,Ethiopia,ET07,SNNP,ET0703,Kembata Tembaro,2026-07-29,0.007882709,1-1.5,0.001227233714163845
ETH,ET,Ethiopia,ET07,SNNP,ET0710,Gamo,2026-07-29,0.007882709,1-1.5,0.001227233714163845
ETH,ET,Ethiopia,ET07,SNNP,ET0720,Siltie,2026-07-29,0.007882709,1-1.5,0.001227233714163845
ETH,ET,Ethiopia,ET07,SNNP,ET0715,Gofa,2026-07-29,0.007882709,1-1.5,0.001227233714163845
ETH,ET,Ethiopia,ET07,SNNP,ET0713,Konso,2026-07-29,0.007882709,1-1.5,0.001227233714163845
ETH,ET,Ethiopia,ET07,SNNP,ET0723,Derashe,2026-07-29,0.007882709,1-1.5,0.001227233714163845
ETH,ET,Ethiopia,ET07,SNNP,ET0705,Gedeo,2026-07-29,0.007882709,1-1.5,0.001227233714163845
ETH,ET,Ethiopia,ET07,SNNP,ET0706,Wolayita,2026-07-29,0.007882709,1-1.5,0.001227233714163845
ETH,ET,Ethiopia,ET07,SNNP,ET0714,Halaba,2026-07-29,0.007882709,1-1.5,0.001227233714163845
ETH,ET,Ethiopia,ET07,SNNP,ET0722,Burji,2026-07-29,0.007882709,1-1.5,0.001227233714163845
ETH,ET,Ethiopia,ET07,SNNP,ET0707,South Omo,2026-07-29,0.007882709,1-1.5,0.001227233714163845
ETH,ET,Ethiopia,ET07,SNNP,ET0702,Hadiya,2026-07-29,0.007882709,1-1.5,0.001227233714163845
ETH,ET,Ethiopia,ET07,SNNP,ET0716,Basketo,2026-07-29,0.007882709,1-1.5,0.001227233714163845
ETH,ET,Ethiopia,ET07,SNNP,ET0712,Alle,2026-07-29,0.007882709,1-1.5,0.001227233714163845
ETH,ET,Ethiopia,ET15,Dire Dawa,ET1502,Dire Dawa rural,2026-07-29,0.0,1-1.5,1.038961024526295e-07
ETH,ET,Ethiopia,ET15,Dire Dawa,ET1501,Dire Dawa urban,2026-07-29,0.0,1-1.5,1.038961024526295e-07
ETH,ET,Ethiopia,ET06,Benishangul Gumz,ET0604,Kamashi,2026-07-29,0.022595903,>10,0.007765715656410066
ETH,ET,Ethiopia,ET06,Benishangul Gumz,ET0602,Metekel,2026-07-29,0.022595903,>10,0.007765715656410066
ETH,ET,Ethiopia,ET06,Benishangul Gumz,ET0605,Mao Komo Special,2026-07-29,0.022595903,>10,0.007765715656410066
ETH,ET,Ethiopia,ET06,Benishangul Gumz,ET0603,Assosa,2026-07-29,0.022595903,>10,0.007765715656410066
ETH,ET,Ethiopia,ET02,Afar,ET0201,Awsi /Zone 1,2026-07-29,0.0031760344,1-1.5,0.005726784317299792
ETH,ET,Ethiopia,ET02,Afar,ET0204,Fanti /Zone 4,2026-07-29,0.0031760344,1-1.5,0.005726784317299792
ETH,ET,Ethiopia,ET02,Afar,ET0205,Hari /Zone 5,2026-07-29,0.0031760344,1-1.5,0.005726784317299792
ETH,ET,Ethiopia,ET02,Afar,ET0202,Kilbati /Zone2,2026-07-29,0.0031760344,1-1.5,0.005726784317299792
ETH,ET,Ethiopia,ET02,Afar,ET0203,Gabi /Zone 3,2026-07-29,0.0031760344,1-1.5,0.005726784317299792
ETH,ET,Ethiopia,ET03,Amhara,ET0307,West Gojam,2026-07-29,0.00070165197,1-1.5,0.0005758023899832729
ETH,ET,Ethiopia,ET03,Amhara,ET0309,Awi,2026-07-29,0.00070165197,1-1.5,0.0005758023899832729
ETH,ET,Ethiopia,ET03,Amhara,ET0305,North Shewa (AM),2026-07-29,0.00070165197,1-1.5,0.0005758023899832729
ETH,ET,Ethiopia,ET03,Amhara,ET0302,South Gondar,2026-07-29,0.00070165197,1-1.5,0.0005758023899832729
ETH,ET,Ethiopia,ET03,Amhara,ET0312,West Gondar,2026-07-29,0.00070165197,1-1.5,0.0005758023899832729
ETH,ET,Ethiopia,ET03,Amhara,ET0310,Oromia,2026-07-29,0.00070165197,1-1.5,0.0005758023899832729
ETH,ET,Ethiopia,ET03,Amhara,ET0304,South Wello,2026-07-29,0.00070165197,1-1.5,0.0005758023899832729
ETH,ET,Ethiopia,ET03,Amhara,ET0301,North Gondar,2026-07-29,0.00070165197,1-1.5,0.0005758023899832729
ETH,ET,Ethiopia,ET03,Amhara,ET0311,Central Gondar,2026-07-29,0.00070165197,1-1.5,0.0005758023899832729
ETH,ET,Ethiopia,ET03,Amhara,ET0303,North Wello,2026-07-29,0.00070165197,1-1.5,0.0005758023899832729
ETH,ET,Ethiopia,ET03,Amhara,ET0308,Wag Hamra,2026-07-29,0.00070165197,1-1.5,0.0005758023899832729
ETH,ET,Ethiopia,ET03,Amhara,ET0306,East Gojam,2026-07-29,0.00070165197,1-1.5,0.0005758023899832729
ETH,ET,Ethiopia,ET12,Gambela,ET1202,Agnewak,2026-07-29,0.0052926745,1-1.5,0.003608558647936827
ETH,ET,Ethiopia,ET12,Gambela,ET1204,Itang Special woreda,2026-07-29,0.0052926745,1-1.5,0.003608558647936827
ETH,ET,Ethiopia,ET12,Gambela,ET1203,Majang,2026-07-29,0.0052926745,1-1.5,0.003608558647936827
ETH,ET,Ethiopia,ET12,Gambela,ET1201,Nuwer,2026-07-29,0.0052926745,1-1.5,0.003608558647936827
ETH,ET,Ethiopia,ET13,Harari,ET1301,Harari,2026-07-29,0.0,1-1.5,1.856060570472354e-05
ETH,ET,Ethiopia,ET14,Addis Ababa,ET1401,Region 14,2026-07-29,0.0,1-1.5,7.045454761861369e-05
ETH,ET,Ethiopia,ET11,South West Ethiopia,ET1106,Konta Special,2026-07-29,0.00010480903,1-1.5,3.14467060032474e-05
ETH,ET,Ethiopia,ET11,South West Ethiopia,ET1105,Mirab Omo,2026-07-29,0.00010480903,1-1.5,3.14467060032474e-05
ETH,ET,Ethiopia,ET11,South West Ethiopia,ET1104,Dawuro,2026-07-29,0.00010480903,1-1.5,3.14467060032474e-05
ETH,ET,Ethiopia,ET11,South West Ethiopia,ET1101,Sheka,2026-07-29,0.00010480903,1-1.5,3.14467060032474e-05
ETH,ET,Ethiopia,ET11,South West Ethiopia,ET1103,Bench Sheko,2026-07-29,0.00010480903,1-1.5,3.14467060032474e-05
ETH,ET,Ethiopia,ET11,South West Ethiopia,ET1102,Kefa,2026-07-29,0.00010480903,1-1.5,3.14467060032474e-05
ETH,ET,Ethiopia,ET05,Somali,ET0510,Nogob,2026-07-29,0.00042226317,1-1.5,0.0001102464691588458
ETH,ET,Ethiopia,ET05,Somali,ET0506,Shabelle,2026-07-29,0.00042226317,1-1.5,0.0001102464691588458
ETH,ET,Ethiopia,ET05,Somali,ET0502,Fafan,2026-07-29,0.00042226317,1-1.5,0.0001102464691588458
ETH,ET,Ethiopia,ET05,Somali,ET0503,Jarar,2026-07-29,0.00042226317,1-1.5,0.0001102464691588458
ETH,ET,Ethiopia,ET05,Somali,ET0501,Siti,2026-07-29,0.00042226317,1-1.5,0.0001102464691588458
ETH,ET,Ethiopia,ET05,Somali,ET0508,Afder,2026-07-29,0.00042226317,1-1.5,0.0001102464691588458
ETH,ET,Ethiopia,ET05,Somali,ET0504,Erer,2026-07-29,0.00042226317,1-1.5,0.0001102464691588458
ETH,ET,Ethiopia,ET05,Somali,ET0509,Liban,2026-07-29,0.00042226317,1-1.5,0.0001102464691588458
ETH,ET,Ethiopia,ET05,Somali,ET0507,Doolo,2026-07-29,0.00042226317,1-1.5,0.0001102464691588458
ETH,ET,Ethiopia,ET05,Somali,ET0505,Korahe,2026-07-29,0.00042226317,1-1.5,0.0001102464691588458
ETH,ET,Ethiopia,ET05,Somali,ET0511,Daawa,2026-07-29,0.00042226317,1-1.5,0.0001102464691588458
ETH,ET,Ethiopia,ET16,Sidama,ET1600,Sidama,2026-07-30,1.4864865e-05,1-1.5,5.795249678406188e-05
ETH,ET,Ethiopia,ET01,Tigray,ET0107,Mekelle,2026-07-30,0.00046721226,1-1.5,0.0007457063425389068
ETH,ET,Ethiopia,ET01,Tigray,ET0104,Southern,2026-07-30,0.00046721226,1-1.5,0.0007457063425389068
ETH,ET,Ethiopia,ET01,Tigray,ET0101,North Western,2026-07-30,0.00046721226,1-1.5,0.0007457063425389068
ETH,ET,Ethiopia,ET01,Tigray,ET0102,Central,2026-07-30,0.00046721226,1-1.5,0.0007457063425389068
ETH,ET,Ethiopia,ET01,Tigray,ET0105,Western,2026-07-30,0.00046721226,1-1.5,0.0007457063425389068
ETH,ET,Ethiopia,ET01,Tigray,ET0106,South Eastern,2026-07-30,0.00046721226,1-1.5,0.0007457063425389068
ETH,ET,Ethiopia,ET01,Tigray,ET0103,Eastern,2026-07-30,0.00046721226,1-1.5,0.0007457063425389068
ETH,ET,Ethiopia,ET04,Oromia,ET0404,Jimma,2026-07-30,0.0044257697,1-1.5,0.002293482907010581
ETH,ET,Ethiopia,ET04,Oromia,ET0410,East Hararge,2026-07-30,0.0044257697,1-1.5,0.002293482907010581
ETH,ET,Ethiopia,ET04,Oromia,ET0409,West Hararge,2026-07-30,0.0044257697,1-1.5,0.002293482907010581
ETH,ET,Ethiopia,ET04,Oromia,ET0401,West Wellega,2026-07-30,0.0044257697,1-1.5,0.002293482907010581
ETH,ET,Ethiopia,ET04,Oromia,ET0408,Arsi,2026-07-30,0.0044257697,1-1.5,0.002293482907010581
ETH,ET,Ethiopia,ET04,Oromia,ET0403,Ilu Aba Bora,2026-07-30,0.0044257697,1-1.5,0.002293482907010581
ETH,ET,Ethiopia,ET04,Oromia,ET0407,East Shewa,2026-07-30,0.0044257697,1-1.5,0.002293482907010581
ETH,ET,Ethiopia,ET04,Oromia,ET0405,West Shewa,2026-07-30,0.0044257697,1-1.5,0.002293482907010581
ETH,ET,Ethiopia,ET04,Oromia,ET0406,North Shewa (OR),2026-07-30,0.0044257697,1-1.5,0.002293482907010581
ETH,ET,Ethiopia,ET04,Oromia,ET0402,East Wellega,2026-07-30,0.0044257697,1-1.5,0.002293482907010581
ETH,ET,Ethiopia,ET04,Oromia,ET0418,Kelem Wellega,2026-07-30,0.0044257697,1-1.5,0.002293482907010581
ETH,ET,Ethiopia,ET04,Oromia,ET0411,Bale,2026-07-30,0.0044257697,1-1.5,0.002293482907010581
ETH,ET,Ethiopia,ET04,Oromia,ET0416,Buno Bedele,2026-07-30,0.0044257697,1-1.5,0.002293482907010581
ETH,ET,Ethiopia,ET04,Oromia,ET0421,East Bale,2026-07-30,0.0044257697,1-1.5,0.002293482907010581
ETH,ET,Ethiopia,ET04,Oromia,ET0412,Borena,2026-07-30,0.0044257697,1-1.5,0.002293482907010581
ETH,ET,Ethiopia,ET04,Oromia,ET0419,Horo Gudru Wellega,2026-07-30,0.0044257697,1-1.5,0.002293482907010581
ETH,ET,Ethiopia,ET04,Oromia,ET0417,West Arsi,2026-07-30,0.0044257697,1-1.5,0.002293482907010581
ETH,ET,Ethiopia,ET04,Oromia,ET0413,South West Shewa,2026-07-30,0.0044257697,1-1.5,0.002293482907010581
ETH,ET,Ethiopia,ET04,Oromia,ET0415,West Guji,2026-07-30,0.0044257697,1-1.5,0.002293482907010581
ETH,ET,Ethiopia,ET04,Oromia,ET0414,Guji,2026-07-30,0.0044257697,1-1.5,0.002293482907010581
ETH,ET,Ethiopia,ET04,Oromia,ET0420,Finfine Special,2026-07-30,0.0044257697,1-1.5,0.002293482907010581
ETH,ET,Ethiopia,ET07,SNNP,ET0701,Guraghe,2026-07-30,0.008197494,1-1.5,0.001222684053766702
ETH,ET,Ethiopia,ET07,SNNP,ET0724,Yem Special,2026-07-30,0.008197494,1-1.5,0.001222684053766702
ETH,ET,Ethiopia,ET07,SNNP,ET0721,Amaro,2026-07-30,0.008197494,1-1.5,0.001222684053766702
ETH,ET,Ethiopia,ET07,SNNP,ET0703,Kembata Tembaro,2026-07-30,0.008197494,1-1.5,0.001222684053766702
ETH,ET,Ethiopia,ET07,SNNP,ET0710,Gamo,2026-07-30,0.008197494,1-1.5,0.001222684053766702
ETH,ET,Ethiopia,ET07,SNNP,ET0720,Siltie,2026-07-30,0.008197494,1-1.5,0.001222684053766702
ETH,ET,Ethiopia,ET07,SNNP,ET0715,Gofa,2026-07-30,0.008197494,1-1.5,0.001222684053766702
ETH,ET,Ethiopia,ET07,SNNP,ET0713,Konso,2026-07-30,0.008197494,1-1.5,0.001222684053766702
ETH,ET,Ethiopia,ET07,SNNP,ET0723,Derashe,2026-07-30,0.008197494,1-1.5,0.001222684053766702
ETH,ET,Ethiopia,ET07,SNNP,ET0705,Gedeo,2026-07-30,0.008197494,1-1.5,0.001222684053766702
ETH,ET,Ethiopia,ET07,SNNP,ET0706,Wolayita,2026-07-30,0.008197494,1-1.5,0.001222684053766702
ETH,ET,Ethiopia,ET07,SNNP,ET0714,Halaba,2026-07-30,0.008197494,1-1.5,0.001222684053766702
ETH,ET,Ethiopia,ET07,SNNP,ET0722,Burji,2026-07-30,0.008197494,1-1.5,0.001222684053766702
ETH,ET,Ethiopia,ET07,SNNP,ET0707,South Omo,2026-07-30,0.008197494,1-1.5,0.001222684053766702
ETH,ET,Ethiopia,ET07,SNNP,ET0702,Hadiya,2026-07-30,0.008197494,1-1.5,0.001222684053766702
ETH,ET,Ethiopia,ET07,SNNP,ET0716,Basketo,2026-07-30,0.008197494,1-1.5,0.001222684053766702
ETH,ET,Ethiopia,ET07,SNNP,ET0712,Alle,2026-07-30,0.008197494,1-1.5,0.001222684053766702
ETH,ET,Ethiopia,ET15,Dire Dawa,ET1502,Dire Dawa rural,2026-07-30,0.0,1-1.5,1.038961024526295e-07
ETH,ET,Ethiopia,ET15,Dire Dawa,ET1501,Dire Dawa urban,2026-07-30,0.0,1-1.5,1.038961024526295e-07
ETH,ET,Ethiopia,ET06,Benishangul Gumz,ET0604,Kamashi,2026-07-30,0.022897374,>10,0.007799968031617319
ETH,ET,Ethiopia,ET06,Benishangul Gumz,ET0602,Metekel,2026-07-30,0.022897374,>10,0.007799968031617319
ETH,ET,Ethiopia,ET06,Benishangul Gumz,ET0605,Mao Komo Special,2026-07-30,0.022897374,>10,0.007799968031617319
ETH,ET,Ethiopia,ET06,Benishangul Gumz,ET0603,Assosa,2026-07-30,0.022897374,>10,0.007799968031617319
ETH,ET,Ethiopia,ET02,Afar,ET0201,Awsi /Zone 1,2026-07-30,0.0034165764,1-1.5,0.005875167028815751
ETH,ET,Ethiopia,ET02,Afar,ET0204,Fanti /Zone 4,2026-07-30,0.0034165764,1-1.5,0.005875167028815751
ETH,ET,Ethiopia,ET02,Afar,ET0205,Hari /Zone 5,2026-07-30,0.0034165764,1-1.5,0.005875167028815751
ETH,ET,Ethiopia,ET02,Afar,ET0202,Kilbati /Zone2,2026-07-30,0.0034165764,1-1.5,0.005875167028815751
ETH,ET,Ethiopia,ET02,Afar,ET0203,Gabi /Zone 3,2026-07-30,0.0034165764,1-1.5,0.005875167028815751
ETH,ET,Ethiopia,ET03,Amhara,ET0307,West Gojam,2026-07-30,0.00017935412,1-1.5,0.0005374735998065978
ETH,ET,Ethiopia,ET03,Amhara,ET0309,Awi,2026-07-30,0.00017935412,1-1.5,0.0005374735998065978
ETH,ET,Ethiopia,ET03,Amhara,ET0305,North Shewa (AM),2026-07-30,0.00017935412,1-1.5,0.0005374735998065978
ETH,ET,Ethiopia,ET03,Amhara,ET0302,South Gondar,2026-07-30,0.00017935412,1-1.5,0.0005374735998065978
ETH,ET,Ethiopia,ET03,Amhara,ET0312,West Gondar,2026-07-30,0.00017935412,1-1.5,0.0005374735998065978
ETH,ET,Ethiopia,ET03,Amhara,ET0310,Oromia,2026-07-30,0.00017935412,1-1.5,0.0005374735998065978
ETH,ET,Ethiopia,ET03,Amhara,ET0304,South Wello,2026-07-30,0.00017935412,1-1.5,0.0005374735998065978
ETH,ET,Ethiopia,ET03,Amhara,ET0301,North Gondar,2026-07-30,0.00017935412,1-1.5,0.0005374735998065978
ETH,ET,Ethiopia,ET03,Amhara,ET0311,Central Gondar,2026-07-30,0.00017935412,1-1.5,0.0005374735998065978
ETH,ET,Ethiopia,ET03,Amhara,ET0303,North Wello,2026-07-30,0.00017935412,1-1.5,0.0005374735998065978
ETH,ET,Ethiopia,ET03,Amhara,ET0308,Wag Hamra,2026-07-30,0.00017935412,1-1.5,0.0005374735998065978
ETH,ET,Ethiopia,ET03,Amhara,ET0306,East Gojam,2026-07-30,0.00017935412,1-1.5,0.0005374735998065978
ETH,ET,Ethiopia,ET12,Gambela,ET1202,Agnewak,2026-07-30,0.005543029,1-1.5,0.003863618258608106
ETH,ET,Ethiopia,ET12,Gambela,ET1204,Itang Special woreda,2026-07-30,0.005543029,1-1.5,0.003863618258608106
ETH,ET,Ethiopia,ET12,Gambela,ET1203,Majang,2026-07-30,0.005543029,1-1.5,0.003863618258608106
ETH,ET,Ethiopia,ET12,Gambela,ET1201,Nuwer,2026-07-30,0.005543029,1-1.5,0.003863618258608106
ETH,ET,Ethiopia,ET13,Harari,ET1301,Harari,2026-07-30,0.0,1-1.5,1.856060570472354e-05
ETH,ET,Ethiopia,ET14,Addis Ababa,ET1401,Region 14,2026-07-30,0.0,1-1.5,7.551136628039371e-05
ETH,ET,Ethiopia,ET11,South West Ethiopia,ET1106,Konta Special,2026-07-30,8.602825e-05,1-1.5,3.828465722170388e-05
ETH,ET,Ethiopia,ET11,South West Ethiopia,ET1105,Mirab Omo,2026-07-30,8.602825e-05,1-1.5,3.828465722170388e-05
ETH,ET,Ethiopia,ET11,South West Ethiopia,ET1104,Dawuro,2026-07-30,8.602825e-05,1-1.5,3.828465722170388e-05
ETH,ET,Ethiopia,ET11,South West Ethiopia,ET1101,Sheka,2026-07-30,8.602825e-05,1-1.5,3.828465722170388e-05
ETH,ET,Ethiopia,ET11,South West Ethiopia,ET1103,Bench Sheko,2026-07-30,8.602825e-05,1-1.5,3.828465722170388e-05
ETH,ET,Ethiopia,ET11,South West Ethiopia,ET1102,Kefa,2026-07-30,8.602825e-05,1-1.5,3.828465722170388e-05
ETH,ET,Ethiopia,ET05,Somali,ET0510,Nogob,2026-07-30,0.00017498237,1-1.5,0.0001152643759949289
ETH,ET,Ethiopia,ET05,Somali,ET0506,Shabelle,2026-07-30,0.00017498237,1-1.5,0.0001152643759949289
ETH,ET,Ethiopia,ET05,Somali,ET0502,Fafan,2026-07-30,0.00017498237,1-1.5,0.0001152643759949289
ETH,ET,Ethiopia,ET05,Somali,ET0503,Jarar,2026-07-30,0.00017498237,1-1.5,0.0001152643759949289
ETH,ET,Ethiopia,ET05,Somali,ET0501,Siti,2026-07-30,0.00017498237,1-1.5,0.0001152643759949289
ETH,ET,Ethiopia,ET05,Somali,ET0508,Afder,2026-07-30,0.00017498237,1-1.5,0.0001152643759949289
ETH,ET,Ethiopia,ET05,Somali,ET0504,Erer,2026-07-30,0.00017498237,1-1.5,0.0001152643759949289
ETH,ET,Ethiopia,ET05,Somali,ET0509,Liban,2026-07-30,0.00017498237,1-1.5,0.0001152643759949289
ETH,ET,Ethiopia,ET05,Somali,ET0507,Doolo,2026-07-30,0.00017498237,1-1.5,0.0001152643759949289
ETH,ET,Ethiopia,ET05,Somali,ET0505,Korahe,2026-07-30,0.00017498237,1-1.5,0.0001152643759949289
ETH,ET,Ethiopia,ET05,Somali,ET0511,Daawa,2026-07-30,0.00017498237,1-1.5,0.0001152643759949289
ETH,ET,Ethiopia,ET16,Sidama,ET1600,Sidama,2026-07-31,0.0,1-1.5,6.262080119499428e-05
ETH,ET,Ethiopia,ET01,Tigray,ET0107,Mekelle,2026-07-31,0.0,1-1.5,0.0007591867748344458
ETH,ET,Ethiopia,ET01,Tigray,ET0104,Southern,2026-07-31,0.0,1-1.5,0.0007591867748344458
ETH,ET,Ethiopia,ET01,Tigray,ET0101,North Western,2026-07-31,0.0,1-1.5,0.0007591867748344458
ETH,ET,Ethiopia,ET01,Tigray,ET0102,Central,2026-07-31,0.0,1-1.5,0.0007591867748344458
ETH,ET,Ethiopia,ET01,Tigray,ET0105,Western,2026-07-31,0.0,1-1.5,0.0007591867748344458
ETH,ET,Ethiopia,ET01,Tigray,ET0106,South Eastern,2026-07-31,0.0,1-1.5,0.0007591867748344458
ETH,ET,Ethiopia,ET01,Tigray,ET0103,Eastern,2026-07-31,0.0,1-1.5,0.0007591867748344458
ETH,ET,Ethiopia,ET04,Oromia,ET0404,Jimma,2026-07-31,0.003852836,1-1.5,0.002312152059113776
ETH,ET,Ethiopia,ET04,Oromia,ET0410,East Hararge,2026-07-31,0.003852836,1-1.5,0.002312152059113776
ETH,ET,Ethiopia,ET04,Oromia,ET0409,West Hararge,2026-07-31,0.003852836,1-1.5,0.002312152059113776
ETH,ET,Ethiopia,ET04,Oromia,ET0401,West Wellega,2026-07-31,0.003852836,1-1.5,0.002312152059113776
ETH,ET,Ethiopia,ET04,Oromia,ET0408,Arsi,2026-07-31,0.003852836,1-1.5,0.002312152059113776
ETH,ET,Ethiopia,ET04,Oromia,ET0403,Ilu Aba Bora,2026-07-31,0.003852836,1-1.5,0.002312152059113776
ETH,ET,Ethiopia,ET04,Oromia,ET0407,East Shewa,2026-07-31,0.003852836,1-1.5,0.002312152059113776
ETH,ET,Ethiopia,ET04,Oromia,ET0405,West Shewa,2026-07-31,0.003852836,1-1.5,0.002312152059113776
ETH,ET,Ethiopia,ET04,Oromia,ET0406,North Shewa (OR),2026-07-31,0.003852836,1-1.5,0.002312152059113776
ETH,ET,Ethiopia,ET04,Oromia,ET0402,East Wellega,2026-07-31,0.003852836,1-1.5,0.002312152059113776
ETH,ET,Ethiopia,ET04,Oromia,ET0418,Kelem Wellega,2026-07-31,0.003852836,1-1.5,0.002312152059113776
ETH,ET,Ethiopia,ET04,Oromia,ET0411,Bale,2026-07-31,0.003852836,1-1.5,0.002312152059113776
ETH,ET,Ethiopia,ET04,Oromia,ET0416,Buno Bedele,2026-07-31,0.003852836,1-1.5,0.002312152059113776
ETH,ET,Ethiopia,ET04,Oromia,ET0421,East Bale,2026-07-31,0.003852836,1-1.5,0.002312152059113776
ETH,ET,Ethiopia,ET04,Oromia,ET0412,Borena,2026-07-31,0.003852836,1-1.5,0.002312152059113776
ETH,ET,Ethiopia,ET04,Oromia,ET0419,Horo Gudru Wellega,2026-07-31,0.003852836,1-1.5,0.002312152059113776
ETH,ET,Ethiopia,ET04,Oromia,ET0417,West Arsi,2026-07-31,0.003852836,1-1.5,0.002312152059113776
ETH,ET,Ethiopia,ET04,Oromia,ET0413,South West Shewa,2026-07-31,0.003852836,1-1.5,0.002312152059113776
ETH,ET,Ethiopia,ET04,Oromia,ET0415,West Guji,2026-07-31,0.003852836,1-1.5,0.002312152059113776
ETH,ET,Ethiopia,ET04,Oromia,ET0414,Guji,2026-07-31,0.003852836,1-1.5,0.002312152059113776
ETH,ET,Ethiopia,ET04,Oromia,ET0420,Finfine Special,2026-07-31,0.003852836,1-1.5,0.002312152059113776
ETH,ET,Ethiopia,ET07,SNNP,ET0701,Guraghe,2026-07-31,0.0085191345,1-1.5,0.001215237972357386
ETH,ET,Ethiopia,ET07,SNNP,ET0724,Yem Special,2026-07-31,0.0085191345,1-1.5,0.001215237972357386
ETH,ET,Ethiopia,ET07,SNNP,ET0721,Amaro,2026-07-31,0.0085191345,1-1.5,0.001215237972357386
ETH,ET,Ethiopia,ET07,SNNP,ET0703,Kembata Tembaro,2026-07-31,0.0085191345,1-1.5,0.001215237972357386
ETH,ET,Ethiopia,ET07,SNNP,ET0710,Gamo,2026-07-31,0.0085191345,1-1.5,0.001215237972357386
ETH,ET,Ethiopia,ET07,SNNP,ET0720,Siltie,2026-07-31,0.0085191345,1-1.5,0.001215237972357386
ETH,ET,Ethiopia,ET07,SNNP,ET0715,Gofa,2026-07-31,0.0085191345,1-1.5,0.001215237972357386
ETH,ET,Ethiopia,ET07,SNNP,ET0713,Konso,2026-07-31,0.0085191345,1-1.5,0.001215237972357386
ETH,ET,Ethiopia,ET07,SNNP,ET0723,Derashe,2026-07-31,0.0085191345,1-1.5,0.001215237972357386
ETH,ET,Ethiopia,ET07,SNNP,ET0705,Gedeo,2026-07-31,0.0085191345,1-1.5,0.001215237972357386
ETH,ET,Ethiopia,ET07,SNNP,ET0706,Wolayita,2026-07-31,0.0085191345,1-1.5,0.001215237972357386
ETH,ET,Ethiopia,ET07,SNNP,ET0714,Halaba,2026-07-31,0.0085191345,1-1.5,0.001215237972357386
ETH,ET,Ethiopia,ET07,SNNP,ET0722,Burji,2026-07-31,0.0085191345,1-1.5,0.001215237972357386
ETH,ET,Ethiopia,ET07,SNNP,ET0707,South Omo,2026-07-31,0.0085191345,1-1.5,0.001215237972357386
ETH,ET,Ethiopia,ET07,SNNP,ET0702,Hadiya,2026-07-31,0.0085191345,1-1.5,0.001215237972357386
ETH,ET,Ethiopia,ET07,SNNP,ET0716,Basketo,2026-07-31,0.0085191345,1-1.5,0.001215237972357386
ETH,ET,Ethiopia,ET07,SNNP,ET0712,Alle,2026-07-31,0.0085191345,1-1.5,0.001215237972357386
ETH,ET,Ethiopia,ET15,Dire Dawa,ET1502,Dire Dawa rural,2026-07-31,0.0,1-1.5,1.038961024526295e-07
ETH,ET,Ethiopia,ET15,Dire Dawa,ET1501,Dire Dawa urban,2026-07-31,0.0,1-1.5,1.038961024526295e-07
ETH,ET,Ethiopia,ET06,Benishangul Gumz,ET0604,Kamashi,2026-07-31,0.022183439,>10,0.007826348013871996
ETH,ET,Ethiopia,ET06,Benishangul Gumz,ET0602,Metekel,2026-07-31,0.022183439,>10,0.007826348013871996
ETH,ET,Ethiopia,ET06,Benishangul Gumz,ET0605,Mao Komo Special,2026-07-31,0.022183439,>10,0.007826348013871996
ETH,ET,Ethiopia,ET06,Benishangul Gumz,ET0603,Assosa,2026-07-31,0.022183439,>10,0.007826348013871996
ETH,ET,Ethiopia,ET02,Afar,ET0201,Awsi /Zone 1,2026-07-31,0.000847121,1-1.5,0.006033675492992849
ETH,ET,Ethiopia,ET02,Afar,ET0204,Fanti /Zone 4,2026-07-31,0.000847121,1-1.5,0.006033675492992849
ETH,ET,Ethiopia,ET02,Afar,ET0205,Hari /Zone 5,2026-07-31,0.000847121,1-1.5,0.006033675492992849
ETH,ET,Ethiopia,ET02,Afar,ET0202,Kilbati /Zone2,2026-07-31,0.000847121,1-1.5,0.006033675492992849
ETH,ET,Ethiopia,ET02,Afar,ET0203,Gabi /Zone 3,2026-07-31,0.000847121,1-1.5,0.006033675492992849
ETH,ET,Ethiopia,ET03,Amhara,ET0307,West Gojam,2026-07-31,1.1857707e-07,1-1.5,0.0005513045883181113
ETH,ET,Ethiopia,ET03,Amhara,ET0309,Awi,2026-07-31,1.1857707e-07,1-1.5,0.0005513045883181113
ETH,ET,Ethiopia,ET03,Amhara,ET0305,North Shewa (AM),2026-07-31,1.1857707e-07,1-1.5,0.0005513045883181113
ETH,ET,Ethiopia,ET03,Amhara,ET0302,South Gondar,2026-07-31,1.1857707e-07,1-1.5,0.0005513045883181113
ETH,ET,Ethiopia,ET03,Amhara,ET0312,West Gondar,2026-07-31,1.1857707e-07,1-1.5,0.0005513045883181113
ETH,ET,Ethiopia,ET03,Amhara,ET0310,Oromia,2026-07-31,1.1857707e-07,1-1.5,0.0005513045883181113
ETH,ET,Ethiopia,ET03,Amhara,ET0304,South Wello,2026-07-31,1.1857707e-07,1-1.5,0.0005513045883181113
ETH,ET,Ethiopia,ET03,Amhara,ET0301,North Gondar,2026-07-31,1.1857707e-07,1-1.5,0.0005513045883181113
ETH,ET,Ethiopia,ET03,Amhara,ET0311,Central Gondar,2026-07-31,1.1857707e-07,1-1.5,0.0005513045883181113
ETH,ET,Ethiopia,ET03,Amhara,ET0303,North Wello,2026-07-31,1.1857707e-07,1-1.5,0.0005513045883181113
ETH,ET,Ethiopia,ET03,Amhara,ET0308,Wag Hamra,2026-07-31,1.1857707e-07,1-1.5,0.0005513045883181113
ETH,ET,Ethiopia,ET03,Amhara,ET0306,East Gojam,2026-07-31,1.1857707e-07,1-1.5,0.0005513045883181113
ETH,ET,Ethiopia,ET12,Gambela,ET1202,Agnewak,2026-07-31,0.005298703,1-1.5,0.004120898893705254
ETH,ET,Ethiopia,ET12,Gambela,ET1204,Itang Special woreda,2026-07-31,0.005298703,1-1.5,0.004120898893705254
ETH,ET,Ethiopia,ET12,Gambela,ET1203,Majang,2026-07-31,0.005298703,1-1.5,0.004120898893705254
ETH,ET,Ethiopia,ET12,Gambela,ET1201,Nuwer,2026-07-31,0.005298703,1-1.5,0.004120898893705254
ETH,ET,Ethiopia,ET13,Harari,ET1301,Harari,2026-07-31,0.0,1-1.5,1.856060570472354e-05
ETH,ET,Ethiopia,ET14,Addis Ababa,ET1401,Region 14,2026-07-31,0.0,1-1.5,7.903409372044155e-05
ETH,ET,Ethiopia,ET11,South West Ethiopia,ET1106,Konta Special,2026-07-31,1.5855572e-05,1-1.5,4.261530823829285e-05
ETH,ET,Ethiopia,ET11,South West Ethiopia,ET1105,Mirab Omo,2026-07-31,1.5855572e-05,1-1.5,4.261530823829285e-05
ETH,ET,Ethiopia,ET11,South West Ethiopia,ET1104,Dawuro,2026-07-31,1.5855572e-05,1-1.5,4.261530823829285e-05
ETH,ET,Ethiopia,ET11,South West Ethiopia,ET1101,Sheka,2026-07-31,1.5855572e-05,1-1.5,4.261530823829285e-05
ETH,ET,Ethiopia,ET11,South West Ethiopia,ET1103,Bench Sheko,2026-07-31,1.5855572e-05,1-1.5,4.261530823829285e-05
ETH,ET,Ethiopia,ET11,South West Ethiopia,ET1102,Kefa,2026-07-31,1.5855572e-05,1-1.5,4.261530823829285e-05
ETH,ET,Ethiopia,ET05,Somali,ET0510,Nogob,2026-07-31,9.794746e-06,1-1.5,0.0001167181121336453
ETH,ET,Ethiopia,ET05,Somali,ET0506,Shabelle,2026-07-31,9.794746e-06,1-1.5,0.0001167181121336453
ETH,ET,Ethiopia,ET05,Somali,ET0502,Fafan,2026-07-31,9.794746e-06,1-1.5,0.0001167181121336453
ETH,ET,Ethiopia,ET05,Somali,ET0503,Jarar,2026-07-31,9.794746e-06,1-1.5,0.0001167181121336453
ETH,ET,Ethiopia,ET05,Somali,ET0501,Siti,2026-07-31,9.794746e-06,1-1.5,0.0001167181121336453
ETH,ET,Ethiopia,ET05,Somali,ET0508,Afder,2026-07-31,9.794746e-06,1-1.5,0.0001167181121336453
ETH,ET,Ethiopia,ET05,Somali,ET0504,Erer,2026-07-31,9.794746e-06,1-1.5,0.0001167181121336453
ETH,ET,Ethiopia,ET05,Somali,ET0509,Liban,2026-07-31,9.794746e-06,1-1.5,0.0001167181121336453
ETH,ET,Ethiopia,ET05,Somali,ET0507,Doolo,2026-07-31,9.794746e-06,1-1.5,0.0001167181121336453
ETH,ET,Ethiopia,ET05,Somali,ET0505,Korahe,2026-07-31,9.794746e-06,1-1.5,0.0001167181121336453
ETH,ET,Ethiopia,ET05,Somali,ET0511,Daawa,2026-07-31,9.794746e-06,1-1.5,0.0001167181121336453
ETH,ET,Ethiopia,ET16,Sidama,ET1600,Sidama,2026-08-01,0.0,1-1.5,5.619983498532251e-05
ETH,ET,Ethiopia,ET01,Tigray,ET0107,Mekelle,2026-08-01,7.1969744e-06,1-1.5,0.0007872698807312097
ETH,ET,Ethiopia,ET01,Tigray,ET0104,Southern,2026-08-01,7.1969744e-06,1-1.5,0.0007872698807312097
ETH,ET,Ethiopia,ET01,Tigray,ET0101,North Western,2026-08-01,7.1969744e-06,1-1.5,0.0007872698807312097
ETH,ET,Ethiopia,ET01,Tigray,ET0102,Central,2026-08-01,7.1969744e-06,1-1.5,0.0007872698807312097
ETH,ET,Ethiopia,ET01,Tigray,ET0105,Western,2026-08-01,7.1969744e-06,1-1.5,0.0007872698807312097
ETH,ET,Ethiopia,ET01,Tigray,ET0106,South Eastern,2026-08-01,7.1969744e-06,1-1.5,0.0007872698807312097
ETH,ET,Ethiopia,ET01,Tigray,ET0103,Eastern,2026-08-01,7.1969744e-06,1-1.5,0.0007872698807312097
ETH,ET,Ethiopia,ET04,Oromia,ET0404,Jimma,2026-08-01,0.0042569637,1-1.5,0.002332435940413482
ETH,ET,Ethiopia,ET04,Oromia,ET0410,East Hararge,2026-08-01,0.0042569637,1-1.5,0.002332435940413482
ETH,ET,Ethiopia,ET04,Oromia,ET0409,West Hararge,2026-08-01,0.0042569637,1-1.5,0.002332435940413482
ETH,ET,Ethiopia,ET04,Oromia,ET0401,West Wellega,2026-08-01,0.0042569637,1-1.5,0.002332435940413482
ETH,ET,Ethiopia,ET04,Oromia,ET0408,Arsi,2026-08-01,0.0042569637,1-1.5,0.002332435940413482
ETH,ET,Ethiopia,ET04,Oromia,ET0403,Ilu Aba Bora,2026-08-01,0.0042569637,1-1.5,0.002332435940413482
ETH,ET,Ethiopia,ET04,Oromia,ET0407,East Shewa,2026-08-01,0.0042569637,1-1.5,0.002332435940413482
ETH,ET,Ethiopia,ET04,Oromia,ET0405,West Shewa,2026-08-01,0.0042569637,1-1.5,0.002332435940413482
ETH,ET,Ethiopia,ET04,Oromia,ET0406,North Shewa (OR),2026-08-01,0.0042569637,1-1.5,0.002332435940413482
ETH,ET,Ethiopia,ET04,Oromia,ET0402,East Wellega,2026-08-01,0.0042569637,1-1.5,0.002332435940413482
ETH,ET,Ethiopia,ET04,Oromia,ET0418,Kelem Wellega,2026-08-01,0.0042569637,1-1.5,0.002332435940413482
ETH,ET,Ethiopia,ET04,Oromia,ET0411,Bale,2026-08-01,0.0042569637,1-1.5,0.002332435940413482
ETH,ET,Ethiopia,ET04,Oromia,ET0416,Buno Bedele,2026-08-01,0.0042569637,1-1.5,0.002332435940413482
ETH,ET,Ethiopia,ET04,Oromia,ET0421,East Bale,2026-08-01,0.0042569637,1-1.5,0.002332435940413482
ETH,ET,Ethiopia,ET04,Oromia,ET0412,Borena,2026-08-01,0.0042569637,1-1.5,0.002332435940413482
ETH,ET,Ethiopia,ET04,Oromia,ET0419,Horo Gudru Wellega,2026-08-01,0.0042569637,1-1.5,0.002332435940413482
ETH,ET,Ethiopia,ET04,Oromia,ET0417,West Arsi,2026-08-01,0.0042569637,1-1.5,0.002332435940413482
ETH,ET,Ethiopia,ET04,Oromia,ET0413,South West Shewa,2026-08-01,0.0042569637,1-1.5,0.002332435940413482
ETH,ET,Ethiopia,ET04,Oromia,ET0415,West Guji,2026-08-01,0.0042569637,1-1.5,0.002332435940413482
ETH,ET,Ethiopia,ET04,Oromia,ET0414,Guji,2026-08-01,0.0042569637,1-1.5,0.002332435940413482
ETH,ET,Ethiopia,ET04,Oromia,ET0420,Finfine Special,2026-08-01,0.0042569637,1-1.5,0.002332435940413482
ETH,ET,Ethiopia,ET07,SNNP,ET0701,Guraghe,2026-08-01,0.008729803,1-1.5,0.00119782528209152
ETH,ET,Ethiopia,ET07,SNNP,ET0724,Yem Special,2026-08-01,0.008729803,1-1.5,0.00119782528209152
ETH,ET,Ethiopia,ET07,SNNP,ET0721,Amaro,2026-08-01,0.008729803,1-1.5,0.00119782528209152
ETH,ET,Ethiopia,ET07,SNNP,ET0703,Kembata Tembaro,2026-08-01,0.008729803,1-1.5,0.00119782528209152
ETH,ET,Ethiopia,ET07,SNNP,ET0710,Gamo,2026-08-01,0.008729803,1-1.5,0.00119782528209152
ETH,ET,Ethiopia,ET07,SNNP,ET0720,Siltie,2026-08-01,0.008729803,1-1.5,0.00119782528209152
ETH,ET,Ethiopia,ET07,SNNP,ET0715,Gofa,2026-08-01,0.008729803,1-1.5,0.00119782528209152
ETH,ET,Ethiopia,ET07,SNNP,ET0713,Konso,2026-08-01,0.008729803,1-1.5,0.00119782528209152
ETH,ET,Ethiopia,ET07,SNNP,ET0723,Derashe,2026-08-01,0.008729803,1-1.5,0.00119782528209152
ETH,ET,Ethiopia,ET07,SNNP,ET0705,Gedeo,2026-08-01,0.008729803,1-1.5,0.00119782528209152
ETH,ET,Ethiopia,ET07,SNNP,ET0706,Wolayita,2026-08-01,0.008729803,1-1.5,0.00119782528209152
ETH,ET,Ethiopia,ET07,SNNP,ET0714,Halaba,2026-08-01,0.008729803,1-1.5,0.00119782528209152
ETH,ET,Ethiopia,ET07,SNNP,ET0722,Burji,2026-08-01,0.008729803,1-1.5,0.00119782528209152
ETH,ET,Ethiopia,ET07,SNNP,ET0707,South Omo,2026-08-01,0.008729803,1-1.5,0.00119782528209152
ETH,ET,Ethiopia,ET07,SNNP,ET0702,Hadiya,2026-08-01,0.008729803,1-1.5,0.00119782528209152
ETH,ET,Ethiopia,ET07,SNNP,ET0716,Basketo,2026-08-01,0.008729803,1-1.5,0.00119782528209152
ETH,ET,Ethiopia,ET07,SNNP,ET0712,Alle,2026-08-01,0.008729803,1-1.5,0.00119782528209152
ETH,ET,Ethiopia,ET15,Dire Dawa,ET1502,Dire Dawa rural,2026-08-01,0.0,1-1.5,1.038961024526295e-07
ETH,ET,Ethiopia,ET15,Dire Dawa,ET1501,Dire Dawa urban,2026-08-01,0.0,1-1.5,1.038961024526295e-07
ETH,ET,Ethiopia,ET06,Benishangul Gumz,ET0604,Kamashi,2026-08-01,0.022300264,>10,0.007895334583841675
ETH,ET,Ethiopia,ET06,Benishangul Gumz,ET0602,Metekel,2026-08-01,0.022300264,>10,0.007895334583841675
ETH,ET,Ethiopia,ET06,Benishangul Gumz,ET0605,Mao Komo Special,2026-08-01,0.022300264,>10,0.007895334583841675
ETH,ET,Ethiopia,ET06,Benishangul Gumz,ET0603,Assosa,2026-08-01,0.022300264,>10,0.007895334583841675
ETH,ET,Ethiopia,ET02,Afar,ET0201,Awsi /Zone 1,2026-08-01,0.0024135348,1-1.5,0.006092078937705414
ETH,ET,Ethiopia,ET02,Afar,ET0204,Fanti /Zone 4,2026-08-01,0.0024135348,1-1.5,0.006092078937705414
ETH,ET,Ethiopia,ET02,Afar,ET0205,Hari /Zone 5,2026-08-01,0.0024135348,1-1.5,0.006092078937705414
ETH,ET,Ethiopia,ET02,Afar,ET0202,Kilbati /Zone2,2026-08-01,0.0024135348,1-1.5,0.006092078937705414
ETH,ET,Ethiopia,ET02,Afar,ET0203,Gabi /Zone 3,2026-08-01,0.0024135348,1-1.5,0.006092078937705414
ETH,ET,Ethiopia,ET03,Amhara,ET0307,West Gojam,2026-08-01,0.00041895578,1-1.5,0.0005718593944863282
ETH,ET,Ethiopia,ET03,Amhara,ET0309,Awi,2026-08-01,0.00041895578,1-1.5,0.0005718593944863282
ETH,ET,Ethiopia,ET03,Amhara,ET0305,North Shewa (AM),2026-08-01,0.00041895578,1-1.5,0.0005718593944863282
ETH,ET,Ethiopia,ET03,Amhara,ET0302,South Gondar,2026-08-01,0.00041895578,1-1.5,0.0005718593944863282
ETH,ET,Ethiopia,ET03,Amhara,ET0312,West Gondar,2026-08-01,0.00041895578,1-1.5,0.0005718593944863282
ETH,ET,Ethiopia,ET03,Amhara,ET0310,Oromia,2026-08-01,0.00041895578,1-1.5,0.0005718593944863282
ETH,ET,Ethiopia,ET03,Amhara,ET0304,South Wello,2026-08-01,0.00041895578,1-1.5,0.0005718593944863282
ETH,ET,Ethiopia,ET03,Amhara,ET0301,North Gondar,2026-08-01,0.00041895578,1-1.5,0.0005718593944863282
ETH,ET,Ethiopia,ET03,Amhara,ET0311,Central Gondar,2026-08-01,0.00041895578,1-1.5,0.0005718593944863282
ETH,ET,Ethiopia,ET03,Amhara,ET0303,North Wello,2026-08-01,0.00041895578,1-1.5,0.0005718593944863282
ETH,ET,Ethiopia,ET03,Amhara,ET0308,Wag Hamra,2026-08-01,0.00041895578,1-1.5,0.0005718593944863282
ETH,ET,Ethiopia,ET03,Amhara,ET0306,East Gojam,2026-08-01,0.00041895578,1-1.5,0.0005718593944863282
ETH,ET,Ethiopia,ET12,Gambela,ET1202,Agnewak,2026-08-01,0.0051586768,1-1.5,0.004294238898596219
ETH,ET,Ethiopia,ET12,Gambela,ET1204,Itang Special woreda,2026-08-01,0.0051586768,1-1.5,0.004294238898596219
ETH,ET,Ethiopia,ET12,Gambela,ET1203,Majang,2026-08-01,0.0051586768,1-1.5,0.004294238898596219
ETH,ET,Ethiopia,ET12,Gambela,ET1201,Nuwer,2026-08-01,0.0051586768,1-1.5,0.004294238898596219
ETH,ET,Ethiopia,ET13,Harari,ET1301,Harari,2026-08-01,0.0,1-1.5,1.856060570472354e-05
ETH,ET,Ethiopia,ET14,Addis Ababa,ET1401,Region 14,2026-08-01,3.75e-05,1-1.5,8.147727575388589e-05
ETH,ET,Ethiopia,ET11,South West Ethiopia,ET1106,Konta Special,2026-08-01,0.0,1-1.5,4.527242930330224e-05
ETH,ET,Ethiopia,ET11,South West Ethiopia,ET1105,Mirab Omo,2026-08-01,0.0,1-1.5,4.527242930330224e-05
ETH,ET,Ethiopia,ET11,South West Ethiopia,ET1104,Dawuro,2026-08-01,0.0,1-1.5,4.527242930330224e-05
ETH,ET,Ethiopia,ET11,South West Ethiopia,ET1101,Sheka,2026-08-01,0.0,1-1.5,4.527242930330224e-05
ETH,ET,Ethiopia,ET11,South West Ethiopia,ET1103,Bench Sheko,2026-08-01,0.0,1-1.5,4.527242930330224e-05
ETH,ET,Ethiopia,ET11,South West Ethiopia,ET1102,Kefa,2026-08-01,0.0,1-1.5,4.527242930330224e-05
ETH,ET,Ethiopia,ET05,Somali,ET0510,Nogob,2026-08-01,9.824148e-09,1-1.5,0.0001176887380575066
ETH,ET,Ethiopia,ET05,Somali,ET0506,Shabelle,2026-08-01,9.824148e-09,1-1.5,0.0001176887380575066
ETH,ET,Ethiopia,ET05,Somali,ET0502,Fafan,2026-08-01,9.824148e-09,1-1.5,0.0001176887380575066
ETH,ET,Ethiopia,ET05,Somali,ET0503,Jarar,2026-08-01,9.824148e-09,1-1.5,0.0001176887380575066
ETH,ET,Ethiopia,ET05,Somali,ET0501,Siti,2026-08-01,9.824148e-09,1-1.5,0.0001176887380575066
ETH,ET,Ethiopia,ET05,Somali,ET0508,Afder,2026-08-01,9.824148e-09,1-1.5,0.0001176887380575066
ETH,ET,Ethiopia,ET05,Somali,ET0504,Erer,2026-08-01,9.824148e-09,1-1.5,0.0001176887380575066
ETH,ET,Ethiopia,ET05,Somali,ET0509,Liban,2026-08-01,9.824148e-09,1-1.5,0.0001176887380575066
ETH,ET,Ethiopia,ET05,Somali,ET0507,Doolo,2026-08-01,9.824148e-09,1-1.5,0.0001176887380575066
ETH,ET,Ethiopia,ET05,Somali,ET0505,Korahe,2026-08-01,9.824148e-09,1-1.5,0.0001176887380575066
ETH,ET,Ethiopia,ET05,Somali,ET0511,Daawa,2026-08-01,9.824148e-09,1-1.5,0.0001176887380575066
ETH,ET,Ethiopia,ET16,Sidama,ET1600,Sidama,2026-08-02,0.0,1-1.5,5.075757479227667e-05
ETH,ET,Ethiopia,ET01,Tigray,ET0107,Mekelle,2026-08-02,0.0007546408,1-1.5,0.0008288375621652543
ETH,ET,Ethiopia,ET01,Tigray,ET0104,Southern,2026-08-02,0.0007546408,1-1.5,0.0008288375621652543
ETH,ET,Ethiopia,ET01,Tigray,ET0101,North Western,2026-08-02,0.0007546408,1-1.5,0.0008288375621652543
ETH,ET,Ethiopia,ET01,Tigray,ET0102,Central,2026-08-02,0.0007546408,1-1.5,0.0008288375621652543
ETH,ET,Ethiopia,ET01,Tigray,ET0105,Western,2026-08-02,0.0007546408,1-1.5,0.0008288375621652543
ETH,ET,Ethiopia,ET01,Tigray,ET0106,South Eastern,2026-08-02,0.0007546408,1-1.5,0.0008288375621652543
ETH,ET,Ethiopia,ET01,Tigray,ET0103,Eastern,2026-08-02,0.0007546408,1-1.5,0.0008288375621652543
ETH,ET,Ethiopia,ET04,Oromia,ET0404,Jimma,2026-08-02,0.0060630534,2-3,0.002347507212438028
ETH,ET,Ethiopia,ET04,Oromia,ET0410,East Hararge,2026-08-02,0.0060630534,2-3,0.002347507212438028
ETH,ET,Ethiopia,ET04,Oromia,ET0409,West Hararge,2026-08-02,0.0060630534,2-3,0.002347507212438028
ETH,ET,Ethiopia,ET04,Oromia,ET0401,West Wellega,2026-08-02,0.0060630534,2-3,0.002347507212438028
ETH,ET,Ethiopia,ET04,Oromia,ET0408,Arsi,2026-08-02,0.0060630534,2-3,0.002347507212438028
ETH,ET,Ethiopia,ET04,Oromia,ET0403,Ilu Aba Bora,2026-08-02,0.0060630534,2-3,0.002347507212438028
ETH,ET,Ethiopia,ET04,Oromia,ET0407,East Shewa,2026-08-02,0.0060630534,2-3,0.002347507212438028
ETH,ET,Ethiopia,ET04,Oromia,ET0405,West Shewa,2026-08-02,0.0060630534,2-3,0.002347507212438028
ETH,ET,Ethiopia,ET04,Oromia,ET0406,North Shewa (OR),2026-08-02,0.0060630534,2-3,0.002347507212438028
ETH,ET,Ethiopia,ET04,Oromia,ET0402,East Wellega,2026-08-02,0.0060630534,2-3,0.002347507212438028
ETH,ET,Ethiopia,ET04,Oromia,ET0418,Kelem Wellega,2026-08-02,0.0060630534,2-3,0.002347507212438028
ETH,ET,Ethiopia,ET04,Oromia,ET0411,Bale,2026-08-02,0.0060630534,2-3,0.002347507212438028
ETH,ET,Ethiopia,ET04,Oromia,ET0416,Buno Bedele,2026-08-02,0.0060630534,2-3,0.002347507212438028
ETH,ET,Ethiopia,ET04,Oromia,ET0421,East Bale,2026-08-02,0.0060630534,2-3,0.002347507212438028
ETH,ET,Ethiopia,ET04,Oromia,ET0412,Borena,2026-08-02,0.0060630534,2-3,0.002347507212438028
ETH,ET,Ethiopia,ET04,Oromia,ET0419,Horo Gudru Wellega,2026-08-02,0.0060630534,2-3,0.002347507212438028
ETH,ET,Ethiopia,ET04,Oromia,ET0417,West Arsi,2026-08-02,0.0060630534,2-3,0.002347507212438028
ETH,ET,Ethiopia,ET04,Oromia,ET0413,South West Shewa,2026-08-02,0.0060630534,2-3,0.002347507212438028
ETH,ET,Ethiopia,ET04,Oromia,ET0415,West Guji,2026-08-02,0.0060630534,2-3,0.002347507212438028
ETH,ET,Ethiopia,ET04,Oromia,ET0414,Guji,2026-08-02,0.0060630534,2-3,0.002347507212438028
ETH,ET,Ethiopia,ET04,Oromia,ET0420,Finfine Special,2026-08-02,0.0060630534,2-3,0.002347507212438028
ETH,ET,Ethiopia,ET07,SNNP,ET0701,Guraghe,2026-08-02,0.009032501,1-1.5,0.001143221899336957
ETH,ET,Ethiopia,ET07,SNNP,ET0724,Yem Special,2026-08-02,0.009032501,1-1.5,0.001143221899336957
ETH,ET,Ethiopia,ET07,SNNP,ET0721,Amaro,2026-08-02,0.009032501,1-1.5,0.001143221899336957
ETH,ET,Ethiopia,ET07,SNNP,ET0703,Kembata Tembaro,2026-08-02,0.009032501,1-1.5,0.001143221899336957
ETH,ET,Ethiopia,ET07,SNNP,ET0710,Gamo,2026-08-02,0.009032501,1-1.5,0.001143221899336957
ETH,ET,Ethiopia,ET07,SNNP,ET0720,Siltie,2026-08-02,0.009032501,1-1.5,0.001143221899336957
ETH,ET,Ethiopia,ET07,SNNP,ET0715,Gofa,2026-08-02,0.009032501,1-1.5,0.001143221899336957
ETH,ET,Ethiopia,ET07,SNNP,ET0713,Konso,2026-08-02,0.009032501,1-1.5,0.001143221899336957
ETH,ET,Ethiopia,ET07,SNNP,ET0723,Derashe,2026-08-02,0.009032501,1-1.5,0.001143221899336957
ETH,ET,Ethiopia,ET07,SNNP,ET0705,Gedeo,2026-08-02,0.009032501,1-1.5,0.001143221899336957
ETH,ET,Ethiopia,ET07,SNNP,ET0706,Wolayita,2026-08-02,0.009032501,1-1.5,0.001143221899336957
ETH,ET,Ethiopia,ET07,SNNP,ET0714,Halaba,2026-08-02,0.009032501,1-1.5,0.001143221899336957
ETH,ET,Ethiopia,ET07,SNNP,ET0722,Burji,2026-08-02,0.009032501,1-1.5,0.001143221899336957
ETH,ET,Ethiopia,ET07,SNNP,ET0707,South Omo,2026-08-02,0.009032501,1-1.5,0.001143221899336957
ETH,ET,Ethiopia,ET07,SNNP,ET0702,Hadiya,2026-08-02,0.009032501,1-1.5,0.001143221899336957
ETH,ET,Ethiopia,ET07,SNNP,ET0716,Basketo,2026-08-02,0.009032501,1-1.5,0.001143221899336957
ETH,ET,Ethiopia,ET07,SNNP,ET0712,Alle,2026-08-02,0.009032501,1-1.5,0.001143221899336957
ETH,ET,Ethiopia,ET15,Dire Dawa,ET1502,Dire Dawa rural,2026-08-02,0.0,1-1.5,1.038961024526295e-07
ETH,ET,Ethiopia,ET15,Dire Dawa,ET1501,Dire Dawa urban,2026-08-02,0.0,1-1.5,1.038961024526295e-07
ETH,ET,Ethiopia,ET06,Benishangul Gumz,ET0604,Kamashi,2026-08-02,0.021778949,>10,0.007949923546443022
ETH,ET,Ethiopia,ET06,Benishangul Gumz,ET0602,Metekel,2026-08-02,0.021778949,>10,0.007949923546443022
ETH,ET,Ethiopia,ET06,Benishangul Gumz,ET0605,Mao Komo Special,2026-08-02,0.021778949,>10,0.007949923546443022
ETH,ET,Ethiopia,ET06,Benishangul Gumz,ET0603,Assosa,2026-08-02,0.021778949,>10,0.007949923546443022
ETH,ET,Ethiopia,ET02,Afar,ET0201,Awsi /Zone 1,2026-08-02,0.002823827,1-1.5,0.006231351323458511
ETH,ET,Ethiopia,ET02,Afar,ET0204,Fanti /Zone 4,2026-08-02,0.002823827,1-1.5,0.006231351323458511
ETH,ET,Ethiopia,ET02,Afar,ET0205,Hari /Zone 5,2026-08-02,0.002823827,1-1.5,0.006231351323458511
ETH,ET,Ethiopia,ET02,Afar,ET0202,Kilbati /Zone2,2026-08-02,0.002823827,1-1.5,0.006231351323458511
ETH,ET,Ethiopia,ET02,Afar,ET0203,Gabi /Zone 3,2026-08-02,0.002823827,1-1.5,0.006231351323458511
ETH,ET,Ethiopia,ET03,Amhara,ET0307,West Gojam,2026-08-02,0.0012814421,1-1.5,0.0005883394574784909
ETH,ET,Ethiopia,ET03,Amhara,ET0309,Awi,2026-08-02,0.0012814421,1-1.5,0.0005883394574784909
ETH,ET,Ethiopia,ET03,Amhara,ET0305,North Shewa (AM),2026-08-02,0.0012814421,1-1.5,0.0005883394574784909
ETH,ET,Ethiopia,ET03,Amhara,ET0302,South Gondar,2026-08-02,0.0012814421,1-1.5,0.0005883394574784909
ETH,ET,Ethiopia,ET03,Amhara,ET0312,West Gondar,2026-08-02,0.0012814421,1-1.5,0.0005883394574784909
ETH,ET,Ethiopia,ET03,Amhara,ET0310,Oromia,2026-08-02,0.0012814421,1-1.5,0.0005883394574784909
ETH,ET,Ethiopia,ET03,Amhara,ET0304,South Wello,2026-08-02,0.0012814421,1-1.5,0.0005883394574784909
ETH,ET,Ethiopia,ET03,Amhara,ET0301,North Gondar,2026-08-02,0.0012814421,1-1.5,0.0005883394574784909
ETH,ET,Ethiopia,ET03,Amhara,ET0311,Central Gondar,2026-08-02,0.0012814421,1-1.5,0.0005883394574784909
ETH,ET,Ethiopia,ET03,Amhara,ET0303,North Wello,2026-08-02,0.0012814421,1-1.5,0.0005883394574784909
ETH,ET,Ethiopia,ET03,Amhara,ET0308,Wag Hamra,2026-08-02,0.0012814421,1-1.5,0.0005883394574784909
ETH,ET,Ethiopia,ET03,Amhara,ET0306,East Gojam,2026-08-02,0.0012814421,1-1.5,0.0005883394574784909
ETH,ET,Ethiopia,ET12,Gambela,ET1202,Agnewak,2026-08-02,0.0055106184,1-1.5,0.004459418435528112
ETH,ET,Ethiopia,ET12,Gambela,ET1204,Itang Special woreda,2026-08-02,0.0055106184,1-1.5,0.004459418435528112
ETH,ET,Ethiopia,ET12,Gambela,ET1203,Majang,2026-08-02,0.0055106184,1-1.5,0.004459418435528112
ETH,ET,Ethiopia,ET12,Gambela,ET1201,Nuwer,2026-08-02,0.0055106184,1-1.5,0.004459418435528112
ETH,ET,Ethiopia,ET13,Harari,ET1301,Harari,2026-08-02,0.0,1-1.5,7.575757659982297e-08
ETH,ET,Ethiopia,ET14,Addis Ababa,ET1401,Region 14,2026-08-02,7.4999996e-05,1-1.5,8.44886392852376e-05
ETH,ET,Ethiopia,ET11,South West Ethiopia,ET1106,Konta Special,2026-08-02,3.2993353e-06,1-1.5,4.690526364948316e-05
ETH,ET,Ethiopia,ET11,South West Ethiopia,ET1105,Mirab Omo,2026-08-02,3.2993353e-06,1-1.5,4.690526364948316e-05
ETH,ET,Ethiopia,ET11,South West Ethiopia,ET1104,Dawuro,2026-08-02,3.2993353e-06,1-1.5,4.690526364948316e-05
ETH,ET,Ethiopia,ET11,South West Ethiopia,ET1101,Sheka,2026-08-02,3.2993353e-06,1-1.5,4.690526364948316e-05
ETH,ET,Ethiopia,ET11,South West Ethiopia,ET1103,Bench Sheko,2026-08-02,3.2993353e-06,1-1.5,4.690526364948316e-05
ETH,ET,Ethiopia,ET11,South West Ethiopia,ET1102,Kefa,2026-08-02,3.2993353e-06,1-1.5,4.690526364948316e-05
ETH,ET,Ethiopia,ET05,Somali,ET0510,Nogob,2026-08-02,0.0,1-1.5,0.0001134851633882373
ETH,ET,Ethiopia,ET05,Somali,ET0506,Shabelle,2026-08-02,0.0,1-1.5,0.0001134851633882373
ETH,ET,Ethiopia,ET05,Somali,ET0502,Fafan,2026-08-02,0.0,1-1.5,0.0001134851633882373
ETH,ET,Ethiopia,ET05,Somali,ET0503,Jarar,2026-08-02,0.0,1-1.5,0.0001134851633882373
ETH,ET,Ethiopia,ET05,Somali,ET0501,Siti,2026-08-02,0.0,1-1.5,0.0001134851633882373
ETH,ET,Ethiopia,ET05,Somali,ET0508,Afder,2026-08-02,0.0,1-1.5,0.0001134851633882373
ETH,ET,Ethiopia,ET05,Somali,ET0504,Erer,2026-08-02,0.0,1-1.5,0.0001134851633882373
ETH,ET,Ethiopia,ET05,Somali,ET0509,Liban,2026-08-02,0.0,1-1.5,0.0001134851633882373
ETH,ET,Ethiopia,ET05,Somali,ET0507,Doolo,2026-08-02,0.0,1-1.5,0.0001134851633882373
ETH,ET,Ethiopia,ET05,Somali,ET0505,Korahe,2026-08-02,0.0,1-1.5,0.0001134851633882373
ETH,ET,Ethiopia,ET05,Somali,ET0511,Daawa,2026-08-02,0.0,1-1.5,0.0001134851633882373
ETH,ET,Ethiopia,ET16,Sidama,ET1600,Sidama,2026-08-03,0.0,1-1.5,6.48443880560411e-05
ETH,ET,Ethiopia,ET01,Tigray,ET0107,Mekelle,2026-08-03,0.0,1-1.5,0.0008706188953871158
ETH,ET,Ethiopia,ET01,Tigray,ET0104,Southern,2026-08-03,0.0,1-1.5,0.0008706188953871158
ETH,ET,Ethiopia,ET01,Tigray,ET0101,North Western,2026-08-03,0.0,1-1.5,0.0008706188953871158
ETH,ET,Ethiopia,ET01,Tigray,ET0102,Central,2026-08-03,0.0,1-1.5,0.0008706188953871158
ETH,ET,Ethiopia,ET01,Tigray,ET0105,Western,2026-08-03,0.0,1-1.5,0.0008706188953871158
ETH,ET,Ethiopia,ET01,Tigray,ET0106,South Eastern,2026-08-03,0.0,1-1.5,0.0008706188953871158
ETH,ET,Ethiopia,ET01,Tigray,ET0103,Eastern,2026-08-03,0.0,1-1.5,0.0008706188953871158
ETH,ET,Ethiopia,ET04,Oromia,ET0404,Jimma,2026-08-03,0.005982504,2-3,0.002358349901624024
ETH,ET,Ethiopia,ET04,Oromia,ET0410,East Hararge,2026-08-03,0.005982504,2-3,0.002358349901624024
ETH,ET,Ethiopia,ET04,Oromia,ET0409,West Hararge,2026-08-03,0.005982504,2-3,0.002358349901624024
ETH,ET,Ethiopia,ET04,Oromia,ET0401,West Wellega,2026-08-03,0.005982504,2-3,0.002358349901624024
ETH,ET,Ethiopia,ET04,Oromia,ET0408,Arsi,2026-08-03,0.005982504,2-3,0.002358349901624024
ETH,ET,Ethiopia,ET04,Oromia,ET0403,Ilu Aba Bora,2026-08-03,0.005982504,2-3,0.002358349901624024
ETH,ET,Ethiopia,ET04,Oromia,ET0407,East Shewa,2026-08-03,0.005982504,2-3,0.002358349901624024
ETH,ET,Ethiopia,ET04,Oromia,ET0405,West Shewa,2026-08-03,0.005982504,2-3,0.002358349901624024
ETH,ET,Ethiopia,ET04,Oromia,ET0406,North Shewa (OR),2026-08-03,0.005982504,2-3,0.002358349901624024
ETH,ET,Ethiopia,ET04,Oromia,ET0402,East Wellega,2026-08-03,0.005982504,2-3,0.002358349901624024
ETH,ET,Ethiopia,ET04,Oromia,ET0418,Kelem Wellega,2026-08-03,0.005982504,2-3,0.002358349901624024
ETH,ET,Ethiopia,ET04,Oromia,ET0411,Bale,2026-08-03,0.005982504,2-3,0.002358349901624024
ETH,ET,Ethiopia,ET04,Oromia,ET0416,Buno Bedele,2026-08-03,0.005982504,2-3,0.002358349901624024
ETH,ET,Ethiopia,ET04,Oromia,ET0421,East Bale,2026-08-03,0.005982504,2-3,0.002358349901624024
ETH,ET,Ethiopia,ET04,Oromia,ET0412,Borena,2026-08-03,0.005982504,2-3,0.002358349901624024
ETH,ET,Ethiopia,ET04,Oromia,ET0419,Horo Gudru Wellega,2026-08-03,0.005982504,2-3,0.002358349901624024
ETH,ET,Ethiopia,ET04,Oromia,ET0417,West Arsi,2026-08-03,0.005982504,2-3,0.002358349901624024
ETH,ET,Ethiopia,ET04,Oromia,ET0413,South West Shewa,2026-08-03,0.005982504,2-3,0.002358349901624024
ETH,ET,Ethiopia,ET04,Oromia,ET0415,West Guji,2026-08-03,0.005982504,2-3,0.002358349901624024
ETH,ET,Ethiopia,ET04,Oromia,ET0414,Guji,2026-08-03,0.005982504,2-3,0.002358349901624024
ETH,ET,Ethiopia,ET04,Oromia,ET0420,Finfine Special,2026-08-03,0.005982504,2-3,0.002358349901624024
ETH,ET,Ethiopia,ET07,SNNP,ET0701,Guraghe,2026-08-03,0.008116269,1-1.5,0.001146389587065693
ETH,ET,Ethiopia,ET07,SNNP,ET0724,Yem Special,2026-08-03,0.008116269,1-1.5,0.001146389587065693
ETH,ET,Ethiopia,ET07,SNNP,ET0721,Amaro,2026-08-03,0.008116269,1-1.5,0.001146389587065693
ETH,ET,Ethiopia,ET07,SNNP,ET0703,Kembata Tembaro,2026-08-03,0.008116269,1-1.5,0.001146389587065693
ETH,ET,Ethiopia,ET07,SNNP,ET0710,Gamo,2026-08-03,0.008116269,1-1.5,0.001146389587065693
ETH,ET,Ethiopia,ET07,SNNP,ET0720,Siltie,2026-08-03,0.008116269,1-1.5,0.001146389587065693
ETH,ET,Ethiopia,ET07,SNNP,ET0715,Gofa,2026-08-03,0.008116269,1-1.5,0.001146389587065693
ETH,ET,Ethiopia,ET07,SNNP,ET0713,Konso,2026-08-03,0.008116269,1-1.5,0.001146389587065693
ETH,ET,Ethiopia,ET07,SNNP,ET0723,Derashe,2026-08-03,0.008116269,1-1.5,0.001146389587065693
ETH,ET,Ethiopia,ET07,SNNP,ET0705,Gedeo,2026-08-03,0.008116269,1-1.5,0.001146389587065693
ETH,ET,Ethiopia,ET07,SNNP,ET0706,Wolayita,2026-08-03,0.008116269,1-1.5,0.001146389587065693
ETH,ET,Ethiopia,ET07,SNNP,ET0714,Halaba,2026-08-03,0.008116269,1-1.5,0.001146389587065693
ETH,ET,Ethiopia,ET07,SNNP,ET0722,Burji,2026-08-03,0.008116269,1-1.5,0.001146389587065693
ETH,ET,Ethiopia,ET07,SNNP,ET0707,South Omo,2026-08-03,0.008116269,1-1.5,0.001146389587065693
ETH,ET,Ethiopia,ET07,SNNP,ET0702,Hadiya,2026-08-03,0.008116269,1-1.5,0.001146389587065693
ETH,ET,Ethiopia,ET07,SNNP,ET0716,Basketo,2026-08-03,0.008116269,1-1.5,0.001146389587065693
ETH,ET,Ethiopia,ET07,SNNP,ET0712,Alle,2026-08-03,0.008116269,1-1.5,0.001146389587065693
ETH,ET,Ethiopia,ET15,Dire Dawa,ET1502,Dire Dawa rural,2026-08-03,0.0,1-1.5,2.07792204905259e-07
ETH,ET,Ethiopia,ET15,Dire Dawa,ET1501,Dire Dawa urban,2026-08-03,0.0,1-1.5,2.07792204905259e-07
ETH,ET,Ethiopia,ET06,Benishangul Gumz,ET0604,Kamashi,2026-08-03,0.022924645,>10,0.007974366377818983
ETH,ET,Ethiopia,ET06,Benishangul Gumz,ET0602,Metekel,2026-08-03,0.022924645,>10,0.007974366377818983
ETH,ET,Ethiopia,ET06,Benishangul Gumz,ET0605,Mao Komo Special,2026-08-03,0.022924645,>10,0.007974366377818983
ETH,ET,Ethiopia,ET06,Benishangul Gumz,ET0603,Assosa,2026-08-03,0.022924645,>10,0.007974366377818983
ETH,ET,Ethiopia,ET02,Afar,ET0201,Awsi /Zone 1,2026-08-03,0.0035955925,1-1.5,0.006335735373390475
ETH,ET,Ethiopia,ET02,Afar,ET0204,Fanti /Zone 4,2026-08-03,0.0035955925,1-1.5,0.006335735373390475
ETH,ET,Ethiopia,ET02,Afar,ET0205,Hari /Zone 5,2026-08-03,0.0035955925,1-1.5,0.006335735373390475
ETH,ET,Ethiopia,ET02,Afar,ET0202,Kilbati /Zone2,2026-08-03,0.0035955925,1-1.5,0.006335735373390475
ETH,ET,Ethiopia,ET02,Afar,ET0203,Gabi /Zone 3,2026-08-03,0.0035955925,1-1.5,0.006335735373390475
ETH,ET,Ethiopia,ET03,Amhara,ET0307,West Gojam,2026-08-03,0.000863959,1-1.5,0.0005845018349565381
ETH,ET,Ethiopia,ET03,Amhara,ET0309,Awi,2026-08-03,0.000863959,1-1.5,0.0005845018349565381
ETH,ET,Ethiopia,ET03,Amhara,ET0305,North Shewa (AM),2026-08-03,0.000863959,1-1.5,0.0005845018349565381
ETH,ET,Ethiopia,ET03,Amhara,ET0302,South Gondar,2026-08-03,0.000863959,1-1.5,0.0005845018349565381
ETH,ET,Ethiopia,ET03,Amhara,ET0312,West Gondar,2026-08-03,0.000863959,1-1.5,0.0005845018349565381
ETH,ET,Ethiopia,ET03,Amhara,ET0310,Oromia,2026-08-03,0.000863959,1-1.5,0.0005845018349565381
ETH,ET,Ethiopia,ET03,Amhara,ET0304,South Wello,2026-08-03,0.000863959,1-1.5,0.0005845018349565381
ETH,ET,Ethiopia,ET03,Amhara,ET0301,North Gondar,2026-08-03,0.000863959,1-1.5,0.0005845018349565381
ETH,ET,Ethiopia,ET03,Amhara,ET0311,Central Gondar,2026-08-03,0.000863959,1-1.5,0.0005845018349565381
ETH,ET,Ethiopia,ET03,Amhara,ET0303,North Wello,2026-08-03,0.000863959,1-1.5,0.0005845018349565381
ETH,ET,Ethiopia,ET03,Amhara,ET0308,Wag Hamra,2026-08-03,0.000863959,1-1.5,0.0005845018349565381
ETH,ET,Ethiopia,ET03,Amhara,ET0306,East Gojam,2026-08-03,0.000863959,1-1.5,0.0005845018349565381
ETH,ET,Ethiopia,ET12,Gambela,ET1202,Agnewak,2026-08-03,0.0067569637,1-1.5,0.004582643366302363
ETH,ET,Ethiopia,ET12,Gambela,ET1204,Itang Special woreda,2026-08-03,0.0067569637,1-1.5,0.004582643366302363
ETH,ET,Ethiopia,ET12,Gambela,ET1203,Majang,2026-08-03,0.0067569637,1-1.5,0.004582643366302363
ETH,ET,Ethiopia,ET12,Gambela,ET1201,Nuwer,2026-08-03,0.0067569637,1-1.5,0.004582643366302363
ETH,ET,Ethiopia,ET13,Harari,ET1301,Harari,2026-08-03,0.0,1-1.5,7.575757659982297e-08
ETH,ET,Ethiopia,ET14,Addis Ababa,ET1401,Region 14,2026-08-03,0.0,1-1.5,8.42045483626531e-05
ETH,ET,Ethiopia,ET11,South West Ethiopia,ET1106,Konta Special,2026-08-03,0.00016496817,1-1.5,6.715727364404633e-05
ETH,ET,Ethiopia,ET11,South West Ethiopia,ET1105,Mirab Omo,2026-08-03,0.00016496817,1-1.5,6.715727364404633e-05
ETH,ET,Ethiopia,ET11,South West Ethiopia,ET1104,Dawuro,2026-08-03,0.00016496817,1-1.5,6.715727364404633e-05
ETH,ET,Ethiopia,ET11,South West Ethiopia,ET1101,Sheka,2026-08-03,0.00016496817,1-1.5,6.715727364404633e-05
ETH,ET,Ethiopia,ET11,South West Ethiopia,ET1103,Bench Sheko,2026-08-03,0.00016496817,1-1.5,6.715727364404633e-05
ETH,ET,Ethiopia,ET11,South West Ethiopia,ET1102,Kefa,2026-08-03,0.00016496817,1-1.5,6.715727364404633e-05
ETH,ET,Ethiopia,ET05,Somali,ET0510,Nogob,2026-08-03,5.8944888e-08,1-1.5,0.0001267832360299663
ETH,ET,Ethiopia,ET05,Somali,ET0506,Shabelle,2026-08-03,5.8944888e-08,1-1.5,0.0001267832360299663
ETH,ET,Ethiopia,ET05,Somali,ET0502,Fafan,2026-08-03,5.8944888e-08,1-1.5,0.0001267832360299663
ETH,ET,Ethiopia,ET05,Somali,ET0503,Jarar,2026-08-03,5.8944888e-08,1-1.5,0.0001267832360299663
ETH,ET,Ethiopia,ET05,Somali,ET0501,Siti,2026-08-03,5.8944888e-08,1-1.5,0.0001267832360299663
ETH,ET,Ethiopia,ET05,Somali,ET0508,Afder,2026-08-03,5.8944888e-08,1-1.5,0.0001267832360299663
ETH,ET,Ethiopia,ET05,Somali,ET0504,Erer,2026-08-03,5.8944888e-08,1-1.5,0.0001267832360299663
ETH,ET,Ethiopia,ET05,Somali,ET0509,Liban,2026-08-03,5.8944888e-08,1-1.5,0.0001267832360299663
ETH,ET,Ethiopia,ET05,Somali,ET0507,Doolo,2026-08-03,5.8944888e-08,1-1.5,0.0001267832360299663
ETH,ET,Ethiopia,ET05,Somali,ET0505,Korahe,2026-08-03,5.8944888e-08,1-1.5,0.0001267832360299663
ETH,ET,Ethiopia,ET05,Somali,ET0511,Daawa,2026-08-03,5.8944888e-08,1-1.5,0.0001267832360299663
ETH,ET,Ethiopia,ET16,Sidama,ET1600,Sidama,2026-08-04,0.0,1-1.5,5.893939230438925e-05
ETH,ET,Ethiopia,ET01,Tigray,ET0107,Mekelle,2026-08-04,0.0,1-1.5,0.0008977738097124705
ETH,ET,Ethiopia,ET01,Tigray,ET0104,Southern,2026-08-04,0.0,1-1.5,0.0008977738097124705
ETH,ET,Ethiopia,ET01,Tigray,ET0101,North Western,2026-08-04,0.0,1-1.5,0.0008977738097124705
ETH,ET,Ethiopia,ET01,Tigray,ET0102,Central,2026-08-04,0.0,1-1.5,0.0008977738097124705
ETH,ET,Ethiopia,ET01,Tigray,ET0105,Western,2026-08-04,0.0,1-1.5,0.0008977738097124705
ETH,ET,Ethiopia,ET01,Tigray,ET0106,South Eastern,2026-08-04,0.0,1-1.5,0.0008977738097124705
ETH,ET,Ethiopia,ET01,Tigray,ET0103,Eastern,2026-08-04,0.0,1-1.5,0.0008977738097124705
ETH,ET,Ethiopia,ET04,Oromia,ET0404,Jimma,2026-08-04,0.0047569675,1.5-2,0.002385673516387628
ETH,ET,Ethiopia,ET04,Oromia,ET0410,East Hararge,2026-08-04,0.0047569675,1.5-2,0.002385673516387628
ETH,ET,Ethiopia,ET04,Oromia,ET0409,West Hararge,2026-08-04,0.0047569675,1.5-2,0.002385673516387628
ETH,ET,Ethiopia,ET04,Oromia,ET0401,West Wellega,2026-08-04,0.0047569675,1.5-2,0.002385673516387628
ETH,ET,Ethiopia,ET04,Oromia,ET0408,Arsi,2026-08-04,0.0047569675,1.5-2,0.002385673516387628
ETH,ET,Ethiopia,ET04,Oromia,ET0403,Ilu Aba Bora,2026-08-04,0.0047569675,1.5-2,0.002385673516387628
ETH,ET,Ethiopia,ET04,Oromia,ET0407,East Shewa,2026-08-04,0.0047569675,1.5-2,0.002385673516387628
ETH,ET,Ethiopia,ET04,Oromia,ET0405,West Shewa,2026-08-04,0.0047569675,1.5-2,0.002385673516387628
ETH,ET,Ethiopia,ET04,Oromia,ET0406,North Shewa (OR),2026-08-04,0.0047569675,1.5-2,0.002385673516387628
ETH,ET,Ethiopia,ET04,Oromia,ET0402,East Wellega,2026-08-04,0.0047569675,1.5-2,0.002385673516387628
ETH,ET,Ethiopia,ET04,Oromia,ET0418,Kelem Wellega,2026-08-04,0.0047569675,1.5-2,0.002385673516387628
ETH,ET,Ethiopia,ET04,Oromia,ET0411,Bale,2026-08-04,0.0047569675,1.5-2,0.002385673516387628
ETH,ET,Ethiopia,ET04,Oromia,ET0416,Buno Bedele,2026-08-04,0.0047569675,1.5-2,0.002385673516387628
ETH,ET,Ethiopia,ET04,Oromia,ET0421,East Bale,2026-08-04,0.0047569675,1.5-2,0.002385673516387628
ETH,ET,Ethiopia,ET04,Oromia,ET0412,Borena,2026-08-04,0.0047569675,1.5-2,0.002385673516387628
ETH,ET,Ethiopia,ET04,Oromia,ET0419,Horo Gudru Wellega,2026-08-04,0.0047569675,1.5-2,0.002385673516387628
ETH,ET,Ethiopia,ET04,Oromia,ET0417,West Arsi,2026-08-04,0.0047569675,1.5-2,0.002385673516387628
ETH,ET,Ethiopia,ET04,Oromia,ET0413,South West Shewa,2026-08-04,0.0047569675,1.5-2,0.002385673516387628
ETH,ET,Ethiopia,ET04,Oromia,ET0415,West Guji,2026-08-04,0.0047569675,1.5-2,0.002385673516387628
ETH,ET,Ethiopia,ET04,Oromia,ET0414,Guji,2026-08-04,0.0047569675,1.5-2,0.002385673516387628
ETH,ET,Ethiopia,ET04,Oromia,ET0420,Finfine Special,2026-08-04,0.0047569675,1.5-2,0.002385673516387628
ETH,ET,Ethiopia,ET07,SNNP,ET0701,Guraghe,2026-08-04,0.0074955863,1-1.5,0.001121951418361081
ETH,ET,Ethiopia,ET07,SNNP,ET0724,Yem Special,2026-08-04,0.0074955863,1-1.5,0.001121951418361081
ETH,ET,Ethiopia,ET07,SNNP,ET0721,Amaro,2026-08-04,0.0074955863,1-1.5,0.001121951418361081
ETH,ET,Ethiopia,ET07,SNNP,ET0703,Kembata Tembaro,2026-08-04,0.0074955863,1-1.5,0.001121951418361081
ETH,ET,Ethiopia,ET07,SNNP,ET0710,Gamo,2026-08-04,0.0074955863,1-1.5,0.001121951418361081
ETH,ET,Ethiopia,ET07,SNNP,ET0720,Siltie,2026-08-04,0.0074955863,1-1.5,0.001121951418361081
ETH,ET,Ethiopia,ET07,SNNP,ET0715,Gofa,2026-08-04,0.0074955863,1-1.5,0.001121951418361081
ETH,ET,Ethiopia,ET07,SNNP,ET0713,Konso,2026-08-04,0.0074955863,1-1.5,0.001121951418361081
ETH,ET,Ethiopia,ET07,SNNP,ET0723,Derashe,2026-08-04,0.0074955863,1-1.5,0.001121951418361081
ETH,ET,Ethiopia,ET07,SNNP,ET0705,Gedeo,2026-08-04,0.0074955863,1-1.5,0.001121951418361081
ETH,ET,Ethiopia,ET07,SNNP,ET0706,Wolayita,2026-08-04,0.0074955863,1-1.5,0.001121951418361081
ETH,ET,Ethiopia,ET07,SNNP,ET0714,Halaba,2026-08-04,0.0074955863,1-1.5,0.001121951418361081
ETH,ET,Ethiopia,ET07,SNNP,ET0722,Burji,2026-08-04,0.0074955863,1-1.5,0.001121951418361081
ETH,ET,Ethiopia,ET07,SNNP,ET0707,South Omo,2026-08-04,0.0074955863,1-1.5,0.001121951418361081
ETH,ET,Ethiopia,ET07,SNNP,ET0702,Hadiya,2026-08-04,0.0074955863,1-1.5,0.001121951418361081
ETH,ET,Ethiopia,ET07,SNNP,ET0716,Basketo,2026-08-04,0.0074955863,1-1.5,0.001121951418361081
ETH,ET,Ethiopia,ET07,SNNP,ET0712,Alle,2026-08-04,0.0074955863,1-1.5,0.001121951418361081
ETH,ET,Ethiopia,ET15,Dire Dawa,ET1502,Dire Dawa rural,2026-08-04,0.0,1-1.5,3.116883073578885e-07
ETH,ET,Ethiopia,ET15,Dire Dawa,ET1501,Dire Dawa urban,2026-08-04,0.0,1-1.5,3.116883073578885e-07
ETH,ET,Ethiopia,ET06,Benishangul Gumz,ET0604,Kamashi,2026-08-04,0.023145085,>10,0.0080508149408977
ETH,ET,Ethiopia,ET06,Benishangul Gumz,ET0602,Metekel,2026-08-04,0.023145085,>10,0.0080508149408977
ETH,ET,Ethiopia,ET06,Benishangul Gumz,ET0605,Mao Komo Special,2026-08-04,0.023145085,>10,0.0080508149408977
ETH,ET,Ethiopia,ET06,Benishangul Gumz,ET0603,Assosa,2026-08-04,0.023145085,>10,0.0080508149408977
ETH,ET,Ethiopia,ET02,Afar,ET0201,Awsi /Zone 1,2026-08-04,0.0023060967,1-1.5,0.006473645864711714
ETH,ET,Ethiopia,ET02,Afar,ET0204,Fanti /Zone 4,2026-08-04,0.0023060967,1-1.5,0.006473645864711714
ETH,ET,Ethiopia,ET02,Afar,ET0205,Hari /Zone 5,2026-08-04,0.0023060967,1-1.5,0.006473645864711714
ETH,ET,Ethiopia,ET02,Afar,ET0202,Kilbati /Zone2,2026-08-04,0.0023060967,1-1.5,0.006473645864711714
ETH,ET,Ethiopia,ET02,Afar,ET0203,Gabi /Zone 3,2026-08-04,0.0023060967,1-1.5,0.006473645864711714
ETH,ET,Ethiopia,ET03,Amhara,ET0307,West Gojam,2026-08-04,0.00035950643,1-1.5,0.0006009826220563432
ETH,ET,Ethiopia,ET03,Amhara,ET0309,Awi,2026-08-04,0.00035950643,1-1.5,0.0006009826220563432
ETH,ET,Ethiopia,ET03,Amhara,ET0305,North Shewa (AM),2026-08-04,0.00035950643,1-1.5,0.0006009826220563432
ETH,ET,Ethiopia,ET03,Amhara,ET0302,South Gondar,2026-08-04,0.00035950643,1-1.5,0.0006009826220563432
ETH,ET,Ethiopia,ET03,Amhara,ET0312,West Gondar,2026-08-04,0.00035950643,1-1.5,0.0006009826220563432
ETH,ET,Ethiopia,ET03,Amhara,ET0310,Oromia,2026-08-04,0.00035950643,1-1.5,0.0006009826220563432
ETH,ET,Ethiopia,ET03,Amhara,ET0304,South Wello,2026-08-04,0.00035950643,1-1.5,0.0006009826220563432
ETH,ET,Ethiopia,ET03,Amhara,ET0301,North Gondar,2026-08-04,0.00035950643,1-1.5,0.0006009826220563432
ETH,ET,Ethiopia,ET03,Amhara,ET0311,Central Gondar,2026-08-04,0.00035950643,1-1.5,0.0006009826220563432
ETH,ET,Ethiopia,ET03,Amhara,ET0303,North Wello,2026-08-04,0.00035950643,1-1.5,0.0006009826220563432
ETH,ET,Ethiopia,ET03,Amhara,ET0308,Wag Hamra,2026-08-04,0.00035950643,1-1.5,0.0006009826220563432
ETH,ET,Ethiopia,ET03,Amhara,ET0306,East Gojam,2026-08-04,0.00035950643,1-1.5,0.0006009826220563432
ETH,ET,Ethiopia,ET12,Gambela,ET1202,Agnewak,2026-08-04,0.006864767,1-1.5,0.004691937588822012
ETH,ET,Ethiopia,ET12,Gambela,ET1204,Itang Special woreda,2026-08-04,0.006864767,1-1.5,0.004691937588822012
ETH,ET,Ethiopia,ET12,Gambela,ET1203,Majang,2026-08-04,0.006864767,1-1.5,0.004691937588822012
ETH,ET,Ethiopia,ET12,Gambela,ET1201,Nuwer,2026-08-04,0.006864767,1-1.5,0.004691937588822012
ETH,ET,Ethiopia,ET13,Harari,ET1301,Harari,2026-08-04,0.0,1-1.5,7.575757659982297e-08
ETH,ET,Ethiopia,ET14,Addis Ababa,ET1401,Region 14,2026-08-04,0.0,1-1.5,8.772727560426574e-05
ETH,ET,Ethiopia,ET11,South West Ethiopia,ET1106,Konta Special,2026-08-04,0.0,1-1.5,7.496418012558273e-05
ETH,ET,Ethiopia,ET11,South West Ethiopia,ET1105,Mirab Omo,2026-08-04,0.0,1-1.5,7.496418012558273e-05
ETH,ET,Ethiopia,ET11,South West Ethiopia,ET1104,Dawuro,2026-08-04,0.0,1-1.5,7.496418012558273e-05
ETH,ET,Ethiopia,ET11,South West Ethiopia,ET1101,Sheka,2026-08-04,0.0,1-1.5,7.496418012558273e-05
ETH,ET,Ethiopia,ET11,South West Ethiopia,ET1103,Bench Sheko,2026-08-04,0.0,1-1.5,7.496418012558273e-05
ETH,ET,Ethiopia,ET11,South West Ethiopia,ET1102,Kefa,2026-08-04,0.0,1-1.5,7.496418012558273e-05
ETH,ET,Ethiopia,ET05,Somali,ET0510,Nogob,2026-08-04,9.824148e-09,1-1.5,0.0001499610443725465
ETH,ET,Ethiopia,ET05,Somali,ET0506,Shabelle,2026-08-04,9.824148e-09,1-1.5,0.0001499610443725465
ETH,ET,Ethiopia,ET05,Somali,ET0502,Fafan,2026-08-04,9.824148e-09,1-1.5,0.0001499610443725465
ETH,ET,Ethiopia,ET05,Somali,ET0503,Jarar,2026-08-04,9.824148e-09,1-1.5,0.0001499610443725465
ETH,ET,Ethiopia,ET05,Somali,ET0501,Siti,2026-08-04,9.824148e-09,1-1.5,0.0001499610443725465
ETH,ET,Ethiopia,ET05,Somali,ET0508,Afder,2026-08-04,9.824148e-09,1-1.5,0.0001499610443725465
ETH,ET,Ethiopia,ET05,Somali,ET0504,Erer,2026-08-04,9.824148e-09,1-1.5,0.0001499610443725465
ETH,ET,Ethiopia,ET05,Somali,ET0509,Liban,2026-08-04,9.824148e-09,1-1.5,0.0001499610443725465
ETH,ET,Ethiopia,ET05,Somali,ET0507,Doolo,2026-08-04,9.824148e-09,1-1.5,0.0001499610443725465
ETH,ET,Ethiopia,ET05,Somali,ET0505,Korahe,2026-08-04,9.824148e-09,1-1.5,0.0001499610443725465
ETH,ET,Ethiopia,ET05,Somali,ET0511,Daawa,2026-08-04,9.824148e-09,1-1.5,0.0001499610443725465
ETH,ET,Ethiopia,ET16,Sidama,ET1600,Sidama,2026-08-05,0.0,1-1.5,5.893939230438925e-05
ETH,ET,Ethiopia,ET01,Tigray,ET0107,Mekelle,2026-08-05,0.0,1-1.5,0.0009145805203157343
ETH,ET,Ethiopia,ET01,Tigray,ET0104,Southern,2026-08-05,0.0,1-1.5,0.0009145805203157343
ETH,ET,Ethiopia,ET01,Tigray,ET0101,North Western,2026-08-05,0.0,1-1.5,0.0009145805203157343
ETH,ET,Ethiopia,ET01,Tigray,ET0102,Central,2026-08-05,0.0,1-1.5,0.0009145805203157343
ETH,ET,Ethiopia,ET01,Tigray,ET0105,Western,2026-08-05,0.0,1-1.5,0.0009145805203157343
ETH,ET,Ethiopia,ET01,Tigray,ET0106,South Eastern,2026-08-05,0.0,1-1.5,0.0009145805203157343
ETH,ET,Ethiopia,ET01,Tigray,ET0103,Eastern,2026-08-05,0.0,1-1.5,0.0009145805203157343
ETH,ET,Ethiopia,ET04,Oromia,ET0404,Jimma,2026-08-05,0.0037450306,1-1.5,0.002402892569079995
ETH,ET,Ethiopia,ET04,Oromia,ET0410,East Hararge,2026-08-05,0.0037450306,1-1.5,0.002402892569079995
ETH,ET,Ethiopia,ET04,Oromia,ET0409,West Hararge,2026-08-05,0.0037450306,1-1.5,0.002402892569079995
ETH,ET,Ethiopia,ET04,Oromia,ET0401,West Wellega,2026-08-05,0.0037450306,1-1.5,0.002402892569079995
ETH,ET,Ethiopia,ET04,Oromia,ET0408,Arsi,2026-08-05,0.0037450306,1-1.5,0.002402892569079995
ETH,ET,Ethiopia,ET04,Oromia,ET0403,Ilu Aba Bora,2026-08-05,0.0037450306,1-1.5,0.002402892569079995
ETH,ET,Ethiopia,ET04,Oromia,ET0407,East Shewa,2026-08-05,0.0037450306,1-1.5,0.002402892569079995
ETH,ET,Ethiopia,ET04,Oromia,ET0405,West Shewa,2026-08-05,0.0037450306,1-1.5,0.002402892569079995
ETH,ET,Ethiopia,ET04,Oromia,ET0406,North Shewa (OR),2026-08-05,0.0037450306,1-1.5,0.002402892569079995
ETH,ET,Ethiopia,ET04,Oromia,ET0402,East Wellega,2026-08-05,0.0037450306,1-1.5,0.002402892569079995
ETH,ET,Ethiopia,ET04,Oromia,ET0418,Kelem Wellega,2026-08-05,0.0037450306,1-1.5,0.002402892569079995
ETH,ET,Ethiopia,ET04,Oromia,ET0411,Bale,2026-08-05,0.0037450306,1-1.5,0.002402892569079995
ETH,ET,Ethiopia,ET04,Oromia,ET0416,Buno Bedele,2026-08-05,0.0037450306,1-1.5,0.002402892569079995
ETH,ET,Ethiopia,ET04,Oromia,ET0421,East Bale,2026-08-05,0.0037450306,1-1.5,0.002402892569079995
ETH,ET,Ethiopia,ET04,Oromia,ET0412,Borena,2026-08-05,0.0037450306,1-1.5,0.002402892569079995
ETH,ET,Ethiopia,ET04,Oromia,ET0419,Horo Gudru Wellega,2026-08-05,0.0037450306,1-1.5,0.002402892569079995
ETH,ET,Ethiopia,ET04,Oromia,ET0417,West Arsi,2026-08-05,0.0037450306,1-1.5,0.002402892569079995
ETH,ET,Ethiopia,ET04,Oromia,ET0413,South West Shewa,2026-08-05,0.0037450306,1-1.5,0.002402892569079995
ETH,ET,Ethiopia,ET04,Oromia,ET0415,West Guji,2026-08-05,0.0037450306,1-1.5,0.002402892569079995
ETH,ET,Ethiopia,ET04,Oromia,ET0414,Guji,2026-08-05,0.0037450306,1-1.5,0.002402892569079995
ETH,ET,Ethiopia,ET04,Oromia,ET0420,Finfine Special,2026-08-05,0.0037450306,1-1.5,0.002402892569079995
ETH,ET,Ethiopia,ET07,SNNP,ET0701,Guraghe,2026-08-05,0.00730894,1-1.5,0.001103316315529861
ETH,ET,Ethiopia,ET07,SNNP,ET0724,Yem Special,2026-08-05,0.00730894,1-1.5,0.001103316315529861
ETH,ET,Ethiopia,ET07,SNNP,ET0721,Amaro,2026-08-05,0.00730894,1-1.5,0.001103316315529861
ETH,ET,Ethiopia,ET07,SNNP,ET0703,Kembata Tembaro,2026-08-05,0.00730894,1-1.5,0.001103316315529861
ETH,ET,Ethiopia,ET07,SNNP,ET0710,Gamo,2026-08-05,0.00730894,1-1.5,0.001103316315529861
ETH,ET,Ethiopia,ET07,SNNP,ET0720,Siltie,2026-08-05,0.00730894,1-1.5,0.001103316315529861
ETH,ET,Ethiopia,ET07,SNNP,ET0715,Gofa,2026-08-05,0.00730894,1-1.5,0.001103316315529861
ETH,ET,Ethiopia,ET07,SNNP,ET0713,Konso,2026-08-05,0.00730894,1-1.5,0.001103316315529861
ETH,ET,Ethiopia,ET07,SNNP,ET0723,Derashe,2026-08-05,0.00730894,1-1.5,0.001103316315529861
ETH,ET,Ethiopia,ET07,SNNP,ET0705,Gedeo,2026-08-05,0.00730894,1-1.5,0.001103316315529861
ETH,ET,Ethiopia,ET07,SNNP,ET0706,Wolayita,2026-08-05,0.00730894,1-1.5,0.001103316315529861
ETH,ET,Ethiopia,ET07,SNNP,ET0714,Halaba,2026-08-05,0.00730894,1-1.5,0.001103316315529861
ETH,ET,Ethiopia,ET07,SNNP,ET0722,Burji,2026-08-05,0.00730894,1-1.5,0.001103316315529861
ETH,ET,Ethiopia,ET07,SNNP,ET0707,South Omo,2026-08-05,0.00730894,1-1.5,0.001103316315529861
ETH,ET,Ethiopia,ET07,SNNP,ET0702,Hadiya,2026-08-05,0.00730894,1-1.5,0.001103316315529861
ETH,ET,Ethiopia,ET07,SNNP,ET0716,Basketo,2026-08-05,0.00730894,1-1.5,0.001103316315529861
ETH,ET,Ethiopia,ET07,SNNP,ET0712,Alle,2026-08-05,0.00730894,1-1.5,0.001103316315529861
ETH,ET,Ethiopia,ET15,Dire Dawa,ET1502,Dire Dawa rural,2026-08-05,0.0,1-1.5,5.194805122631475e-07
ETH,ET,Ethiopia,ET15,Dire Dawa,ET1501,Dire Dawa urban,2026-08-05,0.0,1-1.5,5.194805122631475e-07
ETH,ET,Ethiopia,ET06,Benishangul Gumz,ET0604,Kamashi,2026-08-05,0.02272183,>10,0.008097287665545268
ETH,ET,Ethiopia,ET06,Benishangul Gumz,ET0602,Metekel,2026-08-05,0.02272183,>10,0.008097287665545268
ETH,ET,Ethiopia,ET06,Benishangul Gumz,ET0605,Mao Komo Special,2026-08-05,0.02272183,>10,0.008097287665545268
ETH,ET,Ethiopia,ET06,Benishangul Gumz,ET0603,Assosa,2026-08-05,0.02272183,>10,0.008097287665545268
ETH,ET,Ethiopia,ET02,Afar,ET0201,Awsi /Zone 1,2026-08-05,0.0018703069,1-1.5,0.006615600828569189
ETH,ET,Ethiopia,ET02,Afar,ET0204,Fanti /Zone 4,2026-08-05,0.0018703069,1-1.5,0.006615600828569189
ETH,ET,Ethiopia,ET02,Afar,ET0205,Hari /Zone 5,2026-08-05,0.0018703069,1-1.5,0.006615600828569189
ETH,ET,Ethiopia,ET02,Afar,ET0202,Kilbati /Zone2,2026-08-05,0.0018703069,1-1.5,0.006615600828569189
ETH,ET,Ethiopia,ET02,Afar,ET0203,Gabi /Zone 3,2026-08-05,0.0018703069,1-1.5,0.006615600828569189
ETH,ET,Ethiopia,ET03,Amhara,ET0307,West Gojam,2026-08-05,0.00011432806,1-1.5,0.0005779397163309856
ETH,ET,Ethiopia,ET03,Amhara,ET0309,Awi,2026-08-05,0.00011432806,1-1.5,0.0005779397163309856
ETH,ET,Ethiopia,ET03,Amhara,ET0305,North Shewa (AM),2026-08-05,0.00011432806,1-1.5,0.0005779397163309856
ETH,ET,Ethiopia,ET03,Amhara,ET0302,South Gondar,2026-08-05,0.00011432806,1-1.5,0.0005779397163309856
ETH,ET,Ethiopia,ET03,Amhara,ET0312,West Gondar,2026-08-05,0.00011432806,1-1.5,0.0005779397163309856
ETH,ET,Ethiopia,ET03,Amhara,ET0310,Oromia,2026-08-05,0.00011432806,1-1.5,0.0005779397163309856
ETH,ET,Ethiopia,ET03,Amhara,ET0304,South Wello,2026-08-05,0.00011432806,1-1.5,0.0005779397163309856
ETH,ET,Ethiopia,ET03,Amhara,ET0301,North Gondar,2026-08-05,0.00011432806,1-1.5,0.0005779397163309856
ETH,ET,Ethiopia,ET03,Amhara,ET0311,Central Gondar,2026-08-05,0.00011432806,1-1.5,0.0005779397163309856
ETH,ET,Ethiopia,ET03,Amhara,ET0303,North Wello,2026-08-05,0.00011432806,1-1.5,0.0005779397163309856
ETH,ET,Ethiopia,ET03,Amhara,ET0308,Wag Hamra,2026-08-05,0.00011432806,1-1.5,0.0005779397163309856
ETH,ET,Ethiopia,ET03,Amhara,ET0306,East Gojam,2026-08-05,0.00011432806,1-1.5,0.0005779397163309856
ETH,ET,Ethiopia,ET12,Gambela,ET1202,Agnewak,2026-08-05,0.0064119683,1-1.5,0.004791801901989278
ETH,ET,Ethiopia,ET12,Gambela,ET1204,Itang Special woreda,2026-08-05,0.0064119683,1-1.5,0.004791801901989278
ETH,ET,Ethiopia,ET12,Gambela,ET1203,Majang,2026-08-05,0.0064119683,1-1.5,0.004791801901989278
ETH,ET,Ethiopia,ET12,Gambela,ET1201,Nuwer,2026-08-05,0.0064119683,1-1.5,0.004791801901989278
ETH,ET,Ethiopia,ET13,Harari,ET1301,Harari,2026-08-05,0.0,1-1.5,7.575757659982297e-08
ETH,ET,Ethiopia,ET14,Addis Ababa,ET1401,Region 14,2026-08-05,0.0,1-1.5,9.079545729532997e-05
ETH,ET,Ethiopia,ET11,South West Ethiopia,ET1106,Konta Special,2026-08-05,0.0,1-1.5,7.973789949511973e-05
ETH,ET,Ethiopia,ET11,South West Ethiopia,ET1105,Mirab Omo,2026-08-05,0.0,1-1.5,7.973789949511973e-05
ETH,ET,Ethiopia,ET11,South West Ethiopia,ET1104,Dawuro,2026-08-05,0.0,1-1.5,7.973789949511973e-05
ETH,ET,Ethiopia,ET11,South West Ethiopia,ET1101,Sheka,2026-08-05,0.0,1-1.5,7.973789949511973e-05
ETH,ET,Ethiopia,ET11,South West Ethiopia,ET1103,Bench Sheko,2026-08-05,0.0,1-1.5,7.973789949511973e-05
ETH,ET,Ethiopia,ET11,South West Ethiopia,ET1102,Kefa,2026-08-05,0.0,1-1.5,7.973789949511973e-05
ETH,ET,Ethiopia,ET05,Somali,ET0510,Nogob,2026-08-05,9.824148e-09,1-1.5,0.000173581686912608
ETH,ET,Ethiopia,ET05,Somali,ET0506,Shabelle,2026-08-05,9.824148e-09,1-1.5,0.000173581686912608
ETH,ET,Ethiopia,ET05,Somali,ET0502,Fafan,2026-08-05,9.824148e-09,1-1.5,0.000173581686912608
ETH,ET,Ethiopia,ET05,Somali,ET0503,Jarar,2026-08-05,9.824148e-09,1-1.5,0.000173581686912608
ETH,ET,Ethiopia,ET05,Somali,ET0501,Siti,2026-08-05,9.824148e-09,1-1.5,0.000173581686912608
ETH,ET,Ethiopia,ET05,Somali,ET0508,Afder,2026-08-05,9.824148e-09,1-1.5,0.000173581686912608
ETH,ET,Ethiopia,ET05,Somali,ET0504,Erer,2026-08-05,9.824148e-09,1-1.5,0.000173581686912608
ETH,ET,Ethiopia,ET05,Somali,ET0509,Liban,2026-08-05,9.824148e-09,1-1.5,0.000173581686912608
ETH,ET,Ethiopia,ET05,Somali,ET0507,Doolo,2026-08-05,9.824148e-09,1-1.5,0.000173581686912608
ETH,ET,Ethiopia,ET05,Somali,ET0505,Korahe,2026-08-05,9.824148e-09,1-1.5,0.000173581686912608
ETH,ET,Ethiopia,ET05,Somali,ET0511,Daawa,2026-08-05,9.824148e-09,1-1.5,0.000173581686912608
ETH,ET,Ethiopia,ET16,Sidama,ET1600,Sidama,2026-08-06,0.0,1-1.5,5.893939230438925e-05
ETH,ET,Ethiopia,ET01,Tigray,ET0107,Mekelle,2026-08-06,0.0,1-1.5,0.0009016618400025323
ETH,ET,Ethiopia,ET01,Tigray,ET0104,Southern,2026-08-06,0.0,1-1.5,0.0009016618400025323
ETH,ET,Ethiopia,ET01,Tigray,ET0101,North Western,2026-08-06,0.0,1-1.5,0.0009016618400025323
ETH,ET,Ethiopia,ET01,Tigray,ET0102,Central,2026-08-06,0.0,1-1.5,0.0009016618400025323
ETH,ET,Ethiopia,ET01,Tigray,ET0105,Western,2026-08-06,0.0,1-1.5,0.0009016618400025323
ETH,ET,Ethiopia,ET01,Tigray,ET0106,South Eastern,2026-08-06,0.0,1-1.5,0.0009016618400025323
ETH,ET,Ethiopia,ET01,Tigray,ET0103,Eastern,2026-08-06,0.0,1-1.5,0.0009016618400025323
ETH,ET,Ethiopia,ET04,Oromia,ET0404,Jimma,2026-08-06,0.0038584233,1-1.5,0.002423037735702978
ETH,ET,Ethiopia,ET04,Oromia,ET0410,East Hararge,2026-08-06,0.0038584233,1-1.5,0.002423037735702978
ETH,ET,Ethiopia,ET04,Oromia,ET0409,West Hararge,2026-08-06,0.0038584233,1-1.5,0.002423037735702978
ETH,ET,Ethiopia,ET04,Oromia,ET0401,West Wellega,2026-08-06,0.0038584233,1-1.5,0.002423037735702978
ETH,ET,Ethiopia,ET04,Oromia,ET0408,Arsi,2026-08-06,0.0038584233,1-1.5,0.002423037735702978
ETH,ET,Ethiopia,ET04,Oromia,ET0403,Ilu Aba Bora,2026-08-06,0.0038584233,1-1.5,0.002423037735702978
ETH,ET,Ethiopia,ET04,Oromia,ET0407,East Shewa,2026-08-06,0.0038584233,1-1.5,0.002423037735702978
ETH,ET,Ethiopia,ET04,Oromia,ET0405,West Shewa,2026-08-06,0.0038584233,1-1.5,0.002423037735702978
ETH,ET,Ethiopia,ET04,Oromia,ET0406,North Shewa (OR),2026-08-06,0.0038584233,1-1.5,0.002423037735702978
ETH,ET,Ethiopia,ET04,Oromia,ET0402,East Wellega,2026-08-06,0.0038584233,1-1.5,0.002423037735702978
ETH,ET,Ethiopia,ET04,Oromia,ET0418,Kelem Wellega,2026-08-06,0.0038584233,1-1.5,0.002423037735702978
ETH,ET,Ethiopia,ET04,Oromia,ET0411,Bale,2026-08-06,0.0038584233,1-1.5,0.002423037735702978
ETH,ET,Ethiopia,ET04,Oromia,ET0416,Buno Bedele,2026-08-06,0.0038584233,1-1.5,0.002423037735702978
ETH,ET,Ethiopia,ET04,Oromia,ET0421,East Bale,2026-08-06,0.0038584233,1-1.5,0.002423037735702978
ETH,ET,Ethiopia,ET04,Oromia,ET0412,Borena,2026-08-06,0.0038584233,1-1.5,0.002423037735702978
ETH,ET,Ethiopia,ET04,Oromia,ET0419,Horo Gudru Wellega,2026-08-06,0.0038584233,1-1.5,0.002423037735702978
ETH,ET,Ethiopia,ET04,Oromia,ET0417,West Arsi,2026-08-06,0.0038584233,1-1.5,0.002423037735702978
ETH,ET,Ethiopia,ET04,Oromia,ET0413,South West Shewa,2026-08-06,0.0038584233,1-1.5,0.002423037735702978
ETH,ET,Ethiopia,ET04,Oromia,ET0415,West Guji,2026-08-06,0.0038584233,1-1.5,0.002423037735702978
ETH,ET,Ethiopia,ET04,Oromia,ET0414,Guji,2026-08-06,0.0038584233,1-1.5,0.002423037735702978
ETH,ET,Ethiopia,ET04,Oromia,ET0420,Finfine Special,2026-08-06,0.0038584233,1-1.5,0.002423037735702978
ETH,ET,Ethiopia,ET07,SNNP,ET0701,Guraghe,2026-08-06,0.0074414983,1-1.5,0.001066615229228257
ETH,ET,Ethiopia,ET07,SNNP,ET0724,Yem Special,2026-08-06,0.0074414983,1-1.5,0.001066615229228257
ETH,ET,Ethiopia,ET07,SNNP,ET0721,Amaro,2026-08-06,0.0074414983,1-1.5,0.001066615229228257
ETH,ET,Ethiopia,ET07,SNNP,ET0703,Kembata Tembaro,2026-08-06,0.0074414983,1-1.5,0.001066615229228257
ETH,ET,Ethiopia,ET07,SNNP,ET0710,Gamo,2026-08-06,0.0074414983,1-1.5,0.001066615229228257
ETH,ET,Ethiopia,ET07,SNNP,ET0720,Siltie,2026-08-06,0.0074414983,1-1.5,0.001066615229228257
ETH,ET,Ethiopia,ET07,SNNP,ET0715,Gofa,2026-08-06,0.0074414983,1-1.5,0.001066615229228257
ETH,ET,Ethiopia,ET07,SNNP,ET0713,Konso,2026-08-06,0.0074414983,1-1.5,0.001066615229228257
ETH,ET,Ethiopia,ET07,SNNP,ET0723,Derashe,2026-08-06,0.0074414983,1-1.5,0.001066615229228257
ETH,ET,Ethiopia,ET07,SNNP,ET0705,Gedeo,2026-08-06,0.0074414983,1-1.5,0.001066615229228257
ETH,ET,Ethiopia,ET07,SNNP,ET0706,Wolayita,2026-08-06,0.0074414983,1-1.5,0.001066615229228257
ETH,ET,Ethiopia,ET07,SNNP,ET0714,Halaba,2026-08-06,0.0074414983,1-1.5,0.001066615229228257
ETH,ET,Ethiopia,ET07,SNNP,ET0722,Burji,2026-08-06,0.0074414983,1-1.5,0.001066615229228257
ETH,ET,Ethiopia,ET07,SNNP,ET0707,South Omo,2026-08-06,0.0074414983,1-1.5,0.001066615229228257
ETH,ET,Ethiopia,ET07,SNNP,ET0702,Hadiya,2026-08-06,0.0074414983,1-1.5,0.001066615229228257
ETH,ET,Ethiopia,ET07,SNNP,ET0716,Basketo,2026-08-06,0.0074414983,1-1.5,0.001066615229228257
ETH,ET,Ethiopia,ET07,SNNP,ET0712,Alle,2026-08-06,0.0074414983,1-1.5,0.001066615229228257
ETH,ET,Ethiopia,ET15,Dire Dawa,ET1502,Dire Dawa rural,2026-08-06,0.0,1-1.5,6.233766147157769e-07
ETH,ET,Ethiopia,ET15,Dire Dawa,ET1501,Dire Dawa urban,2026-08-06,0.0,1-1.5,6.233766147157769e-07
ETH,ET,Ethiopia,ET06,Benishangul Gumz,ET0604,Kamashi,2026-08-06,0.024032768,>10,0.008141844497477409
ETH,ET,Ethiopia,ET06,Benishangul Gumz,ET0602,Metekel,2026-08-06,0.024032768,>10,0.008141844497477409
ETH,ET,Ethiopia,ET06,Benishangul Gumz,ET0605,Mao Komo Special,2026-08-06,0.024032768,>10,0.008141844497477409
ETH,ET,Ethiopia,ET06,Benishangul Gumz,ET0603,Assosa,2026-08-06,0.024032768,>10,0.008141844497477409
ETH,ET,Ethiopia,ET02,Afar,ET0201,Awsi /Zone 1,2026-08-06,0.0013578619,1-1.5,0.006802229343512325
ETH,ET,Ethiopia,ET02,Afar,ET0204,Fanti /Zone 4,2026-08-06,0.0013578619,1-1.5,0.006802229343512325
ETH,ET,Ethiopia,ET02,Afar,ET0205,Hari /Zone 5,2026-08-06,0.0013578619,1-1.5,0.006802229343512325
ETH,ET,Ethiopia,ET02,Afar,ET0202,Kilbati /Zone2,2026-08-06,0.0013578619,1-1.5,0.006802229343512325
ETH,ET,Ethiopia,ET02,Afar,ET0203,Gabi /Zone 3,2026-08-06,0.0013578619,1-1.5,0.006802229343512325
ETH,ET,Ethiopia,ET03,Amhara,ET0307,West Gojam,2026-08-06,9.511858e-05,1-1.5,0.0005731284818783034
ETH,ET,Ethiopia,ET03,Amhara,ET0309,Awi,2026-08-06,9.511858e-05,1-1.5,0.0005731284818783034
ETH,ET,Ethiopia,ET03,Amhara,ET0305,North Shewa (AM),2026-08-06,9.511858e-05,1-1.5,0.0005731284818783034
ETH,ET,Ethiopia,ET03,Amhara,ET0302,South Gondar,2026-08-06,9.511858e-05,1-1.5,0.0005731284818783034
ETH,ET,Ethiopia,ET03,Amhara,ET0312,West Gondar,2026-08-06,9.511858e-05,1-1.5,0.0005731284818783034
ETH,ET,Ethiopia,ET03,Amhara,ET0310,Oromia,2026-08-06,9.511858e-05,1-1.5,0.0005731284818783034
ETH,ET,Ethiopia,ET03,Amhara,ET0304,South Wello,2026-08-06,9.511858e-05,1-1.5,0.0005731284818783034
ETH,ET,Ethiopia,ET03,Amhara,ET0301,North Gondar,2026-08-06,9.511858e-05,1-1.5,0.0005731284818783034
ETH,ET,Ethiopia,ET03,Amhara,ET0311,Central Gondar,2026-08-06,9.511858e-05,1-1.5,0.0005731284818783034
ETH,ET,Ethiopia,ET03,Amhara,ET0303,North Wello,2026-08-06,9.511858e-05,1-1.5,0.0005731284818783034
ETH,ET,Ethiopia,ET03,Amhara,ET0308,Wag Hamra,2026-08-06,9.511858e-05,1-1.5,0.0005731284818783034
ETH,ET,Ethiopia,ET03,Amhara,ET0306,East Gojam,2026-08-06,9.511858e-05,1-1.5,0.0005731284818783034
ETH,ET,Ethiopia,ET12,Gambela,ET1202,Agnewak,2026-08-06,0.0070834644,1-1.5,0.004911703944989396
ETH,ET,Ethiopia,ET12,Gambela,ET1204,Itang Special woreda,2026-08-06,0.0070834644,1-1.5,0.004911703944989396
ETH,ET,Ethiopia,ET12,Gambela,ET1203,Majang,2026-08-06,0.0070834644,1-1.5,0.004911703944989396
ETH,ET,Ethiopia,ET12,Gambela,ET1201,Nuwer,2026-08-06,0.0070834644,1-1.5,0.004911703944989396
ETH,ET,Ethiopia,ET13,Harari,ET1301,Harari,2026-08-06,0.0,1-1.5,7.575757659982297e-08
ETH,ET,Ethiopia,ET14,Addis Ababa,ET1401,Region 14,2026-08-06,0.0,1-1.5,9.232954820287309e-05
ETH,ET,Ethiopia,ET11,South West Ethiopia,ET1106,Konta Special,2026-08-06,0.0,1-1.5,8.668177317836333e-05
ETH,ET,Ethiopia,ET11,South West Ethiopia,ET1105,Mirab Omo,2026-08-06,0.0,1-1.5,8.668177317836333e-05
ETH,ET,Ethiopia,ET11,South West Ethiopia,ET1104,Dawuro,2026-08-06,0.0,1-1.5,8.668177317836333e-05
ETH,ET,Ethiopia,ET11,South West Ethiopia,ET1101,Sheka,2026-08-06,0.0,1-1.5,8.668177317836333e-05
ETH,ET,Ethiopia,ET11,South West Ethiopia,ET1103,Bench Sheko,2026-08-06,0.0,1-1.5,8.668177317836333e-05
ETH,ET,Ethiopia,ET11,South West Ethiopia,ET1102,Kefa,2026-08-06,0.0,1-1.5,8.668177317836333e-05
ETH,ET,Ethiopia,ET05,Somali,ET0510,Nogob,2026-08-06,9.824148e-09,1-1.5,0.0001852768886751848
ETH,ET,Ethiopia,ET05,Somali,ET0506,Shabelle,2026-08-06,9.824148e-09,1-1.5,0.0001852768886751848
ETH,ET,Ethiopia,ET05,Somali,ET0502,Fafan,2026-08-06,9.824148e-09,1-1.5,0.0001852768886751848
ETH,ET,Ethiopia,ET05,Somali,ET0503,Jarar,2026-08-06,9.824148e-09,1-1.5,0.0001852768886751848
ETH,ET,Ethiopia,ET05,Somali,ET0501,Siti,2026-08-06,9.824148e-09,1-1.5,0.0001852768886751848
ETH,ET,Ethiopia,ET05,Somali,ET0508,Afder,2026-08-06,9.824148e-09,1-1.5,0.0001852768886751848
ETH,ET,Ethiopia,ET05,Somali,ET0504,Erer,2026-08-06,9.824148e-09,1-1.5,0.0001852768886751848
ETH,ET,Ethiopia,ET05,Somali,ET0509,Liban,2026-08-06,9.824148e-09,1-1.5,0.0001852768886751848
ETH,ET,Ethiopia,ET05,Somali,ET0507,Doolo,2026-08-06,9.824148e-09,1-1.5,0.0001852768886751848
ETH,ET,Ethiopia,ET05,Somali,ET0505,Korahe,2026-08-06,9.824148e-09,1-1.5,0.0001852768886751848
ETH,ET,Ethiopia,ET05,Somali,ET0511,Daawa,2026-08-06,9.824148e-09,1-1.5,0.0001852768886751848
ETH,ET,Ethiopia,ET16,Sidama,ET1600,Sidama,2026-08-07,0.0,1-1.5,5.893939230438925e-05
ETH,ET,Ethiopia,ET01,Tigray,ET0107,Mekelle,2026-08-07,0.0,1-1.5,0.0009035782350959596
ETH,ET,Ethiopia,ET01,Tigray,ET0104,Southern,2026-08-07,0.0,1-1.5,0.0009035782350959596
ETH,ET,Ethiopia,ET01,Tigray,ET0101,North Western,2026-08-07,0.0,1-1.5,0.0009035782350959596
ETH,ET,Ethiopia,ET01,Tigray,ET0102,Central,2026-08-07,0.0,1-1.5,0.0009035782350959596
ETH,ET,Ethiopia,ET01,Tigray,ET0105,Western,2026-08-07,0.0,1-1.5,0.0009035782350959596
ETH,ET,Ethiopia,ET01,Tigray,ET0106,South Eastern,2026-08-07,0.0,1-1.5,0.0009035782350959596
ETH,ET,Ethiopia,ET01,Tigray,ET0103,Eastern,2026-08-07,0.0,1-1.5,0.0009035782350959596
ETH,ET,Ethiopia,ET04,Oromia,ET0404,Jimma,2026-08-07,0.0039628698,1-1.5,0.002425076589199969
ETH,ET,Ethiopia,ET04,Oromia,ET0410,East Hararge,2026-08-07,0.0039628698,1-1.5,0.002425076589199969
ETH,ET,Ethiopia,ET04,Oromia,ET0409,West Hararge,2026-08-07,0.0039628698,1-1.5,0.002425076589199969
ETH,ET,Ethiopia,ET04,Oromia,ET0401,West Wellega,2026-08-07,0.0039628698,1-1.5,0.002425076589199969
ETH,ET,Ethiopia,ET04,Oromia,ET0408,Arsi,2026-08-07,0.0039628698,1-1.5,0.002425076589199969
ETH,ET,Ethiopia,ET04,Oromia,ET0403,Ilu Aba Bora,2026-08-07,0.0039628698,1-1.5,0.002425076589199969
ETH,ET,Ethiopia,ET04,Oromia,ET0407,East Shewa,2026-08-07,0.0039628698,1-1.5,0.002425076589199969
ETH,ET,Ethiopia,ET04,Oromia,ET0405,West Shewa,2026-08-07,0.0039628698,1-1.5,0.002425076589199969
ETH,ET,Ethiopia,ET04,Oromia,ET0406,North Shewa (OR),2026-08-07,0.0039628698,1-1.5,0.002425076589199969
ETH,ET,Ethiopia,ET04,Oromia,ET0402,East Wellega,2026-08-07,0.0039628698,1-1.5,0.002425076589199969
ETH,ET,Ethiopia,ET04,Oromia,ET0418,Kelem Wellega,2026-08-07,0.0039628698,1-1.5,0.002425076589199969
ETH,ET,Ethiopia,ET04,Oromia,ET0411,Bale,2026-08-07,0.0039628698,1-1.5,0.002425076589199969
ETH,ET,Ethiopia,ET04,Oromia,ET0416,Buno Bedele,2026-08-07,0.0039628698,1-1.5,0.002425076589199969
ETH,ET,Ethiopia,ET04,Oromia,ET0421,East Bale,2026-08-07,0.0039628698,1-1.5,0.002425076589199969
ETH,ET,Ethiopia,ET04,Oromia,ET0412,Borena,2026-08-07,0.0039628698,1-1.5,0.002425076589199969
ETH,ET,Ethiopia,ET04,Oromia,ET0419,Horo Gudru Wellega,2026-08-07,0.0039628698,1-1.5,0.002425076589199969
ETH,ET,Ethiopia,ET04,Oromia,ET0417,West Arsi,2026-08-07,0.0039628698,1-1.5,0.002425076589199969
ETH,ET,Ethiopia,ET04,Oromia,ET0413,South West Shewa,2026-08-07,0.0039628698,1-1.5,0.002425076589199969
ETH,ET,Ethiopia,ET04,Oromia,ET0415,West Guji,2026-08-07,0.0039628698,1-1.5,0.002425076589199969
ETH,ET,Ethiopia,ET04,Oromia,ET0414,Guji,2026-08-07,0.0039628698,1-1.5,0.002425076589199969
ETH,ET,Ethiopia,ET04,Oromia,ET0420,Finfine Special,2026-08-07,0.0039628698,1-1.5,0.002425076589199969
ETH,ET,Ethiopia,ET07,SNNP,ET0701,Guraghe,2026-08-07,0.0076158666,1-1.5,0.0010376094849518
ETH,ET,Ethiopia,ET07,SNNP,ET0724,Yem Special,2026-08-07,0.0076158666,1-1.5,0.0010376094849518
ETH,ET,Ethiopia,ET07,SNNP,ET0721,Amaro,2026-08-07,0.0076158666,1-1.5,0.0010376094849518
ETH,ET,Ethiopia,ET07,SNNP,ET0703,Kembata Tembaro,2026-08-07,0.0076158666,1-1.5,0.0010376094849518
ETH,ET,Ethiopia,ET07,SNNP,ET0710,Gamo,2026-08-07,0.0076158666,1-1.5,0.0010376094849518
ETH,ET,Ethiopia,ET07,SNNP,ET0720,Siltie,2026-08-07,0.0076158666,1-1.5,0.0010376094849518
ETH,ET,Ethiopia,ET07,SNNP,ET0715,Gofa,2026-08-07,0.0076158666,1-1.5,0.0010376094849518
ETH,ET,Ethiopia,ET07,SNNP,ET0713,Konso,2026-08-07,0.0076158666,1-1.5,0.0010376094849518
ETH,ET,Ethiopia,ET07,SNNP,ET0723,Derashe,2026-08-07,0.0076158666,1-1.5,0.0010376094849518
ETH,ET,Ethiopia,ET07,SNNP,ET0705,Gedeo,2026-08-07,0.0076158666,1-1.5,0.0010376094849518
ETH,ET,Ethiopia,ET07,SNNP,ET0706,Wolayita,2026-08-07,0.0076158666,1-1.5,0.0010376094849518
ETH,ET,Ethiopia,ET07,SNNP,ET0714,Halaba,2026-08-07,0.0076158666,1-1.5,0.0010376094849518
ETH,ET,Ethiopia,ET07,SNNP,ET0722,Burji,2026-08-07,0.0076158666,1-1.5,0.0010376094849518
ETH,ET,Ethiopia,ET07,SNNP,ET0707,South Omo,2026-08-07,0.0076158666,1-1.5,0.0010376094849518
ETH,ET,Ethiopia,ET07,SNNP,ET0702,Hadiya,2026-08-07,0.0076158666,1-1.5,0.0010376094849518
ETH,ET,Ethiopia,ET07,SNNP,ET0716,Basketo,2026-08-07,0.0076158666,1-1.5,0.0010376094849518
ETH,ET,Ethiopia,ET07,SNNP,ET0712,Alle,2026-08-07,0.0076158666,1-1.5,0.0010376094849518
ETH,ET,Ethiopia,ET15,Dire Dawa,ET1502,Dire Dawa rural,2026-08-07,0.0,1-1.5,6.233766147157769e-07
ETH,ET,Ethiopia,ET15,Dire Dawa,ET1501,Dire Dawa urban,2026-08-07,0.0,1-1.5,6.233766147157769e-07
ETH,ET,Ethiopia,ET06,Benishangul Gumz,ET0604,Kamashi,2026-08-07,0.024525627,>10,0.008303414174631804
ETH,ET,Ethiopia,ET06,Benishangul Gumz,ET0602,Metekel,2026-08-07,0.024525627,>10,0.008303414174631804
ETH,ET,Ethiopia,ET06,Benishangul Gumz,ET0605,Mao Komo Special,2026-08-07,0.024525627,>10,0.008303414174631804
ETH,ET,Ethiopia,ET06,Benishangul Gumz,ET0603,Assosa,2026-08-07,0.024525627,>10,0.008303414174631804
ETH,ET,Ethiopia,ET02,Afar,ET0201,Awsi /Zone 1,2026-08-07,0.0016956403,1-1.5,0.006856974881545531
ETH,ET,Ethiopia,ET02,Afar,ET0204,Fanti /Zone 4,2026-08-07,0.0016956403,1-1.5,0.006856974881545531
ETH,ET,Ethiopia,ET02,Afar,ET0205,Hari /Zone 5,2026-08-07,0.0016956403,1-1.5,0.006856974881545531
ETH,ET,Ethiopia,ET02,Afar,ET0202,Kilbati /Zone2,2026-08-07,0.0016956403,1-1.5,0.006856974881545531
ETH,ET,Ethiopia,ET02,Afar,ET0203,Gabi /Zone 3,2026-08-07,0.0016956403,1-1.5,0.006856974881545531
ETH,ET,Ethiopia,ET03,Amhara,ET0307,West Gojam,2026-08-07,0.00015721344,1-1.5,0.0005668149441953767
ETH,ET,Ethiopia,ET03,Amhara,ET0309,Awi,2026-08-07,0.00015721344,1-1.5,0.0005668149441953767
ETH,ET,Ethiopia,ET03,Amhara,ET0305,North Shewa (AM),2026-08-07,0.00015721344,1-1.5,0.0005668149441953767
ETH,ET,Ethiopia,ET03,Amhara,ET0302,South Gondar,2026-08-07,0.00015721344,1-1.5,0.0005668149441953767
ETH,ET,Ethiopia,ET03,Amhara,ET0312,West Gondar,2026-08-07,0.00015721344,1-1.5,0.0005668149441953767
ETH,ET,Ethiopia,ET03,Amhara,ET0310,Oromia,2026-08-07,0.00015721344,1-1.5,0.0005668149441953767
ETH,ET,Ethiopia,ET03,Amhara,ET0304,South Wello,2026-08-07,0.00015721344,1-1.5,0.0005668149441953767
ETH,ET,Ethiopia,ET03,Amhara,ET0301,North Gondar,2026-08-07,0.00015721344,1-1.5,0.0005668149441953767
ETH,ET,Ethiopia,ET03,Amhara,ET0311,Central Gondar,2026-08-07,0.00015721344,1-1.5,0.0005668149441953767
ETH,ET,Ethiopia,ET03,Amhara,ET0303,North Wello,2026-08-07,0.00015721344,1-1.5,0.0005668149441953767
ETH,ET,Ethiopia,ET03,Amhara,ET0308,Wag Hamra,2026-08-07,0.00015721344,1-1.5,0.0005668149441953767
ETH,ET,Ethiopia,ET03,Amhara,ET0306,East Gojam,2026-08-07,0.00015721344,1-1.5,0.0005668149441953767
ETH,ET,Ethiopia,ET12,Gambela,ET1202,Agnewak,2026-08-07,0.0065927077,1-1.5,0.004973598005017266
ETH,ET,Ethiopia,ET12,Gambela,ET1204,Itang Special woreda,2026-08-07,0.0065927077,1-1.5,0.004973598005017266
ETH,ET,Ethiopia,ET12,Gambela,ET1203,Majang,2026-08-07,0.0065927077,1-1.5,0.004973598005017266
ETH,ET,Ethiopia,ET12,Gambela,ET1201,Nuwer,2026-08-07,0.0065927077,1-1.5,0.004973598005017266
ETH,ET,Ethiopia,ET13,Harari,ET1301,Harari,2026-08-07,0.0,1-1.5,0.0
ETH,ET,Ethiopia,ET14,Addis Ababa,ET1401,Region 14,2026-08-07,0.0,1-1.5,9.142045726713894e-05
ETH,ET,Ethiopia,ET11,South West Ethiopia,ET1106,Konta Special,2026-08-07,0.0,1-1.5,8.909399715807095e-05
ETH,ET,Ethiopia,ET11,South West Ethiopia,ET1105,Mirab Omo,2026-08-07,0.0,1-1.5,8.909399715807095e-05
ETH,ET,Ethiopia,ET11,South West Ethiopia,ET1104,Dawuro,2026-08-07,0.0,1-1.5,8.909399715807095e-05
ETH,ET,Ethiopia,ET11,South West Ethiopia,ET1101,Sheka,2026-08-07,0.0,1-1.5,8.909399715807095e-05
ETH,ET,Ethiopia,ET11,South West Ethiopia,ET1103,Bench Sheko,2026-08-07,0.0,1-1.5,8.909399715807095e-05
ETH,ET,Ethiopia,ET11,South West Ethiopia,ET1102,Kefa,2026-08-07,0.0,1-1.5,8.909399715807095e-05
ETH,ET,Ethiopia,ET05,Somali,ET0510,Nogob,2026-08-07,9.824148e-09,1-1.5,0.0001985443233647143
ETH,ET,Ethiopia,ET05,Somali,ET0506,Shabelle,2026-08-07,9.824148e-09,1-1.5,0.0001985443233647143
ETH,ET,Ethiopia,ET05,Somali,ET0502,Fafan,2026-08-07,9.824148e-09,1-1.5,0.0001985443233647143
ETH,ET,Ethiopia,ET05,Somali,ET0503,Jarar,2026-08-07,9.824148e-09,1-1.5,0.0001985443233647143
ETH,ET,Ethiopia,ET05,Somali,ET0501,Siti,2026-08-07,9.824148e-09,1-1.5,0.0001985443233647143
ETH,ET,Ethiopia,ET05,Somali,ET0508,Afder,2026-08-07,9.824148e-09,1-1.5,0.0001985443233647143
ETH,ET,Ethiopia,ET05,Somali,ET0504,Erer,2026-08-07,9.824148e-09,1-1.5,0.0001985443233647143
ETH,ET,Ethiopia,ET05,Somali,ET0509,Liban,2026-08-07,9.824148e-09,1-1.5,0.0001985443233647143
ETH,ET,Ethiopia,ET05,Somali,ET0507,Doolo,2026-08-07,9.824148e-09,1-1.5,0.0001985443233647143
ETH,ET,Ethiopia,ET05,Somali,ET0505,Korahe,2026-08-07,9.824148e-09,1-1.5,0.0001985443233647143
ETH,ET,Ethiopia,ET05,Somali,ET0511,Daawa,2026-08-07,9.824148e-09,1-1.5,0.0001985443233647143
ETH,ET,Ethiopia,ET16,Sidama,ET1600,Sidama,2026-08-08,0.0,1-1.5,5.689598524854359e-05
ETH,ET,Ethiopia,ET01,Tigray,ET0107,Mekelle,2026-08-08,0.0,1-1.5,0.0009376532767394575
ETH,ET,Ethiopia,ET01,Tigray,ET0104,Southern,2026-08-08,0.0,1-1.5,0.0009376532767394575
ETH,ET,Ethiopia,ET01,Tigray,ET0101,North Western,2026-08-08,0.0,1-1.5,0.0009376532767394575
ETH,ET,Ethiopia,ET01,Tigray,ET0102,Central,2026-08-08,0.0,1-1.5,0.0009376532767394575
ETH,ET,Ethiopia,ET01,Tigray,ET0105,Western,2026-08-08,0.0,1-1.5,0.0009376532767394575
ETH,ET,Ethiopia,ET01,Tigray,ET0106,South Eastern,2026-08-08,0.0,1-1.5,0.0009376532767394575
ETH,ET,Ethiopia,ET01,Tigray,ET0103,Eastern,2026-08-08,0.0,1-1.5,0.0009376532767394575
ETH,ET,Ethiopia,ET04,Oromia,ET0404,Jimma,2026-08-08,0.0040361937,1-1.5,0.002420563228555362
ETH,ET,Ethiopia,ET04,Oromia,ET0410,East Hararge,2026-08-08,0.0040361937,1-1.5,0.002420563228555362
ETH,ET,Ethiopia,ET04,Oromia,ET0409,West Hararge,2026-08-08,0.0040361937,1-1.5,0.002420563228555362
ETH,ET,Ethiopia,ET04,Oromia,ET0401,West Wellega,2026-08-08,0.0040361937,1-1.5,0.002420563228555362
ETH,ET,Ethiopia,ET04,Oromia,ET0408,Arsi,2026-08-08,0.0040361937,1-1.5,0.002420563228555362
ETH,ET,Ethiopia,ET04,Oromia,ET0403,Ilu Aba Bora,2026-08-08,0.0040361937,1-1.5,0.002420563228555362
ETH,ET,Ethiopia,ET04,Oromia,ET0407,East Shewa,2026-08-08,0.0040361937,1-1.5,0.002420563228555362
ETH,ET,Ethiopia,ET04,Oromia,ET0405,West Shewa,2026-08-08,0.0040361937,1-1.5,0.002420563228555362
ETH,ET,Ethiopia,ET04,Oromia,ET0406,North Shewa (OR),2026-08-08,0.0040361937,1-1.5,0.002420563228555362
ETH,ET,Ethiopia,ET04,Oromia,ET0402,East Wellega,2026-08-08,0.0040361937,1-1.5,0.002420563228555362
ETH,ET,Ethiopia,ET04,Oromia,ET0418,Kelem Wellega,2026-08-08,0.0040361937,1-1.5,0.002420563228555362
ETH,ET,Ethiopia,ET04,Oromia,ET0411,Bale,2026-08-08,0.0040361937,1-1.5,0.002420563228555362
ETH,ET,Ethiopia,ET04,Oromia,ET0416,Buno Bedele,2026-08-08,0.0040361937,1-1.5,0.002420563228555362
ETH,ET,Ethiopia,ET04,Oromia,ET0421,East Bale,2026-08-08,0.0040361937,1-1.5,0.002420563228555362
ETH,ET,Ethiopia,ET04,Oromia,ET0412,Borena,2026-08-08,0.0040361937,1-1.5,0.002420563228555362
ETH,ET,Ethiopia,ET04,Oromia,ET0419,Horo Gudru Wellega,2026-08-08,0.0040361937,1-1.5,0.002420563228555362
ETH,ET,Ethiopia,ET04,Oromia,ET0417,West Arsi,2026-08-08,0.0040361937,1-1.5,0.002420563228555362
ETH,ET,Ethiopia,ET04,Oromia,ET0413,South West Shewa,2026-08-08,0.0040361937,1-1.5,0.002420563228555362
ETH,ET,Ethiopia,ET04,Oromia,ET0415,West Guji,2026-08-08,0.0040361937,1-1.5,0.002420563228555362
ETH,ET,Ethiopia,ET04,Oromia,ET0414,Guji,2026-08-08,0.0040361937,1-1.5,0.002420563228555362
ETH,ET,Ethiopia,ET04,Oromia,ET0420,Finfine Special,2026-08-08,0.0040361937,1-1.5,0.002420563228555362
ETH,ET,Ethiopia,ET07,SNNP,ET0701,Guraghe,2026-08-08,0.008581156,1-1.5,0.001039294564390306
ETH,ET,Ethiopia,ET07,SNNP,ET0724,Yem Special,2026-08-08,0.008581156,1-1.5,0.001039294564390306
ETH,ET,Ethiopia,ET07,SNNP,ET0721,Amaro,2026-08-08,0.008581156,1-1.5,0.001039294564390306
ETH,ET,Ethiopia,ET07,SNNP,ET0703,Kembata Tembaro,2026-08-08,0.008581156,1-1.5,0.001039294564390306
ETH,ET,Ethiopia,ET07,SNNP,ET0710,Gamo,2026-08-08,0.008581156,1-1.5,0.001039294564390306
ETH,ET,Ethiopia,ET07,SNNP,ET0720,Siltie,2026-08-08,0.008581156,1-1.5,0.001039294564390306
ETH,ET,Ethiopia,ET07,SNNP,ET0715,Gofa,2026-08-08,0.008581156,1-1.5,0.001039294564390306
ETH,ET,Ethiopia,ET07,SNNP,ET0713,Konso,2026-08-08,0.008581156,1-1.5,0.001039294564390306
ETH,ET,Ethiopia,ET07,SNNP,ET0723,Derashe,2026-08-08,0.008581156,1-1.5,0.001039294564390306
ETH,ET,Ethiopia,ET07,SNNP,ET0705,Gedeo,2026-08-08,0.008581156,1-1.5,0.001039294564390306
ETH,ET,Ethiopia,ET07,SNNP,ET0706,Wolayita,2026-08-08,0.008581156,1-1.5,0.001039294564390306
ETH,ET,Ethiopia,ET07,SNNP,ET0714,Halaba,2026-08-08,0.008581156,1-1.5,0.001039294564390306
ETH,ET,Ethiopia,ET07,SNNP,ET0722,Burji,2026-08-08,0.008581156,1-1.5,0.001039294564390306
ETH,ET,Ethiopia,ET07,SNNP,ET0707,South Omo,2026-08-08,0.008581156,1-1.5,0.001039294564390306
ETH,ET,Ethiopia,ET07,SNNP,ET0702,Hadiya,2026-08-08,0.008581156,1-1.5,0.001039294564390306
ETH,ET,Ethiopia,ET07,SNNP,ET0716,Basketo,2026-08-08,0.008581156,1-1.5,0.001039294564390306
ETH,ET,Ethiopia,ET07,SNNP,ET0712,Alle,2026-08-08,0.008581156,1-1.5,0.001039294564390306
ETH,ET,Ethiopia,ET15,Dire Dawa,ET1502,Dire Dawa rural,2026-08-08,0.0,1-1.5,7.272727171684065e-07
ETH,ET,Ethiopia,ET15,Dire Dawa,ET1501,Dire Dawa urban,2026-08-08,0.0,1-1.5,7.272727171684065e-07
ETH,ET,Ethiopia,ET06,Benishangul Gumz,ET0604,Kamashi,2026-08-08,0.02442234,>10,0.008459594911619205
ETH,ET,Ethiopia,ET06,Benishangul Gumz,ET0602,Metekel,2026-08-08,0.02442234,>10,0.008459594911619205
ETH,ET,Ethiopia,ET06,Benishangul Gumz,ET0605,Mao Komo Special,2026-08-08,0.02442234,>10,0.008459594911619205
ETH,ET,Ethiopia,ET06,Benishangul Gumz,ET0603,Assosa,2026-08-08,0.02442234,>10,0.008459594911619205
ETH,ET,Ethiopia,ET02,Afar,ET0201,Awsi /Zone 1,2026-08-08,0.002226631,1-1.5,0.00693804619575696
ETH,ET,Ethiopia,ET02,Afar,ET0204,Fanti /Zone 4,2026-08-08,0.002226631,1-1.5,0.00693804619575696
ETH,ET,Ethiopia,ET02,Afar,ET0205,Hari /Zone 5,2026-08-08,0.002226631,1-1.5,0.00693804619575696
ETH,ET,Ethiopia,ET02,Afar,ET0202,Kilbati /Zone2,2026-08-08,0.002226631,1-1.5,0.00693804619575696
ETH,ET,Ethiopia,ET02,Afar,ET0203,Gabi /Zone 3,2026-08-08,0.002226631,1-1.5,0.00693804619575696
ETH,ET,Ethiopia,ET03,Amhara,ET0307,West Gojam,2026-08-08,0.0001521013,1-1.5,0.0005526441113732067
ETH,ET,Ethiopia,ET03,Amhara,ET0309,Awi,2026-08-08,0.0001521013,1-1.5,0.0005526441113732067
ETH,ET,Ethiopia,ET03,Amhara,ET0305,North Shewa (AM),2026-08-08,0.0001521013,1-1.5,0.0005526441113732067
ETH,ET,Ethiopia,ET03,Amhara,ET0302,South Gondar,2026-08-08,0.0001521013,1-1.5,0.0005526441113732067
ETH,ET,Ethiopia,ET03,Amhara,ET0312,West Gondar,2026-08-08,0.0001521013,1-1.5,0.0005526441113732067
ETH,ET,Ethiopia,ET03,Amhara,ET0310,Oromia,2026-08-08,0.0001521013,1-1.5,0.0005526441113732067
ETH,ET,Ethiopia,ET03,Amhara,ET0304,South Wello,2026-08-08,0.0001521013,1-1.5,0.0005526441113732067
ETH,ET,Ethiopia,ET03,Amhara,ET0301,North Gondar,2026-08-08,0.0001521013,1-1.5,0.0005526441113732067
ETH,ET,Ethiopia,ET03,Amhara,ET0311,Central Gondar,2026-08-08,0.0001521013,1-1.5,0.0005526441113732067
ETH,ET,Ethiopia,ET03,Amhara,ET0303,North Wello,2026-08-08,0.0001521013,1-1.5,0.0005526441113732067
ETH,ET,Ethiopia,ET03,Amhara,ET0308,Wag Hamra,2026-08-08,0.0001521013,1-1.5,0.0005526441113732067
ETH,ET,Ethiopia,ET03,Amhara,ET0306,East Gojam,2026-08-08,0.0001521013,1-1.5,0.0005526441113732067
ETH,ET,Ethiopia,ET12,Gambela,ET1202,Agnewak,2026-08-08,0.006136563,1-1.5,0.004991446015298028
ETH,ET,Ethiopia,ET12,Gambela,ET1204,Itang Special woreda,2026-08-08,0.006136563,1-1.5,0.004991446015298028
ETH,ET,Ethiopia,ET12,Gambela,ET1203,Majang,2026-08-08,0.006136563,1-1.5,0.004991446015298028
ETH,ET,Ethiopia,ET12,Gambela,ET1201,Nuwer,2026-08-08,0.006136563,1-1.5,0.004991446015298028
ETH,ET,Ethiopia,ET13,Harari,ET1301,Harari,2026-08-08,0.0,1-1.5,0.0
ETH,ET,Ethiopia,ET14,Addis Ababa,ET1401,Region 14,2026-08-08,0.0,1-1.5,9.232954807058295e-05
ETH,ET,Ethiopia,ET11,South West Ethiopia,ET1106,Konta Special,2026-08-08,0.0,1-1.5,9.142753229696154e-05
ETH,ET,Ethiopia,ET11,South West Ethiopia,ET1105,Mirab Omo,2026-08-08,0.0,1-1.5,9.142753229696154e-05
ETH,ET,Ethiopia,ET11,South West Ethiopia,ET1104,Dawuro,2026-08-08,0.0,1-1.5,9.142753229696154e-05
ETH,ET,Ethiopia,ET11,South West Ethiopia,ET1101,Sheka,2026-08-08,0.0,1-1.5,9.142753229696154e-05
ETH,ET,Ethiopia,ET11,South West Ethiopia,ET1103,Bench Sheko,2026-08-08,0.0,1-1.5,9.142753229696154e-05
ETH,ET,Ethiopia,ET11,South West Ethiopia,ET1102,Kefa,2026-08-08,0.0,1-1.5,9.142753229696154e-05
ETH,ET,Ethiopia,ET05,Somali,ET0510,Nogob,2026-08-08,0.0,1-1.5,0.000193310476256067
ETH,ET,Ethiopia,ET05,Somali,ET0506,Shabelle,2026-08-08,0.0,1-1.5,0.000193310476256067
ETH,ET,Ethiopia,ET05,Somali,ET0502,Fafan,2026-08-08,0.0,1-1.5,0.000193310476256067
ETH,ET,Ethiopia,ET05,Somali,ET0503,Jarar,2026-08-08,0.0,1-1.5,0.000193310476256067
ETH,ET,Ethiopia,ET05,Somali,ET0501,Siti,2026-08-08,0.0,1-1.5,0.000193310476256067
ETH,ET,Ethiopia,ET05,Somali,ET0508,Afder,2026-08-08,0.0,1-1.5,0.000193310476256067
ETH,ET,Ethiopia,ET05,Somali,ET0504,Erer,2026-08-08,0.0,1-1.5,0.000193310476256067
ETH,ET,Ethiopia,ET05,Somali,ET0509,Liban,2026-08-08,0.0,1-1.5,0.000193310476256067
ETH,ET,Ethiopia,ET05,Somali,ET0507,Doolo,2026-08-08,0.0,1-1.5,0.000193310476256067
ETH,ET,Ethiopia,ET05,Somali,ET0505,Korahe,2026-08-08,0.0,1-1.5,0.000193310476256067
ETH,ET,Ethiopia,ET05,Somali,ET0511,Daawa,2026-08-08,0.0,1-1.5,0.000193310476256067
ETH,ET,Ethiopia,ET16,Sidama,ET1600,Sidama,2026-08-09,0.0,1-1.5,5.008189854462133e-05
ETH,ET,Ethiopia,ET01,Tigray,ET0107,Mekelle,2026-08-09,4.936559e-06,1-1.5,0.001006662364402706
ETH,ET,Ethiopia,ET01,Tigray,ET0104,Southern,2026-08-09,4.936559e-06,1-1.5,0.001006662364402706
ETH,ET,Ethiopia,ET01,Tigray,ET0101,North Western,2026-08-09,4.936559e-06,1-1.5,0.001006662364402706
ETH,ET,Ethiopia,ET01,Tigray,ET0102,Central,2026-08-09,4.936559e-06,1-1.5,0.001006662364402706
ETH,ET,Ethiopia,ET01,Tigray,ET0105,Western,2026-08-09,4.936559e-06,1-1.5,0.001006662364402706
ETH,ET,Ethiopia,ET01,Tigray,ET0106,South Eastern,2026-08-09,4.936559e-06,1-1.5,0.001006662364402706
ETH,ET,Ethiopia,ET01,Tigray,ET0103,Eastern,2026-08-09,4.936559e-06,1-1.5,0.001006662364402706
ETH,ET,Ethiopia,ET04,Oromia,ET0404,Jimma,2026-08-09,0.004019819,1-1.5,0.002410468556494875
ETH,ET,Ethiopia,ET04,Oromia,ET0410,East Hararge,2026-08-09,0.004019819,1-1.5,0.002410468556494875
ETH,ET,Ethiopia,ET04,Oromia,ET0409,West Hararge,2026-08-09,0.004019819,1-1.5,0.002410468556494875
ETH,ET,Ethiopia,ET04,Oromia,ET0401,West Wellega,2026-08-09,0.004019819,1-1.5,0.002410468556494875
ETH,ET,Ethiopia,ET04,Oromia,ET0408,Arsi,2026-08-09,0.004019819,1-1.5,0.002410468556494875
ETH,ET,Ethiopia,ET04,Oromia,ET0403,Ilu Aba Bora,2026-08-09,0.004019819,1-1.5,0.002410468556494875
ETH,ET,Ethiopia,ET04,Oromia,ET0407,East Shewa,2026-08-09,0.004019819,1-1.5,0.002410468556494875
ETH,ET,Ethiopia,ET04,Oromia,ET0405,West Shewa,2026-08-09,0.004019819,1-1.5,0.002410468556494875
ETH,ET,Ethiopia,ET04,Oromia,ET0406,North Shewa (OR),2026-08-09,0.004019819,1-1.5,0.002410468556494875
ETH,ET,Ethiopia,ET04,Oromia,ET0402,East Wellega,2026-08-09,0.004019819,1-1.5,0.002410468556494875
ETH,ET,Ethiopia,ET04,Oromia,ET0418,Kelem Wellega,2026-08-09,0.004019819,1-1.5,0.002410468556494875
ETH,ET,Ethiopia,ET04,Oromia,ET0411,Bale,2026-08-09,0.004019819,1-1.5,0.002410468556494875
ETH,ET,Ethiopia,ET04,Oromia,ET0416,Buno Bedele,2026-08-09,0.004019819,1-1.5,0.002410468556494875
ETH,ET,Ethiopia,ET04,Oromia,ET0421,East Bale,2026-08-09,0.004019819,1-1.5,0.002410468556494875
ETH,ET,Ethiopia,ET04,Oromia,ET0412,Borena,2026-08-09,0.004019819,1-1.5,0.002410468556494875
ETH,ET,Ethiopia,ET04,Oromia,ET0419,Horo Gudru Wellega,2026-08-09,0.004019819,1-1.5,0.002410468556494875
ETH,ET,Ethiopia,ET04,Oromia,ET0417,West Arsi,2026-08-09,0.004019819,1-1.5,0.002410468556494875
ETH,ET,Ethiopia,ET04,Oromia,ET0413,South West Shewa,2026-08-09,0.004019819,1-1.5,0.002410468556494875
ETH,ET,Ethiopia,ET04,Oromia,ET0415,West Guji,2026-08-09,0.004019819,1-1.5,0.002410468556494875
ETH,ET,Ethiopia,ET04,Oromia,ET0414,Guji,2026-08-09,0.004019819,1-1.5,0.002410468556494875
ETH,ET,Ethiopia,ET04,Oromia,ET0420,Finfine Special,2026-08-09,0.004019819,1-1.5,0.002410468556494875
ETH,ET,Ethiopia,ET07,SNNP,ET0701,Guraghe,2026-08-09,0.0081694,1-1.5,0.001050724681222319
ETH,ET,Ethiopia,ET07,SNNP,ET0724,Yem Special,2026-08-09,0.0081694,1-1.5,0.001050724681222319
ETH,ET,Ethiopia,ET07,SNNP,ET0721,Amaro,2026-08-09,0.0081694,1-1.5,0.001050724681222319
ETH,ET,Ethiopia,ET07,SNNP,ET0703,Kembata Tembaro,2026-08-09,0.0081694,1-1.5,0.001050724681222319
ETH,ET,Ethiopia,ET07,SNNP,ET0710,Gamo,2026-08-09,0.0081694,1-1.5,0.001050724681222319
ETH,ET,Ethiopia,ET07,SNNP,ET0720,Siltie,2026-08-09,0.0081694,1-1.5,0.001050724681222319
ETH,ET,Ethiopia,ET07,SNNP,ET0715,Gofa,2026-08-09,0.0081694,1-1.5,0.001050724681222319
ETH,ET,Ethiopia,ET07,SNNP,ET0713,Konso,2026-08-09,0.0081694,1-1.5,0.001050724681222319
ETH,ET,Ethiopia,ET07,SNNP,ET0723,Derashe,2026-08-09,0.0081694,1-1.5,0.001050724681222319
ETH,ET,Ethiopia,ET07,SNNP,ET0705,Gedeo,2026-08-09,0.0081694,1-1.5,0.001050724681222319
ETH,ET,Ethiopia,ET07,SNNP,ET0706,Wolayita,2026-08-09,0.0081694,1-1.5,0.001050724681222319
ETH,ET,Ethiopia,ET07,SNNP,ET0714,Halaba,2026-08-09,0.0081694,1-1.5,0.001050724681222319
ETH,ET,Ethiopia,ET07,SNNP,ET0722,Burji,2026-08-09,0.0081694,1-1.5,0.001050724681222319
ETH,ET,Ethiopia,ET07,SNNP,ET0707,South Omo,2026-08-09,0.0081694,1-1.5,0.001050724681222319
ETH,ET,Ethiopia,ET07,SNNP,ET0702,Hadiya,2026-08-09,0.0081694,1-1.5,0.001050724681222319
ETH,ET,Ethiopia,ET07,SNNP,ET0716,Basketo,2026-08-09,0.0081694,1-1.5,0.001050724681222319
ETH,ET,Ethiopia,ET07,SNNP,ET0712,Alle,2026-08-09,0.0081694,1-1.5,0.001050724681222319
ETH,ET,Ethiopia,ET15,Dire Dawa,ET1502,Dire Dawa rural,2026-08-09,0.0,1-1.5,7.272727171684065e-07
ETH,ET,Ethiopia,ET15,Dire Dawa,ET1501,Dire Dawa urban,2026-08-09,0.0,1-1.5,7.272727171684065e-07
ETH,ET,Ethiopia,ET06,Benishangul Gumz,ET0604,Kamashi,2026-08-09,0.022891277,>10,0.008596889774227377
ETH,ET,Ethiopia,ET06,Benishangul Gumz,ET0602,Metekel,2026-08-09,0.022891277,>10,0.008596889774227377
ETH,ET,Ethiopia,ET06,Benishangul Gumz,ET0605,Mao Komo Special,2026-08-09,0.022891277,>10,0.008596889774227377
ETH,ET,Ethiopia,ET06,Benishangul Gumz,ET0603,Assosa,2026-08-09,0.022891277,>10,0.008596889774227377
ETH,ET,Ethiopia,ET02,Afar,ET0201,Awsi /Zone 1,2026-08-09,0.0027967852,1-1.5,0.007165643749241016
ETH,ET,Ethiopia,ET02,Afar,ET0204,Fanti /Zone 4,2026-08-09,0.0027967852,1-1.5,0.007165643749241016
ETH,ET,Ethiopia,ET02,Afar,ET0205,Hari /Zone 5,2026-08-09,0.0027967852,1-1.5,0.007165643749241016
ETH,ET,Ethiopia,ET02,Afar,ET0202,Kilbati /Zone2,2026-08-09,0.0027967852,1-1.5,0.007165643749241016
ETH,ET,Ethiopia,ET02,Afar,ET0203,Gabi /Zone 3,2026-08-09,0.0027967852,1-1.5,0.007165643749241016
ETH,ET,Ethiopia,ET03,Amhara,ET0307,West Gojam,2026-08-09,0.0002643063,1-1.5,0.000557164417804401
ETH,ET,Ethiopia,ET03,Amhara,ET0309,Awi,2026-08-09,0.0002643063,1-1.5,0.000557164417804401
ETH,ET,Ethiopia,ET03,Amhara,ET0305,North Shewa (AM),2026-08-09,0.0002643063,1-1.5,0.000557164417804401
ETH,ET,Ethiopia,ET03,Amhara,ET0302,South Gondar,2026-08-09,0.0002643063,1-1.5,0.000557164417804401
ETH,ET,Ethiopia,ET03,Amhara,ET0312,West Gondar,2026-08-09,0.0002643063,1-1.5,0.000557164417804401
ETH,ET,Ethiopia,ET03,Amhara,ET0310,Oromia,2026-08-09,0.0002643063,1-1.5,0.000557164417804401
ETH,ET,Ethiopia,ET03,Amhara,ET0304,South Wello,2026-08-09,0.0002643063,1-1.5,0.000557164417804401
ETH,ET,Ethiopia,ET03,Amhara,ET0301,North Gondar,2026-08-09,0.0002643063,1-1.5,0.000557164417804401
ETH,ET,Ethiopia,ET03,Amhara,ET0311,Central Gondar,2026-08-09,0.0002643063,1-1.5,0.000557164417804401
ETH,ET,Ethiopia,ET03,Amhara,ET0303,North Wello,2026-08-09,0.0002643063,1-1.5,0.000557164417804401
ETH,ET,Ethiopia,ET03,Amhara,ET0308,Wag Hamra,2026-08-09,0.0002643063,1-1.5,0.000557164417804401
ETH,ET,Ethiopia,ET03,Amhara,ET0306,East Gojam,2026-08-09,0.0002643063,1-1.5,0.000557164417804401
ETH,ET,Ethiopia,ET12,Gambela,ET1202,Agnewak,2026-08-09,0.0060094423,1-1.5,0.005011839509560643
ETH,ET,Ethiopia,ET12,Gambela,ET1204,Itang Special woreda,2026-08-09,0.0060094423,1-1.5,0.005011839509560643
ETH,ET,Ethiopia,ET12,Gambela,ET1203,Majang,2026-08-09,0.0060094423,1-1.5,0.005011839509560643
ETH,ET,Ethiopia,ET12,Gambela,ET1201,Nuwer,2026-08-09,0.0060094423,1-1.5,0.005011839509560643
ETH,ET,Ethiopia,ET13,Harari,ET1301,Harari,2026-08-09,0.0,1-1.5,0.0
ETH,ET,Ethiopia,ET14,Addis Ababa,ET1401,Region 14,2026-08-09,7.4999996e-05,1-1.5,9.284091159481085e-05
ETH,ET,Ethiopia,ET11,South West Ethiopia,ET1106,Konta Special,2026-08-09,0.0,1-1.5,9.706364768776027e-05
ETH,ET,Ethiopia,ET11,South West Ethiopia,ET1105,Mirab Omo,2026-08-09,0.0,1-1.5,9.706364768776027e-05
ETH,ET,Ethiopia,ET11,South West Ethiopia,ET1104,Dawuro,2026-08-09,0.0,1-1.5,9.706364768776027e-05
ETH,ET,Ethiopia,ET11,South West Ethiopia,ET1101,Sheka,2026-08-09,0.0,1-1.5,9.706364768776027e-05
ETH,ET,Ethiopia,ET11,South West Ethiopia,ET1103,Bench Sheko,2026-08-09,0.0,1-1.5,9.706364768776027e-05
ETH,ET,Ethiopia,ET11,South West Ethiopia,ET1102,Kefa,2026-08-09,0.0,1-1.5,9.706364768776027e-05
ETH,ET,Ethiopia,ET05,Somali,ET0510,Nogob,2026-08-09,9.824148e-09,1-1.5,0.0001833950943858056
ETH,ET,Ethiopia,ET05,Somali,ET0506,Shabelle,2026-08-09,9.824148e-09,1-1.5,0.0001833950943858056
ETH,ET,Ethiopia,ET05,Somali,ET0502,Fafan,2026-08-09,9.824148e-09,1-1.5,0.0001833950943858056
ETH,ET,Ethiopia,ET05,Somali,ET0503,Jarar,2026-08-09,9.824148e-09,1-1.5,0.0001833950943858056
ETH,ET,Ethiopia,ET05,Somali,ET0501,Siti,2026-08-09,9.824148e-09,1-1.5,0.0001833950943858056
ETH,ET,Ethiopia,ET05,Somali,ET0508,Afder,2026-08-09,9.824148e-09,1-1.5,0.0001833950943858056
ETH,ET,Ethiopia,ET05,Somali,ET0504,Erer,2026-08-09,9.824148e-09,1-1.5,0.0001833950943858056
ETH,ET,Ethiopia,ET05,Somali,ET0509,Liban,2026-08-09,9.824148e-09,1-1.5,0.0001833950943858056
ETH,ET,Ethiopia,ET05,Somali,ET0507,Doolo,2026-08-09,9.824148e-09,1-1.5,0.0001833950943858056
ETH,ET,Ethiopia,ET05,Somali,ET0505,Korahe,2026-08-09,9.824148e-09,1-1.5,0.0001833950943858056
ETH,ET,Ethiopia,ET05,Somali,ET0511,Daawa,2026-08-09,9.824148e-09,1-1.5,0.0001833950943858056
ETH,ET,Ethiopia,ET16,Sidama,ET1600,Sidama,2026-08-10,0.0,1-1.5,3.271986091187335e-05
ETH,ET,Ethiopia,ET01,Tigray,ET0107,Mekelle,2026-08-10,0.00084783445,1-1.5,0.001066604129957615
ETH,ET,Ethiopia,ET01,Tigray,ET0104,Southern,2026-08-10,0.00084783445,1-1.5,0.001066604129957615
ETH,ET,Ethiopia,ET01,Tigray,ET0101,North Western,2026-08-10,0.00084783445,1-1.5,0.001066604129957615
ETH,ET,Ethiopia,ET01,Tigray,ET0102,Central,2026-08-10,0.00084783445,1-1.5,0.001066604129957615
ETH,ET,Ethiopia,ET01,Tigray,ET0105,Western,2026-08-10,0.00084783445,1-1.5,0.001066604129957615
ETH,ET,Ethiopia,ET01,Tigray,ET0106,South Eastern,2026-08-10,0.00084783445,1-1.5,0.001066604129957615
ETH,ET,Ethiopia,ET01,Tigray,ET0103,Eastern,2026-08-10,0.00084783445,1-1.5,0.001066604129957615
ETH,ET,Ethiopia,ET04,Oromia,ET0404,Jimma,2026-08-10,0.004723052,1-1.5,0.002409149279860272
ETH,ET,Ethiopia,ET04,Oromia,ET0410,East Hararge,2026-08-10,0.004723052,1-1.5,0.002409149279860272
ETH,ET,Ethiopia,ET04,Oromia,ET0409,West Hararge,2026-08-10,0.004723052,1-1.5,0.002409149279860272
ETH,ET,Ethiopia,ET04,Oromia,ET0401,West Wellega,2026-08-10,0.004723052,1-1.5,0.002409149279860272
ETH,ET,Ethiopia,ET04,Oromia,ET0408,Arsi,2026-08-10,0.004723052,1-1.5,0.002409149279860272
ETH,ET,Ethiopia,ET04,Oromia,ET0403,Ilu Aba Bora,2026-08-10,0.004723052,1-1.5,0.002409149279860272
ETH,ET,Ethiopia,ET04,Oromia,ET0407,East Shewa,2026-08-10,0.004723052,1-1.5,0.002409149279860272
ETH,ET,Ethiopia,ET04,Oromia,ET0405,West Shewa,2026-08-10,0.004723052,1-1.5,0.002409149279860272
ETH,ET,Ethiopia,ET04,Oromia,ET0406,North Shewa (OR),2026-08-10,0.004723052,1-1.5,0.002409149279860272
ETH,ET,Ethiopia,ET04,Oromia,ET0402,East Wellega,2026-08-10,0.004723052,1-1.5,0.002409149279860272
ETH,ET,Ethiopia,ET04,Oromia,ET0418,Kelem Wellega,2026-08-10,0.004723052,1-1.5,0.002409149279860272
ETH,ET,Ethiopia,ET04,Oromia,ET0411,Bale,2026-08-10,0.004723052,1-1.5,0.002409149279860272
ETH,ET,Ethiopia,ET04,Oromia,ET0416,Buno Bedele,2026-08-10,0.004723052,1-1.5,0.002409149279860272
ETH,ET,Ethiopia,ET04,Oromia,ET0421,East Bale,2026-08-10,0.004723052,1-1.5,0.002409149279860272
ETH,ET,Ethiopia,ET04,Oromia,ET0412,Borena,2026-08-10,0.004723052,1-1.5,0.002409149279860272
ETH,ET,Ethiopia,ET04,Oromia,ET0419,Horo Gudru Wellega,2026-08-10,0.004723052,1-1.5,0.002409149279860272
ETH,ET,Ethiopia,ET04,Oromia,ET0417,West Arsi,2026-08-10,0.004723052,1-1.5,0.002409149279860272
ETH,ET,Ethiopia,ET04,Oromia,ET0413,South West Shewa,2026-08-10,0.004723052,1-1.5,0.002409149279860272
ETH,ET,Ethiopia,ET04,Oromia,ET0415,West Guji,2026-08-10,0.004723052,1-1.5,0.002409149279860272
ETH,ET,Ethiopia,ET04,Oromia,ET0414,Guji,2026-08-10,0.004723052,1-1.5,0.002409149279860272
ETH,ET,Ethiopia,ET04,Oromia,ET0420,Finfine Special,2026-08-10,0.004723052,1-1.5,0.002409149279860272
ETH,ET,Ethiopia,ET07,SNNP,ET0701,Guraghe,2026-08-10,0.008615342,1-1.5,0.001095030689128087
ETH,ET,Ethiopia,ET07,SNNP,ET0724,Yem Special,2026-08-10,0.008615342,1-1.5,0.001095030689128087
ETH,ET,Ethiopia,ET07,SNNP,ET0721,Amaro,2026-08-10,0.008615342,1-1.5,0.001095030689128087
ETH,ET,Ethiopia,ET07,SNNP,ET0703,Kembata Tembaro,2026-08-10,0.008615342,1-1.5,0.001095030689128087
ETH,ET,Ethiopia,ET07,SNNP,ET0710,Gamo,2026-08-10,0.008615342,1-1.5,0.001095030689128087
ETH,ET,Ethiopia,ET07,SNNP,ET0720,Siltie,2026-08-10,0.008615342,1-1.5,0.001095030689128087
ETH,ET,Ethiopia,ET07,SNNP,ET0715,Gofa,2026-08-10,0.008615342,1-1.5,0.001095030689128087
ETH,ET,Ethiopia,ET07,SNNP,ET0713,Konso,2026-08-10,0.008615342,1-1.5,0.001095030689128087
ETH,ET,Ethiopia,ET07,SNNP,ET0723,Derashe,2026-08-10,0.008615342,1-1.5,0.001095030689128087
ETH,ET,Ethiopia,ET07,SNNP,ET0705,Gedeo,2026-08-10,0.008615342,1-1.5,0.001095030689128087
ETH,ET,Ethiopia,ET07,SNNP,ET0706,Wolayita,2026-08-10,0.008615342,1-1.5,0.001095030689128087
ETH,ET,Ethiopia,ET07,SNNP,ET0714,Halaba,2026-08-10,0.008615342,1-1.5,0.001095030689128087
ETH,ET,Ethiopia,ET07,SNNP,ET0722,Burji,2026-08-10,0.008615342,1-1.5,0.001095030689128087
ETH,ET,Ethiopia,ET07,SNNP,ET0707,South Omo,2026-08-10,0.008615342,1-1.5,0.001095030689128087
ETH,ET,Ethiopia,ET07,SNNP,ET0702,Hadiya,2026-08-10,0.008615342,1-1.5,0.001095030689128087
ETH,ET,Ethiopia,ET07,SNNP,ET0716,Basketo,2026-08-10,0.008615342,1-1.5,0.001095030689128087
ETH,ET,Ethiopia,ET07,SNNP,ET0712,Alle,2026-08-10,0.008615342,1-1.5,0.001095030689128087
ETH,ET,Ethiopia,ET15,Dire Dawa,ET1502,Dire Dawa rural,2026-08-10,0.0,1-1.5,7.272727171684065e-07
ETH,ET,Ethiopia,ET15,Dire Dawa,ET1501,Dire Dawa urban,2026-08-10,0.0,1-1.5,7.272727171684065e-07
ETH,ET,Ethiopia,ET06,Benishangul Gumz,ET0604,Kamashi,2026-08-10,0.02446889,>10,0.008680576083964876
ETH,ET,Ethiopia,ET06,Benishangul Gumz,ET0602,Metekel,2026-08-10,0.02446889,>10,0.008680576083964876
ETH,ET,Ethiopia,ET06,Benishangul Gumz,ET0605,Mao Komo Special,2026-08-10,0.02446889,>10,0.008680576083964876
ETH,ET,Ethiopia,ET06,Benishangul Gumz,ET0603,Assosa,2026-08-10,0.02446889,>10,0.008680576083964876
ETH,ET,Ethiopia,ET02,Afar,ET0201,Awsi /Zone 1,2026-08-10,0.0068995836,1-1.5,0.007379237534050018
ETH,ET,Ethiopia,ET02,Afar,ET0204,Fanti /Zone 4,2026-08-10,0.0068995836,1-1.5,0.007379237534050018
ETH,ET,Ethiopia,ET02,Afar,ET0205,Hari /Zone 5,2026-08-10,0.0068995836,1-1.5,0.007379237534050018
ETH,ET,Ethiopia,ET02,Afar,ET0202,Kilbati /Zone2,2026-08-10,0.0068995836,1-1.5,0.007379237534050018
ETH,ET,Ethiopia,ET02,Afar,ET0203,Gabi /Zone 3,2026-08-10,0.0068995836,1-1.5,0.007379237534050018
ETH,ET,Ethiopia,ET03,Amhara,ET0307,West Gojam,2026-08-10,0.0002671554,1-1.5,0.0005822539649990364
ETH,ET,Ethiopia,ET03,Amhara,ET0309,Awi,2026-08-10,0.0002671554,1-1.5,0.0005822539649990364
ETH,ET,Ethiopia,ET03,Amhara,ET0305,North Shewa (AM),2026-08-10,0.0002671554,1-1.5,0.0005822539649990364
ETH,ET,Ethiopia,ET03,Amhara,ET0302,South Gondar,2026-08-10,0.0002671554,1-1.5,0.0005822539649990364
ETH,ET,Ethiopia,ET03,Amhara,ET0312,West Gondar,2026-08-10,0.0002671554,1-1.5,0.0005822539649990364
ETH,ET,Ethiopia,ET03,Amhara,ET0310,Oromia,2026-08-10,0.0002671554,1-1.5,0.0005822539649990364
ETH,ET,Ethiopia,ET03,Amhara,ET0304,South Wello,2026-08-10,0.0002671554,1-1.5,0.0005822539649990364
ETH,ET,Ethiopia,ET03,Amhara,ET0301,North Gondar,2026-08-10,0.0002671554,1-1.5,0.0005822539649990364
ETH,ET,Ethiopia,ET03,Amhara,ET0311,Central Gondar,2026-08-10,0.0002671554,1-1.5,0.0005822539649990364
ETH,ET,Ethiopia,ET03,Amhara,ET0303,North Wello,2026-08-10,0.0002671554,1-1.5,0.0005822539649990364
ETH,ET,Ethiopia,ET03,Amhara,ET0308,Wag Hamra,2026-08-10,0.0002671554,1-1.5,0.0005822539649990364
ETH,ET,Ethiopia,ET03,Amhara,ET0306,East Gojam,2026-08-10,0.0002671554,1-1.5,0.0005822539649990364
ETH,ET,Ethiopia,ET12,Gambela,ET1202,Agnewak,2026-08-10,0.0061896406,1-1.5,0.005003540473990143
ETH,ET,Ethiopia,ET12,Gambela,ET1204,Itang Special woreda,2026-08-10,0.0061896406,1-1.5,0.005003540473990143
ETH,ET,Ethiopia,ET12,Gambela,ET1203,Majang,2026-08-10,0.0061896406,1-1.5,0.005003540473990143
ETH,ET,Ethiopia,ET12,Gambela,ET1201,Nuwer,2026-08-10,0.0061896406,1-1.5,0.005003540473990143
ETH,ET,Ethiopia,ET13,Harari,ET1301,Harari,2026-08-10,0.0,1-1.5,0.0
ETH,ET,Ethiopia,ET14,Addis Ababa,ET1401,Region 14,2026-08-10,0.0001,1-1.5,9.244318433626507e-05
ETH,ET,Ethiopia,ET11,South West Ethiopia,ET1106,Konta Special,2026-08-10,0.0,1-1.5,0.0001038926493783585
ETH,ET,Ethiopia,ET11,South West Ethiopia,ET1105,Mirab Omo,2026-08-10,0.0,1-1.5,0.0001038926493783585
ETH,ET,Ethiopia,ET11,South West Ethiopia,ET1104,Dawuro,2026-08-10,0.0,1-1.5,0.0001038926493783585
ETH,ET,Ethiopia,ET11,South West Ethiopia,ET1101,Sheka,2026-08-10,0.0,1-1.5,0.0001038926493783585
ETH,ET,Ethiopia,ET11,South West Ethiopia,ET1103,Bench Sheko,2026-08-10,0.0,1-1.5,0.0001038926493783585
ETH,ET,Ethiopia,ET11,South West Ethiopia,ET1102,Kefa,2026-08-10,0.0,1-1.5,0.0001038926493783585
ETH,ET,Ethiopia,ET05,Somali,ET0510,Nogob,2026-08-10,9.824148e-09,1-1.5,0.0001969271036135968
ETH,ET,Ethiopia,ET05,Somali,ET0506,Shabelle,2026-08-10,9.824148e-09,1-1.5,0.0001969271036135968
ETH,ET,Ethiopia,ET05,Somali,ET0502,Fafan,2026-08-10,9.824148e-09,1-1.5,0.0001969271036135968
ETH,ET,Ethiopia,ET05,Somali,ET0503,Jarar,2026-08-10,9.824148e-09,1-1.5,0.0001969271036135968
ETH,ET,Ethiopia,ET05,Somali,ET0501,Siti,2026-08-10,9.824148e-09,1-1.5,0.0001969271036135968
ETH,ET,Ethiopia,ET05,Somali,ET0508,Afder,2026-08-10,9.824148e-09,1-1.5,0.0001969271036135968
ETH,ET,Ethiopia,ET05,Somali,ET0504,Erer,2026-08-10,9.824148e-09,1-1.5,0.0001969271036135968
ETH,ET,Ethiopia,ET05,Somali,ET0509,Liban,2026-08-10,9.824148e-09,1-1.5,0.0001969271036135968
ETH,ET,Ethiopia,ET05,Somali,ET0507,Doolo,2026-08-10,9.824148e-09,1-1.5,0.0001969271036135968
ETH,ET,Ethiopia,ET05,Somali,ET0505,Korahe,2026-08-10,9.824148e-09,1-1.5,0.0001969271036135968
ETH,ET,Ethiopia,ET05,Somali,ET0511,Daawa,2026-08-10,9.824148e-09,1-1.5,0.0001969271036135968
ETH,ET,Ethiopia,ET16,Sidama,ET1600,Sidama,2026-08-11,0.0,1-1.5,3.077063914299122e-05
ETH,ET,Ethiopia,ET01,Tigray,ET0107,Mekelle,2026-08-11,0.0008596691,1-1.5,0.0011343082343678
ETH,ET,Ethiopia,ET01,Tigray,ET0104,Southern,2026-08-11,0.0008596691,1-1.5,0.0011343082343678
ETH,ET,Ethiopia,ET01,Tigray,ET0101,North Western,2026-08-11,0.0008596691,1-1.5,0.0011343082343678
ETH,ET,Ethiopia,ET01,Tigray,ET0102,Central,2026-08-11,0.0008596691,1-1.5,0.0011343082343678
ETH,ET,Ethiopia,ET01,Tigray,ET0105,Western,2026-08-11,0.0008596691,1-1.5,0.0011343082343678
ETH,ET,Ethiopia,ET01,Tigray,ET0106,South Eastern,2026-08-11,0.0008596691,1-1.5,0.0011343082343678
ETH,ET,Ethiopia,ET01,Tigray,ET0103,Eastern,2026-08-11,0.0008596691,1-1.5,0.0011343082343678
ETH,ET,Ethiopia,ET04,Oromia,ET0404,Jimma,2026-08-11,0.004339751,1-1.5,0.002394058061128651
ETH,ET,Ethiopia,ET04,Oromia,ET0410,East Hararge,2026-08-11,0.004339751,1-1.5,0.002394058061128651
ETH,ET,Ethiopia,ET04,Oromia,ET0409,West Hararge,2026-08-11,0.004339751,1-1.5,0.002394058061128651
ETH,ET,Ethiopia,ET04,Oromia,ET0401,West Wellega,2026-08-11,0.004339751,1-1.5,0.002394058061128651
ETH,ET,Ethiopia,ET04,Oromia,ET0408,Arsi,2026-08-11,0.004339751,1-1.5,0.002394058061128651
ETH,ET,Ethiopia,ET04,Oromia,ET0403,Ilu Aba Bora,2026-08-11,0.004339751,1-1.5,0.002394058061128651
ETH,ET,Ethiopia,ET04,Oromia,ET0407,East Shewa,2026-08-11,0.004339751,1-1.5,0.002394058061128651
ETH,ET,Ethiopia,ET04,Oromia,ET0405,West Shewa,2026-08-11,0.004339751,1-1.5,0.002394058061128651
ETH,ET,Ethiopia,ET04,Oromia,ET0406,North Shewa (OR),2026-08-11,0.004339751,1-1.5,0.002394058061128651
ETH,ET,Ethiopia,ET04,Oromia,ET0402,East Wellega,2026-08-11,0.004339751,1-1.5,0.002394058061128651
ETH,ET,Ethiopia,ET04,Oromia,ET0418,Kelem Wellega,2026-08-11,0.004339751,1-1.5,0.002394058061128651
ETH,ET,Ethiopia,ET04,Oromia,ET0411,Bale,2026-08-11,0.004339751,1-1.5,0.002394058061128651
ETH,ET,Ethiopia,ET04,Oromia,ET0416,Buno Bedele,2026-08-11,0.004339751,1-1.5,0.002394058061128651
ETH,ET,Ethiopia,ET04,Oromia,ET0421,East Bale,2026-08-11,0.004339751,1-1.5,0.002394058061128651
ETH,ET,Ethiopia,ET04,Oromia,ET0412,Borena,2026-08-11,0.004339751,1-1.5,0.002394058061128651
ETH,ET,Ethiopia,ET04,Oromia,ET0419,Horo Gudru Wellega,2026-08-11,0.004339751,1-1.5,0.002394058061128651
ETH,ET,Ethiopia,ET04,Oromia,ET0417,West Arsi,2026-08-11,0.004339751,1-1.5,0.002394058061128651
ETH,ET,Ethiopia,ET04,Oromia,ET0413,South West Shewa,2026-08-11,0.004339751,1-1.5,0.002394058061128651
ETH,ET,Ethiopia,ET04,Oromia,ET0415,West Guji,2026-08-11,0.004339751,1-1.5,0.002394058061128651
ETH,ET,Ethiopia,ET04,Oromia,ET0414,Guji,2026-08-11,0.004339751,1-1.5,0.002394058061128651
ETH,ET,Ethiopia,ET04,Oromia,ET0420,Finfine Special,2026-08-11,0.004339751,1-1.5,0.002394058061128651
ETH,ET,Ethiopia,ET07,SNNP,ET0701,Guraghe,2026-08-11,0.008960564,1-1.5,0.001108578227004386
ETH,ET,Ethiopia,ET07,SNNP,ET0724,Yem Special,2026-08-11,0.008960564,1-1.5,0.001108578227004386
ETH,ET,Ethiopia,ET07,SNNP,ET0721,Amaro,2026-08-11,0.008960564,1-1.5,0.001108578227004386
ETH,ET,Ethiopia,ET07,SNNP,ET0703,Kembata Tembaro,2026-08-11,0.008960564,1-1.5,0.001108578227004386
ETH,ET,Ethiopia,ET07,SNNP,ET0710,Gamo,2026-08-11,0.008960564,1-1.5,0.001108578227004386
ETH,ET,Ethiopia,ET07,SNNP,ET0720,Siltie,2026-08-11,0.008960564,1-1.5,0.001108578227004386
ETH,ET,Ethiopia,ET07,SNNP,ET0715,Gofa,2026-08-11,0.008960564,1-1.5,0.001108578227004386
ETH,ET,Ethiopia,ET07,SNNP,ET0713,Konso,2026-08-11,0.008960564,1-1.5,0.001108578227004386
ETH,ET,Ethiopia,ET07,SNNP,ET0723,Derashe,2026-08-11,0.008960564,1-1.5,0.001108578227004386
ETH,ET,Ethiopia,ET07,SNNP,ET0705,Gedeo,2026-08-11,0.008960564,1-1.5,0.001108578227004386
ETH,ET,Ethiopia,ET07,SNNP,ET0706,Wolayita,2026-08-11,0.008960564,1-1.5,0.001108578227004386
ETH,ET,Ethiopia,ET07,SNNP,ET0714,Halaba,2026-08-11,0.008960564,1-1.5,0.001108578227004386
ETH,ET,Ethiopia,ET07,SNNP,ET0722,Burji,2026-08-11,0.008960564,1-1.5,0.001108578227004386
ETH,ET,Ethiopia,ET07,SNNP,ET0707,South Omo,2026-08-11,0.008960564,1-1.5,0.001108578227004386
ETH,ET,Ethiopia,ET07,SNNP,ET0702,Hadiya,2026-08-11,0.008960564,1-1.5,0.001108578227004386
ETH,ET,Ethiopia,ET07,SNNP,ET0716,Basketo,2026-08-11,0.008960564,1-1.5,0.001108578227004386
ETH,ET,Ethiopia,ET07,SNNP,ET0712,Alle,2026-08-11,0.008960564,1-1.5,0.001108578227004386
ETH,ET,Ethiopia,ET15,Dire Dawa,ET1502,Dire Dawa rural,2026-08-11,0.0,1-1.5,7.272727171684065e-07
ETH,ET,Ethiopia,ET15,Dire Dawa,ET1501,Dire Dawa urban,2026-08-11,0.0,1-1.5,7.272727171684065e-07
ETH,ET,Ethiopia,ET06,Benishangul Gumz,ET0604,Kamashi,2026-08-11,0.024723433,>10,0.008749315375355464
ETH,ET,Ethiopia,ET06,Benishangul Gumz,ET0602,Metekel,2026-08-11,0.024723433,>10,0.008749315375355464
ETH,ET,Ethiopia,ET06,Benishangul Gumz,ET0605,Mao Komo Special,2026-08-11,0.024723433,>10,0.008749315375355464
ETH,ET,Ethiopia,ET06,Benishangul Gumz,ET0603,Assosa,2026-08-11,0.024723433,>10,0.008749315375355464
ETH,ET,Ethiopia,ET02,Afar,ET0201,Awsi /Zone 1,2026-08-11,0.0011925917,1-1.5,0.007633300659323472
ETH,ET,Ethiopia,ET02,Afar,ET0204,Fanti /Zone 4,2026-08-11,0.0011925917,1-1.5,0.007633300659323472
ETH,ET,Ethiopia,ET02,Afar,ET0205,Hari /Zone 5,2026-08-11,0.0011925917,1-1.5,0.007633300659323472
ETH,ET,Ethiopia,ET02,Afar,ET0202,Kilbati /Zone2,2026-08-11,0.0011925917,1-1.5,0.007633300659323472
ETH,ET,Ethiopia,ET02,Afar,ET0203,Gabi /Zone 3,2026-08-11,0.0011925917,1-1.5,0.007633300659323472
ETH,ET,Ethiopia,ET03,Amhara,ET0307,West Gojam,2026-08-11,0.0005427152,1-1.5,0.0005795703716250437
ETH,ET,Ethiopia,ET03,Amhara,ET0309,Awi,2026-08-11,0.0005427152,1-1.5,0.0005795703716250437
ETH,ET,Ethiopia,ET03,Amhara,ET0305,North Shewa (AM),2026-08-11,0.0005427152,1-1.5,0.0005795703716250437
ETH,ET,Ethiopia,ET03,Amhara,ET0302,South Gondar,2026-08-11,0.0005427152,1-1.5,0.0005795703716250437
ETH,ET,Ethiopia,ET03,Amhara,ET0312,West Gondar,2026-08-11,0.0005427152,1-1.5,0.0005795703716250437
ETH,ET,Ethiopia,ET03,Amhara,ET0310,Oromia,2026-08-11,0.0005427152,1-1.5,0.0005795703716250437
ETH,ET,Ethiopia,ET03,Amhara,ET0304,South Wello,2026-08-11,0.0005427152,1-1.5,0.0005795703716250437
ETH,ET,Ethiopia,ET03,Amhara,ET0301,North Gondar,2026-08-11,0.0005427152,1-1.5,0.0005795703716250437
ETH,ET,Ethiopia,ET03,Amhara,ET0311,Central Gondar,2026-08-11,0.0005427152,1-1.5,0.0005795703716250437
ETH,ET,Ethiopia,ET03,Amhara,ET0303,North Wello,2026-08-11,0.0005427152,1-1.5,0.0005795703716250437
ETH,ET,Ethiopia,ET03,Amhara,ET0308,Wag Hamra,2026-08-11,0.0005427152,1-1.5,0.0005795703716250437
ETH,ET,Ethiopia,ET03,Amhara,ET0306,East Gojam,2026-08-11,0.0005427152,1-1.5,0.0005795703716250437
ETH,ET,Ethiopia,ET12,Gambela,ET1202,Agnewak,2026-08-11,0.006141431,1-1.5,0.004974839474942367
ETH,ET,Ethiopia,ET12,Gambela,ET1204,Itang Special woreda,2026-08-11,0.006141431,1-1.5,0.004974839474942367
ETH,ET,Ethiopia,ET12,Gambela,ET1203,Majang,2026-08-11,0.006141431,1-1.5,0.004974839474942367
ETH,ET,Ethiopia,ET12,Gambela,ET1201,Nuwer,2026-08-11,0.006141431,1-1.5,0.004974839474942367
ETH,ET,Ethiopia,ET13,Harari,ET1301,Harari,2026-08-11,0.0,1-1.5,0.0
ETH,ET,Ethiopia,ET14,Addis Ababa,ET1401,Region 14,2026-08-11,9.375001e-05,1-1.5,9.250000252078196e-05
ETH,ET,Ethiopia,ET11,South West Ethiopia,ET1106,Konta Special,2026-08-11,0.0,1-1.5,0.0001152429142844756
ETH,ET,Ethiopia,ET11,South West Ethiopia,ET1105,Mirab Omo,2026-08-11,0.0,1-1.5,0.0001152429142844756
ETH,ET,Ethiopia,ET11,South West Ethiopia,ET1104,Dawuro,2026-08-11,0.0,1-1.5,0.0001152429142844756
ETH,ET,Ethiopia,ET11,South West Ethiopia,ET1101,Sheka,2026-08-11,0.0,1-1.5,0.0001152429142844756
ETH,ET,Ethiopia,ET11,South West Ethiopia,ET1103,Bench Sheko,2026-08-11,0.0,1-1.5,0.0001152429142844756
ETH,ET,Ethiopia,ET11,South West Ethiopia,ET1102,Kefa,2026-08-11,0.0,1-1.5,0.0001152429142844756
ETH,ET,Ethiopia,ET05,Somali,ET0510,Nogob,2026-08-11,9.824148e-09,1-1.5,0.0002127193433788432
ETH,ET,Ethiopia,ET05,Somali,ET0506,Shabelle,2026-08-11,9.824148e-09,1-1.5,0.0002127193433788432
ETH,ET,Ethiopia,ET05,Somali,ET0502,Fafan,2026-08-11,9.824148e-09,1-1.5,0.0002127193433788432
ETH,ET,Ethiopia,ET05,Somali,ET0503,Jarar,2026-08-11,9.824148e-09,1-1.5,0.0002127193433788432
ETH,ET,Ethiopia,ET05,Somali,ET0501,Siti,2026-08-11,9.824148e-09,1-1.5,0.0002127193433788432
ETH,ET,Ethiopia,ET05,Somali,ET0508,Afder,2026-08-11,9.824148e-09,1-1.5,0.0002127193433788432
ETH,ET,Ethiopia,ET05,Somali,ET0504,Erer,2026-08-11,9.824148e-09,1-1.5,0.0002127193433788432
ETH,ET,Ethiopia,ET05,Somali,ET0509,Liban,2026-08-11,9.824148e-09,1-1.5,0.0002127193433788432
ETH,ET,Ethiopia,ET05,Somali,ET0507,Doolo,2026-08-11,9.824148e-09,1-1.5,0.0002127193433788432
ETH,ET,Ethiopia,ET05,Somali,ET0505,Korahe,2026-08-11,9.824148e-09,1-1.5,0.0002127193433788432
ETH,ET,Ethiopia,ET05,Somali,ET0511,Daawa,2026-08-11,9.824148e-09,1-1.5,0.0002127193433788432
ETH,ET,Ethiopia,ET16,Sidama,ET1600,Sidama,2026-08-12,0.0,1-1.5,3.063550399763864e-05
ETH,ET,Ethiopia,ET01,Tigray,ET0107,Mekelle,2026-08-12,0.0008538505,1-1.5,0.001134563690951428
ETH,ET,Ethiopia,ET01,Tigray,ET0104,Southern,2026-08-12,0.0008538505,1-1.5,0.001134563690951428
ETH,ET,Ethiopia,ET01,Tigray,ET0101,North Western,2026-08-12,0.0008538505,1-1.5,0.001134563690951428
ETH,ET,Ethiopia,ET01,Tigray,ET0102,Central,2026-08-12,0.0008538505,1-1.5,0.001134563690951428
ETH,ET,Ethiopia,ET01,Tigray,ET0105,Western,2026-08-12,0.0008538505,1-1.5,0.001134563690951428
ETH,ET,Ethiopia,ET01,Tigray,ET0106,South Eastern,2026-08-12,0.0008538505,1-1.5,0.001134563690951428
ETH,ET,Ethiopia,ET01,Tigray,ET0103,Eastern,2026-08-12,0.0008538505,1-1.5,0.001134563690951428
ETH,ET,Ethiopia,ET04,Oromia,ET0404,Jimma,2026-08-12,0.004269476,1-1.5,0.00238340316626074
ETH,ET,Ethiopia,ET04,Oromia,ET0410,East Hararge,2026-08-12,0.004269476,1-1.5,0.00238340316626074
ETH,ET,Ethiopia,ET04,Oromia,ET0409,West Hararge,2026-08-12,0.004269476,1-1.5,0.00238340316626074
ETH,ET,Ethiopia,ET04,Oromia,ET0401,West Wellega,2026-08-12,0.004269476,1-1.5,0.00238340316626074
ETH,ET,Ethiopia,ET04,Oromia,ET0408,Arsi,2026-08-12,0.004269476,1-1.5,0.00238340316626074
ETH,ET,Ethiopia,ET04,Oromia,ET0403,Ilu Aba Bora,2026-08-12,0.004269476,1-1.5,0.00238340316626074
ETH,ET,Ethiopia,ET04,Oromia,ET0407,East Shewa,2026-08-12,0.004269476,1-1.5,0.00238340316626074
ETH,ET,Ethiopia,ET04,Oromia,ET0405,West Shewa,2026-08-12,0.004269476,1-1.5,0.00238340316626074
ETH,ET,Ethiopia,ET04,Oromia,ET0406,North Shewa (OR),2026-08-12,0.004269476,1-1.5,0.00238340316626074
ETH,ET,Ethiopia,ET04,Oromia,ET0402,East Wellega,2026-08-12,0.004269476,1-1.5,0.00238340316626074
ETH,ET,Ethiopia,ET04,Oromia,ET0418,Kelem Wellega,2026-08-12,0.004269476,1-1.5,0.00238340316626074
ETH,ET,Ethiopia,ET04,Oromia,ET0411,Bale,2026-08-12,0.004269476,1-1.5,0.00238340316626074
ETH,ET,Ethiopia,ET04,Oromia,ET0416,Buno Bedele,2026-08-12,0.004269476,1-1.5,0.00238340316626074
ETH,ET,Ethiopia,ET04,Oromia,ET0421,East Bale,2026-08-12,0.004269476,1-1.5,0.00238340316626074
ETH,ET,Ethiopia,ET04,Oromia,ET0412,Borena,2026-08-12,0.004269476,1-1.5,0.00238340316626074
ETH,ET,Ethiopia,ET04,Oromia,ET0419,Horo Gudru Wellega,2026-08-12,0.004269476,1-1.5,0.00238340316626074
ETH,ET,Ethiopia,ET04,Oromia,ET0417,West Arsi,2026-08-12,0.004269476,1-1.5,0.00238340316626074
ETH,ET,Ethiopia,ET04,Oromia,ET0413,South West Shewa,2026-08-12,0.004269476,1-1.5,0.00238340316626074
ETH,ET,Ethiopia,ET04,Oromia,ET0415,West Guji,2026-08-12,0.004269476,1-1.5,0.00238340316626074
ETH,ET,Ethiopia,ET04,Oromia,ET0414,Guji,2026-08-12,0.004269476,1-1.5,0.00238340316626074
ETH,ET,Ethiopia,ET04,Oromia,ET0420,Finfine Special,2026-08-12,0.004269476,1-1.5,0.00238340316626074
ETH,ET,Ethiopia,ET07,SNNP,ET0701,Guraghe,2026-08-12,0.008537236,1-1.5,0.001099437943097893
ETH,ET,Ethiopia,ET07,SNNP,ET0724,Yem Special,2026-08-12,0.008537236,1-1.5,0.001099437943097893
ETH,ET,Ethiopia,ET07,SNNP,ET0721,Amaro,2026-08-12,0.008537236,1-1.5,0.001099437943097893
ETH,ET,Ethiopia,ET07,SNNP,ET0703,Kembata Tembaro,2026-08-12,0.008537236,1-1.5,0.001099437943097893
ETH,ET,Ethiopia,ET07,SNNP,ET0710,Gamo,2026-08-12,0.008537236,1-1.5,0.001099437943097893
ETH,ET,Ethiopia,ET07,SNNP,ET0720,Siltie,2026-08-12,0.008537236,1-1.5,0.001099437943097893
ETH,ET,Ethiopia,ET07,SNNP,ET0715,Gofa,2026-08-12,0.008537236,1-1.5,0.001099437943097893
ETH,ET,Ethiopia,ET07,SNNP,ET0713,Konso,2026-08-12,0.008537236,1-1.5,0.001099437943097893
ETH,ET,Ethiopia,ET07,SNNP,ET0723,Derashe,2026-08-12,0.008537236,1-1.5,0.001099437943097893
ETH,ET,Ethiopia,ET07,SNNP,ET0705,Gedeo,2026-08-12,0.008537236,1-1.5,0.001099437943097893
ETH,ET,Ethiopia,ET07,SNNP,ET0706,Wolayita,2026-08-12,0.008537236,1-1.5,0.001099437943097893
ETH,ET,Ethiopia,ET07,SNNP,ET0714,Halaba,2026-08-12,0.008537236,1-1.5,0.001099437943097893
ETH,ET,Ethiopia,ET07,SNNP,ET0722,Burji,2026-08-12,0.008537236,1-1.5,0.001099437943097893
ETH,ET,Ethiopia,ET07,SNNP,ET0707,South Omo,2026-08-12,0.008537236,1-1.5,0.001099437943097893
ETH,ET,Ethiopia,ET07,SNNP,ET0702,Hadiya,2026-08-12,0.008537236,1-1.5,0.001099437943097893
ETH,ET,Ethiopia,ET07,SNNP,ET0716,Basketo,2026-08-12,0.008537236,1-1.5,0.001099437943097893
ETH,ET,Ethiopia,ET07,SNNP,ET0712,Alle,2026-08-12,0.008537236,1-1.5,0.001099437943097893
ETH,ET,Ethiopia,ET15,Dire Dawa,ET1502,Dire Dawa rural,2026-08-12,0.0,1-1.5,7.272727171684065e-07
ETH,ET,Ethiopia,ET15,Dire Dawa,ET1501,Dire Dawa urban,2026-08-12,0.0,1-1.5,7.272727171684065e-07
ETH,ET,Ethiopia,ET06,Benishangul Gumz,ET0604,Kamashi,2026-08-12,0.023463143,>10,0.008800174609399646
ETH,ET,Ethiopia,ET06,Benishangul Gumz,ET0602,Metekel,2026-08-12,0.023463143,>10,0.008800174609399646
ETH,ET,Ethiopia,ET06,Benishangul Gumz,ET0605,Mao Komo Special,2026-08-12,0.023463143,>10,0.008800174609399646
ETH,ET,Ethiopia,ET06,Benishangul Gumz,ET0603,Assosa,2026-08-12,0.023463143,>10,0.008800174609399646
ETH,ET,Ethiopia,ET02,Afar,ET0201,Awsi /Zone 1,2026-08-12,0.0018310773,1-1.5,0.0079036868141636
ETH,ET,Ethiopia,ET02,Afar,ET0204,Fanti /Zone 4,2026-08-12,0.0018310773,1-1.5,0.0079036868141636
ETH,ET,Ethiopia,ET02,Afar,ET0205,Hari /Zone 5,2026-08-12,0.0018310773,1-1.5,0.0079036868141636
ETH,ET,Ethiopia,ET02,Afar,ET0202,Kilbati /Zone2,2026-08-12,0.0018310773,1-1.5,0.0079036868141636
ETH,ET,Ethiopia,ET02,Afar,ET0203,Gabi /Zone 3,2026-08-12,0.0018310773,1-1.5,0.0079036868141636
ETH,ET,Ethiopia,ET03,Amhara,ET0307,West Gojam,2026-08-12,0.0005036447,1-1.5,0.0005412966926007296
ETH,ET,Ethiopia,ET03,Amhara,ET0309,Awi,2026-08-12,0.0005036447,1-1.5,0.0005412966926007296
ETH,ET,Ethiopia,ET03,Amhara,ET0305,North Shewa (AM),2026-08-12,0.0005036447,1-1.5,0.0005412966926007296
ETH,ET,Ethiopia,ET03,Amhara,ET0302,South Gondar,2026-08-12,0.0005036447,1-1.5,0.0005412966926007296
ETH,ET,Ethiopia,ET03,Amhara,ET0312,West Gondar,2026-08-12,0.0005036447,1-1.5,0.0005412966926007296
ETH,ET,Ethiopia,ET03,Amhara,ET0310,Oromia,2026-08-12,0.0005036447,1-1.5,0.0005412966926007296
ETH,ET,Ethiopia,ET03,Amhara,ET0304,South Wello,2026-08-12,0.0005036447,1-1.5,0.0005412966926007296
ETH,ET,Ethiopia,ET03,Amhara,ET0301,North Gondar,2026-08-12,0.0005036447,1-1.5,0.0005412966926007296
ETH,ET,Ethiopia,ET03,Amhara,ET0311,Central Gondar,2026-08-12,0.0005036447,1-1.5,0.0005412966926007296
ETH,ET,Ethiopia,ET03,Amhara,ET0303,North Wello,2026-08-12,0.0005036447,1-1.5,0.0005412966926007296
ETH,ET,Ethiopia,ET03,Amhara,ET0308,Wag Hamra,2026-08-12,0.0005036447,1-1.5,0.0005412966926007296
ETH,ET,Ethiopia,ET03,Amhara,ET0306,East Gojam,2026-08-12,0.0005036447,1-1.5,0.0005412966926007296
ETH,ET,Ethiopia,ET12,Gambela,ET1202,Agnewak,2026-08-12,0.005998117,1-1.5,0.004987962786319919
ETH,ET,Ethiopia,ET12,Gambela,ET1204,Itang Special woreda,2026-08-12,0.005998117,1-1.5,0.004987962786319919
ETH,ET,Ethiopia,ET12,Gambela,ET1203,Majang,2026-08-12,0.005998117,1-1.5,0.004987962786319919
ETH,ET,Ethiopia,ET12,Gambela,ET1201,Nuwer,2026-08-12,0.005998117,1-1.5,0.004987962786319919
ETH,ET,Ethiopia,ET13,Harari,ET1301,Harari,2026-08-12,0.0,1-1.5,0.0
ETH,ET,Ethiopia,ET14,Addis Ababa,ET1401,Region 14,2026-08-12,9.375001e-05,1-1.5,9.068182057490049e-05
ETH,ET,Ethiopia,ET11,South West Ethiopia,ET1106,Konta Special,2026-08-12,0.0,1-1.5,0.0001332004343356372
ETH,ET,Ethiopia,ET11,South West Ethiopia,ET1105,Mirab Omo,2026-08-12,0.0,1-1.5,0.0001332004343356372
ETH,ET,Ethiopia,ET11,South West Ethiopia,ET1104,Dawuro,2026-08-12,0.0,1-1.5,0.0001332004343356372
ETH,ET,Ethiopia,ET11,South West Ethiopia,ET1101,Sheka,2026-08-12,0.0,1-1.5,0.0001332004343356372
ETH,ET,Ethiopia,ET11,South West Ethiopia,ET1103,Bench Sheko,2026-08-12,0.0,1-1.5,0.0001332004343356372
ETH,ET,Ethiopia,ET11,South West Ethiopia,ET1102,Kefa,2026-08-12,0.0,1-1.5,0.0001332004343356372
ETH,ET,Ethiopia,ET05,Somali,ET0510,Nogob,2026-08-12,0.0,1-1.5,0.0002272481087164622
ETH,ET,Ethiopia,ET05,Somali,ET0506,Shabelle,2026-08-12,0.0,1-1.5,0.0002272481087164622
ETH,ET,Ethiopia,ET05,Somali,ET0502,Fafan,2026-08-12,0.0,1-1.5,0.0002272481087164622
ETH,ET,Ethiopia,ET05,Somali,ET0503,Jarar,2026-08-12,0.0,1-1.5,0.0002272481087164622
ETH,ET,Ethiopia,ET05,Somali,ET0501,Siti,2026-08-12,0.0,1-1.5,0.0002272481087164622
ETH,ET,Ethiopia,ET05,Somali,ET0508,Afder,2026-08-12,0.0,1-1.5,0.0002272481087164622
ETH,ET,Ethiopia,ET05,Somali,ET0504,Erer,2026-08-12,0.0,1-1.5,0.0002272481087164622
ETH,ET,Ethiopia,ET05,Somali,ET0509,Liban,2026-08-12,0.0,1-1.5,0.0002272481087164622
ETH,ET,Ethiopia,ET05,Somali,ET0507,Doolo,2026-08-12,0.0,1-1.5,0.0002272481087164622
ETH,ET,Ethiopia,ET05,Somali,ET0505,Korahe,2026-08-12,0.0,1-1.5,0.0002272481087164622
ETH,ET,Ethiopia,ET05,Somali,ET0511,Daawa,2026-08-12,0.0,1-1.5,0.0002272481087164622
ETH,ET,Ethiopia,ET16,Sidama,ET1600,Sidama,2026-08-13,0.0,1-1.5,2.77730962352507e-05
ETH,ET,Ethiopia,ET01,Tigray,ET0107,Mekelle,2026-08-13,0.001084826,1-1.5,0.001105971193034608
ETH,ET,Ethiopia,ET01,Tigray,ET0104,Southern,2026-08-13,0.001084826,1-1.5,0.001105971193034608
ETH,ET,Ethiopia,ET01,Tigray,ET0101,North Western,2026-08-13,0.001084826,1-1.5,0.001105971193034608
ETH,ET,Ethiopia,ET01,Tigray,ET0102,Central,2026-08-13,0.001084826,1-1.5,0.001105971193034608
ETH,ET,Ethiopia,ET01,Tigray,ET0105,Western,2026-08-13,0.001084826,1-1.5,0.001105971193034608
ETH,ET,Ethiopia,ET01,Tigray,ET0106,South Eastern,2026-08-13,0.001084826,1-1.5,0.001105971193034608
ETH,ET,Ethiopia,ET01,Tigray,ET0103,Eastern,2026-08-13,0.001084826,1-1.5,0.001105971193034608
ETH,ET,Ethiopia,ET04,Oromia,ET0404,Jimma,2026-08-13,0.004508426,1-1.5,0.002364492605821314
ETH,ET,Ethiopia,ET04,Oromia,ET0410,East Hararge,2026-08-13,0.004508426,1-1.5,0.002364492605821314
ETH,ET,Ethiopia,ET04,Oromia,ET0409,West Hararge,2026-08-13,0.004508426,1-1.5,0.002364492605821314
ETH,ET,Ethiopia,ET04,Oromia,ET0401,West Wellega,2026-08-13,0.004508426,1-1.5,0.002364492605821314
ETH,ET,Ethiopia,ET04,Oromia,ET0408,Arsi,2026-08-13,0.004508426,1-1.5,0.002364492605821314
ETH,ET,Ethiopia,ET04,Oromia,ET0403,Ilu Aba Bora,2026-08-13,0.004508426,1-1.5,0.002364492605821314
ETH,ET,Ethiopia,ET04,Oromia,ET0407,East Shewa,2026-08-13,0.004508426,1-1.5,0.002364492605821314
ETH,ET,Ethiopia,ET04,Oromia,ET0405,West Shewa,2026-08-13,0.004508426,1-1.5,0.002364492605821314
ETH,ET,Ethiopia,ET04,Oromia,ET0406,North Shewa (OR),2026-08-13,0.004508426,1-1.5,0.002364492605821314
ETH,ET,Ethiopia,ET04,Oromia,ET0402,East Wellega,2026-08-13,0.004508426,1-1.5,0.002364492605821314
ETH,ET,Ethiopia,ET04,Oromia,ET0418,Kelem Wellega,2026-08-13,0.004508426,1-1.5,0.002364492605821314
ETH,ET,Ethiopia,ET04,Oromia,ET0411,Bale,2026-08-13,0.004508426,1-1.5,0.002364492605821314
ETH,ET,Ethiopia,ET04,Oromia,ET0416,Buno Bedele,2026-08-13,0.004508426,1-1.5,0.002364492605821314
ETH,ET,Ethiopia,ET04,Oromia,ET0421,East Bale,2026-08-13,0.004508426,1-1.5,0.002364492605821314
ETH,ET,Ethiopia,ET04,Oromia,ET0412,Borena,2026-08-13,0.004508426,1-1.5,0.002364492605821314
ETH,ET,Ethiopia,ET04,Oromia,ET0419,Horo Gudru Wellega,2026-08-13,0.004508426,1-1.5,0.002364492605821314
ETH,ET,Ethiopia,ET04,Oromia,ET0417,West Arsi,2026-08-13,0.004508426,1-1.5,0.002364492605821314
ETH,ET,Ethiopia,ET04,Oromia,ET0413,South West Shewa,2026-08-13,0.004508426,1-1.5,0.002364492605821314
ETH,ET,Ethiopia,ET04,Oromia,ET0415,West Guji,2026-08-13,0.004508426,1-1.5,0.002364492605821314
ETH,ET,Ethiopia,ET04,Oromia,ET0414,Guji,2026-08-13,0.004508426,1-1.5,0.002364492605821314
ETH,ET,Ethiopia,ET04,Oromia,ET0420,Finfine Special,2026-08-13,0.004508426,1-1.5,0.002364492605821314
ETH,ET,Ethiopia,ET07,SNNP,ET0701,Guraghe,2026-08-13,0.01001732,1.5-2,0.001098730589579718
ETH,ET,Ethiopia,ET07,SNNP,ET0724,Yem Special,2026-08-13,0.01001732,1.5-2,0.001098730589579718
ETH,ET,Ethiopia,ET07,SNNP,ET0721,Amaro,2026-08-13,0.01001732,1.5-2,0.001098730589579718
ETH,ET,Ethiopia,ET07,SNNP,ET0703,Kembata Tembaro,2026-08-13,0.01001732,1.5-2,0.001098730589579718
ETH,ET,Ethiopia,ET07,SNNP,ET0710,Gamo,2026-08-13,0.01001732,1.5-2,0.001098730589579718
ETH,ET,Ethiopia,ET07,SNNP,ET0720,Siltie,2026-08-13,0.01001732,1.5-2,0.001098730589579718
ETH,ET,Ethiopia,ET07,SNNP,ET0715,Gofa,2026-08-13,0.01001732,1.5-2,0.001098730589579718
ETH,ET,Ethiopia,ET07,SNNP,ET0713,Konso,2026-08-13,0.01001732,1.5-2,0.001098730589579718
ETH,ET,Ethiopia,ET07,SNNP,ET0723,Derashe,2026-08-13,0.01001732,1.5-2,0.001098730589579718
ETH,ET,Ethiopia,ET07,SNNP,ET0705,Gedeo,2026-08-13,0.01001732,1.5-2,0.001098730589579718
ETH,ET,Ethiopia,ET07,SNNP,ET0706,Wolayita,2026-08-13,0.01001732,1.5-2,0.001098730589579718
ETH,ET,Ethiopia,ET07,SNNP,ET0714,Halaba,2026-08-13,0.01001732,1.5-2,0.001098730589579718
ETH,ET,Ethiopia,ET07,SNNP,ET0722,Burji,2026-08-13,0.01001732,1.5-2,0.001098730589579718
ETH,ET,Ethiopia,ET07,SNNP,ET0707,South Omo,2026-08-13,0.01001732,1.5-2,0.001098730589579718
ETH,ET,Ethiopia,ET07,SNNP,ET0702,Hadiya,2026-08-13,0.01001732,1.5-2,0.001098730589579718
ETH,ET,Ethiopia,ET07,SNNP,ET0716,Basketo,2026-08-13,0.01001732,1.5-2,0.001098730589579718
ETH,ET,Ethiopia,ET07,SNNP,ET0712,Alle,2026-08-13,0.01001732,1.5-2,0.001098730589579718
ETH,ET,Ethiopia,ET15,Dire Dawa,ET1502,Dire Dawa rural,2026-08-13,0.0,1-1.5,6.233766147157769e-07
ETH,ET,Ethiopia,ET15,Dire Dawa,ET1501,Dire Dawa urban,2026-08-13,0.0,1-1.5,6.233766147157769e-07
ETH,ET,Ethiopia,ET06,Benishangul Gumz,ET0604,Kamashi,2026-08-13,0.02254184,>10,0.008907667584592684
ETH,ET,Ethiopia,ET06,Benishangul Gumz,ET0602,Metekel,2026-08-13,0.02254184,>10,0.008907667584592684
ETH,ET,Ethiopia,ET06,Benishangul Gumz,ET0605,Mao Komo Special,2026-08-13,0.02254184,>10,0.008907667584592684
ETH,ET,Ethiopia,ET06,Benishangul Gumz,ET0603,Assosa,2026-08-13,0.02254184,>10,0.008907667584592684
ETH,ET,Ethiopia,ET02,Afar,ET0201,Awsi /Zone 1,2026-08-13,0.0030202372,1-1.5,0.008045066411696927
ETH,ET,Ethiopia,ET02,Afar,ET0204,Fanti /Zone 4,2026-08-13,0.0030202372,1-1.5,0.008045066411696927
ETH,ET,Ethiopia,ET02,Afar,ET0205,Hari /Zone 5,2026-08-13,0.0030202372,1-1.5,0.008045066411696927
ETH,ET,Ethiopia,ET02,Afar,ET0202,Kilbati /Zone2,2026-08-13,0.0030202372,1-1.5,0.008045066411696927
ETH,ET,Ethiopia,ET02,Afar,ET0203,Gabi /Zone 3,2026-08-13,0.0030202372,1-1.5,0.008045066411696927
ETH,ET,Ethiopia,ET03,Amhara,ET0307,West Gojam,2026-08-13,0.0013225348,1-1.5,0.0005177184104439903
ETH,ET,Ethiopia,ET03,Amhara,ET0309,Awi,2026-08-13,0.0013225348,1-1.5,0.0005177184104439903
ETH,ET,Ethiopia,ET03,Amhara,ET0305,North Shewa (AM),2026-08-13,0.0013225348,1-1.5,0.0005177184104439903
ETH,ET,Ethiopia,ET03,Amhara,ET0302,South Gondar,2026-08-13,0.0013225348,1-1.5,0.0005177184104439903
ETH,ET,Ethiopia,ET03,Amhara,ET0312,West Gondar,2026-08-13,0.0013225348,1-1.5,0.0005177184104439903
ETH,ET,Ethiopia,ET03,Amhara,ET0310,Oromia,2026-08-13,0.0013225348,1-1.5,0.0005177184104439903
ETH,ET,Ethiopia,ET03,Amhara,ET0304,South Wello,2026-08-13,0.0013225348,1-1.5,0.0005177184104439903
ETH,ET,Ethiopia,ET03,Amhara,ET0301,North Gondar,2026-08-13,0.0013225348,1-1.5,0.0005177184104439903
ETH,ET,Ethiopia,ET03,Amhara,ET0311,Central Gondar,2026-08-13,0.0013225348,1-1.5,0.0005177184104439903
ETH,ET,Ethiopia,ET03,Amhara,ET0303,North Wello,2026-08-13,0.0013225348,1-1.5,0.0005177184104439903
ETH,ET,Ethiopia,ET03,Amhara,ET0308,Wag Hamra,2026-08-13,0.0013225348,1-1.5,0.0005177184104439903
ETH,ET,Ethiopia,ET03,Amhara,ET0306,East Gojam,2026-08-13,0.0013225348,1-1.5,0.0005177184104439903
ETH,ET,Ethiopia,ET12,Gambela,ET1202,Agnewak,2026-08-13,0.006481915,1-1.5,0.004958843772130256
ETH,ET,Ethiopia,ET12,Gambela,ET1204,Itang Special woreda,2026-08-13,0.006481915,1-1.5,0.004958843772130256
ETH,ET,Ethiopia,ET12,Gambela,ET1203,Majang,2026-08-13,0.006481915,1-1.5,0.004958843772130256
ETH,ET,Ethiopia,ET12,Gambela,ET1201,Nuwer,2026-08-13,0.006481915,1-1.5,0.004958843772130256
ETH,ET,Ethiopia,ET13,Harari,ET1301,Harari,2026-08-13,8.333333e-06,1-1.5,0.0
ETH,ET,Ethiopia,ET14,Addis Ababa,ET1401,Region 14,2026-08-13,9.375001e-05,1-1.5,8.9090911577924e-05
ETH,ET,Ethiopia,ET11,South West Ethiopia,ET1106,Konta Special,2026-08-13,5.9486796e-05,1-1.5,0.0001539196591673947
ETH,ET,Ethiopia,ET11,South West Ethiopia,ET1105,Mirab Omo,2026-08-13,5.9486796e-05,1-1.5,0.0001539196591673947
ETH,ET,Ethiopia,ET11,South West Ethiopia,ET1104,Dawuro,2026-08-13,5.9486796e-05,1-1.5,0.0001539196591673947
ETH,ET,Ethiopia,ET11,South West Ethiopia,ET1101,Sheka,2026-08-13,5.9486796e-05,1-1.5,0.0001539196591673947
ETH,ET,Ethiopia,ET11,South West Ethiopia,ET1103,Bench Sheko,2026-08-13,5.9486796e-05,1-1.5,0.0001539196591673947
ETH,ET,Ethiopia,ET11,South West Ethiopia,ET1102,Kefa,2026-08-13,5.9486796e-05,1-1.5,0.0001539196591673947
ETH,ET,Ethiopia,ET05,Somali,ET0510,Nogob,2026-08-13,0.00031290893,1-1.5,0.000240428025433793
ETH,ET,Ethiopia,ET05,Somali,ET0506,Shabelle,2026-08-13,0.00031290893,1-1.5,0.000240428025433793
ETH,ET,Ethiopia,ET05,Somali,ET0502,Fafan,2026-08-13,0.00031290893,1-1.5,0.000240428025433793
ETH,ET,Ethiopia,ET05,Somali,ET0503,Jarar,2026-08-13,0.00031290893,1-1.5,0.000240428025433793
ETH,ET,Ethiopia,ET05,Somali,ET0501,Siti,2026-08-13,0.00031290893,1-1.5,0.000240428025433793
ETH,ET,Ethiopia,ET05,Somali,ET0508,Afder,2026-08-13,0.00031290893,1-1.5,0.000240428025433793
ETH,ET,Ethiopia,ET05,Somali,ET0504,Erer,2026-08-13,0.00031290893,1-1.5,0.000240428025433793
ETH,ET,Ethiopia,ET05,Somali,ET0509,Liban,2026-08-13,0.00031290893,1-1.5,0.000240428025433793
ETH,ET,Ethiopia,ET05,Somali,ET0507,Doolo,2026-08-13,0.00031290893,1-1.5,0.000240428025433793
ETH,ET,Ethiopia,ET05,Somali,ET0505,Korahe,2026-08-13,0.00031290893,1-1.5,0.000240428025433793
ETH,ET,Ethiopia,ET05,Somali,ET0511,Daawa,2026-08-13,0.00031290893,1-1.5,0.000240428025433793
ETH,ET,Ethiopia,ET16,Sidama,ET1600,Sidama,2026-08-14,0.0,1-1.5,7.756717104712152e-06
ETH,ET,Ethiopia,ET01,Tigray,ET0107,Mekelle,2026-08-14,0.0010479081,1-1.5,0.001084844832447955
ETH,ET,Ethiopia,ET01,Tigray,ET0104,Southern,2026-08-14,0.0010479081,1-1.5,0.001084844832447955
ETH,ET,Ethiopia,ET01,Tigray,ET0101,North Western,2026-08-14,0.0010479081,1-1.5,0.001084844832447955
ETH,ET,Ethiopia,ET01,Tigray,ET0102,Central,2026-08-14,0.0010479081,1-1.5,0.001084844832447955
ETH,ET,Ethiopia,ET01,Tigray,ET0105,Western,2026-08-14,0.0010479081,1-1.5,0.001084844832447955
ETH,ET,Ethiopia,ET01,Tigray,ET0106,South Eastern,2026-08-14,0.0010479081,1-1.5,0.001084844832447955
ETH,ET,Ethiopia,ET01,Tigray,ET0103,Eastern,2026-08-14,0.0010479081,1-1.5,0.001084844832447955
ETH,ET,Ethiopia,ET04,Oromia,ET0404,Jimma,2026-08-14,0.0042085205,1-1.5,0.002321468540255657
ETH,ET,Ethiopia,ET04,Oromia,ET0410,East Hararge,2026-08-14,0.0042085205,1-1.5,0.002321468540255657
ETH,ET,Ethiopia,ET04,Oromia,ET0409,West Hararge,2026-08-14,0.0042085205,1-1.5,0.002321468540255657
ETH,ET,Ethiopia,ET04,Oromia,ET0401,West Wellega,2026-08-14,0.0042085205,1-1.5,0.002321468540255657
ETH,ET,Ethiopia,ET04,Oromia,ET0408,Arsi,2026-08-14,0.0042085205,1-1.5,0.002321468540255657
ETH,ET,Ethiopia,ET04,Oromia,ET0403,Ilu Aba Bora,2026-08-14,0.0042085205,1-1.5,0.002321468540255657
ETH,ET,Ethiopia,ET04,Oromia,ET0407,East Shewa,2026-08-14,0.0042085205,1-1.5,0.002321468540255657
ETH,ET,Ethiopia,ET04,Oromia,ET0405,West Shewa,2026-08-14,0.0042085205,1-1.5,0.002321468540255657
ETH,ET,Ethiopia,ET04,Oromia,ET0406,North Shewa (OR),2026-08-14,0.0042085205,1-1.5,0.002321468540255657
ETH,ET,Ethiopia,ET04,Oromia,ET0402,East Wellega,2026-08-14,0.0042085205,1-1.5,0.002321468540255657
ETH,ET,Ethiopia,ET04,Oromia,ET0418,Kelem Wellega,2026-08-14,0.0042085205,1-1.5,0.002321468540255657
ETH,ET,Ethiopia,ET04,Oromia,ET0411,Bale,2026-08-14,0.0042085205,1-1.5,0.002321468540255657
ETH,ET,Ethiopia,ET04,Oromia,ET0416,Buno Bedele,2026-08-14,0.0042085205,1-1.5,0.002321468540255657
ETH,ET,Ethiopia,ET04,Oromia,ET0421,East Bale,2026-08-14,0.0042085205,1-1.5,0.002321468540255657
ETH,ET,Ethiopia,ET04,Oromia,ET0412,Borena,2026-08-14,0.0042085205,1-1.5,0.002321468540255657
ETH,ET,Ethiopia,ET04,Oromia,ET0419,Horo Gudru Wellega,2026-08-14,0.0042085205,1-1.5,0.002321468540255657
ETH,ET,Ethiopia,ET04,Oromia,ET0417,West Arsi,2026-08-14,0.0042085205,1-1.5,0.002321468540255657
ETH,ET,Ethiopia,ET04,Oromia,ET0413,South West Shewa,2026-08-14,0.0042085205,1-1.5,0.002321468540255657
ETH,ET,Ethiopia,ET04,Oromia,ET0415,West Guji,2026-08-14,0.0042085205,1-1.5,0.002321468540255657
ETH,ET,Ethiopia,ET04,Oromia,ET0414,Guji,2026-08-14,0.0042085205,1-1.5,0.002321468540255657
ETH,ET,Ethiopia,ET04,Oromia,ET0420,Finfine Special,2026-08-14,0.0042085205,1-1.5,0.002321468540255657
ETH,ET,Ethiopia,ET07,SNNP,ET0701,Guraghe,2026-08-14,0.009431451,1-1.5,0.001088070731582682
ETH,ET,Ethiopia,ET07,SNNP,ET0724,Yem Special,2026-08-14,0.009431451,1-1.5,0.001088070731582682
ETH,ET,Ethiopia,ET07,SNNP,ET0721,Amaro,2026-08-14,0.009431451,1-1.5,0.001088070731582682
ETH,ET,Ethiopia,ET07,SNNP,ET0703,Kembata Tembaro,2026-08-14,0.009431451,1-1.5,0.001088070731582682
ETH,ET,Ethiopia,ET07,SNNP,ET0710,Gamo,2026-08-14,0.009431451,1-1.5,0.001088070731582682
ETH,ET,Ethiopia,ET07,SNNP,ET0720,Siltie,2026-08-14,0.009431451,1-1.5,0.001088070731582682
ETH,ET,Ethiopia,ET07,SNNP,ET0715,Gofa,2026-08-14,0.009431451,1-1.5,0.001088070731582682
ETH,ET,Ethiopia,ET07,SNNP,ET0713,Konso,2026-08-14,0.009431451,1-1.5,0.001088070731582682
ETH,ET,Ethiopia,ET07,SNNP,ET0723,Derashe,2026-08-14,0.009431451,1-1.5,0.001088070731582682
ETH,ET,Ethiopia,ET07,SNNP,ET0705,Gedeo,2026-08-14,0.009431451,1-1.5,0.001088070731582682
ETH,ET,Ethiopia,ET07,SNNP,ET0706,Wolayita,2026-08-14,0.009431451,1-1.5,0.001088070731582682
ETH,ET,Ethiopia,ET07,SNNP,ET0714,Halaba,2026-08-14,0.009431451,1-1.5,0.001088070731582682
ETH,ET,Ethiopia,ET07,SNNP,ET0722,Burji,2026-08-14,0.009431451,1-1.5,0.001088070731582682
ETH,ET,Ethiopia,ET07,SNNP,ET0707,South Omo,2026-08-14,0.009431451,1-1.5,0.001088070731582682
ETH,ET,Ethiopia,ET07,SNNP,ET0702,Hadiya,2026-08-14,0.009431451,1-1.5,0.001088070731582682
ETH,ET,Ethiopia,ET07,SNNP,ET0716,Basketo,2026-08-14,0.009431451,1-1.5,0.001088070731582682
ETH,ET,Ethiopia,ET07,SNNP,ET0712,Alle,2026-08-14,0.009431451,1-1.5,0.001088070731582682
ETH,ET,Ethiopia,ET15,Dire Dawa,ET1502,Dire Dawa rural,2026-08-14,0.0,1-1.5,5.194805122631475e-07
ETH,ET,Ethiopia,ET15,Dire Dawa,ET1501,Dire Dawa urban,2026-08-14,0.0,1-1.5,5.194805122631475e-07
ETH,ET,Ethiopia,ET06,Benishangul Gumz,ET0604,Kamashi,2026-08-14,0.024585912,>10,0.009019728820439355
ETH,ET,Ethiopia,ET06,Benishangul Gumz,ET0602,Metekel,2026-08-14,0.024585912,>10,0.009019728820439355
ETH,ET,Ethiopia,ET06,Benishangul Gumz,ET0605,Mao Komo Special,2026-08-14,0.024585912,>10,0.009019728820439355
ETH,ET,Ethiopia,ET06,Benishangul Gumz,ET0603,Assosa,2026-08-14,0.024585912,>10,0.009019728820439355
ETH,ET,Ethiopia,ET02,Afar,ET0201,Awsi /Zone 1,2026-08-14,0.0038533881,1-1.5,0.008205738025505773
ETH,ET,Ethiopia,ET02,Afar,ET0204,Fanti /Zone 4,2026-08-14,0.0038533881,1-1.5,0.008205738025505773
ETH,ET,Ethiopia,ET02,Afar,ET0205,Hari /Zone 5,2026-08-14,0.0038533881,1-1.5,0.008205738025505773
ETH,ET,Ethiopia,ET02,Afar,ET0202,Kilbati /Zone2,2026-08-14,0.0038533881,1-1.5,0.008205738025505773
ETH,ET,Ethiopia,ET02,Afar,ET0203,Gabi /Zone 3,2026-08-14,0.0038533881,1-1.5,0.008205738025505773
ETH,ET,Ethiopia,ET03,Amhara,ET0307,West Gojam,2026-08-14,0.0017054131,1-1.5,0.0004946498194340101
ETH,ET,Ethiopia,ET03,Amhara,ET0309,Awi,2026-08-14,0.0017054131,1-1.5,0.0004946498194340101
ETH,ET,Ethiopia,ET03,Amhara,ET0305,North Shewa (AM),2026-08-14,0.0017054131,1-1.5,0.0004946498194340101
ETH,ET,Ethiopia,ET03,Amhara,ET0302,South Gondar,2026-08-14,0.0017054131,1-1.5,0.0004946498194340101
ETH,ET,Ethiopia,ET03,Amhara,ET0312,West Gondar,2026-08-14,0.0017054131,1-1.5,0.0004946498194340101
ETH,ET,Ethiopia,ET03,Amhara,ET0310,Oromia,2026-08-14,0.0017054131,1-1.5,0.0004946498194340101
ETH,ET,Ethiopia,ET03,Amhara,ET0304,South Wello,2026-08-14,0.0017054131,1-1.5,0.0004946498194340101
ETH,ET,Ethiopia,ET03,Amhara,ET0301,North Gondar,2026-08-14,0.0017054131,1-1.5,0.0004946498194340101
ETH,ET,Ethiopia,ET03,Amhara,ET0311,Central Gondar,2026-08-14,0.0017054131,1-1.5,0.0004946498194340101
ETH,ET,Ethiopia,ET03,Amhara,ET0303,North Wello,2026-08-14,0.0017054131,1-1.5,0.0004946498194340101
ETH,ET,Ethiopia,ET03,Amhara,ET0308,Wag Hamra,2026-08-14,0.0017054131,1-1.5,0.0004946498194340101
ETH,ET,Ethiopia,ET03,Amhara,ET0306,East Gojam,2026-08-14,0.0017054131,1-1.5,0.0004946498194340101
ETH,ET,Ethiopia,ET12,Gambela,ET1202,Agnewak,2026-08-14,0.005801139,1-1.5,0.004917031449837272
ETH,ET,Ethiopia,ET12,Gambela,ET1204,Itang Special woreda,2026-08-14,0.005801139,1-1.5,0.004917031449837272
ETH,ET,Ethiopia,ET12,Gambela,ET1203,Majang,2026-08-14,0.005801139,1-1.5,0.004917031449837272
ETH,ET,Ethiopia,ET12,Gambela,ET1201,Nuwer,2026-08-14,0.005801139,1-1.5,0.004917031449837272
ETH,ET,Ethiopia,ET13,Harari,ET1301,Harari,2026-08-14,0.0,1-1.5,7.575757659982297e-08
ETH,ET,Ethiopia,ET14,Addis Ababa,ET1401,Region 14,2026-08-14,0.0,1-1.5,9.01704569101143e-05
ETH,ET,Ethiopia,ET11,South West Ethiopia,ET1106,Konta Special,2026-08-14,6.3633124e-05,1-1.5,0.0001463441373678103
ETH,ET,Ethiopia,ET11,South West Ethiopia,ET1105,Mirab Omo,2026-08-14,6.3633124e-05,1-1.5,0.0001463441373678103
ETH,ET,Ethiopia,ET11,South West Ethiopia,ET1104,Dawuro,2026-08-14,6.3633124e-05,1-1.5,0.0001463441373678103
ETH,ET,Ethiopia,ET11,South West Ethiopia,ET1101,Sheka,2026-08-14,6.3633124e-05,1-1.5,0.0001463441373678103
ETH,ET,Ethiopia,ET11,South West Ethiopia,ET1103,Bench Sheko,2026-08-14,6.3633124e-05,1-1.5,0.0001463441373678103
ETH,ET,Ethiopia,ET11,South West Ethiopia,ET1102,Kefa,2026-08-14,6.3633124e-05,1-1.5,0.0001463441373678103
ETH,ET,Ethiopia,ET05,Somali,ET0510,Nogob,2026-08-14,0.00021237842,1-1.5,0.0002414286214426298
ETH,ET,Ethiopia,ET05,Somali,ET0506,Shabelle,2026-08-14,0.00021237842,1-1.5,0.0002414286214426298
ETH,ET,Ethiopia,ET05,Somali,ET0502,Fafan,2026-08-14,0.00021237842,1-1.5,0.0002414286214426298
ETH,ET,Ethiopia,ET05,Somali,ET0503,Jarar,2026-08-14,0.00021237842,1-1.5,0.0002414286214426298
ETH,ET,Ethiopia,ET05,Somali,ET0501,Siti,2026-08-14,0.00021237842,1-1.5,0.0002414286214426298
ETH,ET,Ethiopia,ET05,Somali,ET0508,Afder,2026-08-14,0.00021237842,1-1.5,0.0002414286214426298
ETH,ET,Ethiopia,ET05,Somali,ET0504,Erer,2026-08-14,0.00021237842,1-1.5,0.0002414286214426298
ETH,ET,Ethiopia,ET05,Somali,ET0509,Liban,2026-08-14,0.00021237842,1-1.5,0.0002414286214426298
ETH,ET,Ethiopia,ET05,Somali,ET0507,Doolo,2026-08-14,0.00021237842,1-1.5,0.0002414286214426298
ETH,ET,Ethiopia,ET05,Somali,ET0505,Korahe,2026-08-14,0.00021237842,1-1.5,0.0002414286214426298
ETH,ET,Ethiopia,ET05,Somali,ET0511,Daawa,2026-08-14,0.00021237842,1-1.5,0.0002414286214426298
ETH,ET,Ethiopia,ET16,Sidama,ET1600,Sidama,2026-08-15,0.0,1-1.5,7.756717104712152e-06
ETH,ET,Ethiopia,ET01,Tigray,ET0107,Mekelle,2026-08-15,0.0007467212,1-1.5,0.001033491219073503
ETH,ET,Ethiopia,ET01,Tigray,ET0104,Southern,2026-08-15,0.0007467212,1-1.5,0.001033491219073503
ETH,ET,Ethiopia,ET01,Tigray,ET0101,North Western,2026-08-15,0.0007467212,1-1.5,0.001033491219073503
ETH,ET,Ethiopia,ET01,Tigray,ET0102,Central,2026-08-15,0.0007467212,1-1.5,0.001033491219073503
ETH,ET,Ethiopia,ET01,Tigray,ET0105,Western,2026-08-15,0.0007467212,1-1.5,0.001033491219073503
ETH,ET,Ethiopia,ET01,Tigray,ET0106,South Eastern,2026-08-15,0.0007467212,1-1.5,0.001033491219073503
ETH,ET,Ethiopia,ET01,Tigray,ET0103,Eastern,2026-08-15,0.0007467212,1-1.5,0.001033491219073503
ETH,ET,Ethiopia,ET04,Oromia,ET0404,Jimma,2026-08-15,0.004327768,1-1.5,0.002282445659776303
ETH,ET,Ethiopia,ET04,Oromia,ET0410,East Hararge,2026-08-15,0.004327768,1-1.5,0.002282445659776303
ETH,ET,Ethiopia,ET04,Oromia,ET0409,West Hararge,2026-08-15,0.004327768,1-1.5,0.002282445659776303
ETH,ET,Ethiopia,ET04,Oromia,ET0401,West Wellega,2026-08-15,0.004327768,1-1.5,0.002282445659776303
ETH,ET,Ethiopia,ET04,Oromia,ET0408,Arsi,2026-08-15,0.004327768,1-1.5,0.002282445659776303
ETH,ET,Ethiopia,ET04,Oromia,ET0403,Ilu Aba Bora,2026-08-15,0.004327768,1-1.5,0.002282445659776303
ETH,ET,Ethiopia,ET04,Oromia,ET0407,East Shewa,2026-08-15,0.004327768,1-1.5,0.002282445659776303
ETH,ET,Ethiopia,ET04,Oromia,ET0405,West Shewa,2026-08-15,0.004327768,1-1.5,0.002282445659776303
ETH,ET,Ethiopia,ET04,Oromia,ET0406,North Shewa (OR),2026-08-15,0.004327768,1-1.5,0.002282445659776303
ETH,ET,Ethiopia,ET04,Oromia,ET0402,East Wellega,2026-08-15,0.004327768,1-1.5,0.002282445659776303
ETH,ET,Ethiopia,ET04,Oromia,ET0418,Kelem Wellega,2026-08-15,0.004327768,1-1.5,0.002282445659776303
ETH,ET,Ethiopia,ET04,Oromia,ET0411,Bale,2026-08-15,0.004327768,1-1.5,0.002282445659776303
ETH,ET,Ethiopia,ET04,Oromia,ET0416,Buno Bedele,2026-08-15,0.004327768,1-1.5,0.002282445659776303
ETH,ET,Ethiopia,ET04,Oromia,ET0421,East Bale,2026-08-15,0.004327768,1-1.5,0.002282445659776303
ETH,ET,Ethiopia,ET04,Oromia,ET0412,Borena,2026-08-15,0.004327768,1-1.5,0.002282445659776303
ETH,ET,Ethiopia,ET04,Oromia,ET0419,Horo Gudru Wellega,2026-08-15,0.004327768,1-1.5,0.002282445659776303
ETH,ET,Ethiopia,ET04,Oromia,ET0417,West Arsi,2026-08-15,0.004327768,1-1.5,0.002282445659776303
ETH,ET,Ethiopia,ET04,Oromia,ET0413,South West Shewa,2026-08-15,0.004327768,1-1.5,0.002282445659776303
ETH,ET,Ethiopia,ET04,Oromia,ET0415,West Guji,2026-08-15,0.004327768,1-1.5,0.002282445659776303
ETH,ET,Ethiopia,ET04,Oromia,ET0414,Guji,2026-08-15,0.004327768,1-1.5,0.002282445659776303
ETH,ET,Ethiopia,ET04,Oromia,ET0420,Finfine Special,2026-08-15,0.004327768,1-1.5,0.002282445659776303
ETH,ET,Ethiopia,ET07,SNNP,ET0701,Guraghe,2026-08-15,0.008536606,1-1.5,0.001102123679199384
ETH,ET,Ethiopia,ET07,SNNP,ET0724,Yem Special,2026-08-15,0.008536606,1-1.5,0.001102123679199384
ETH,ET,Ethiopia,ET07,SNNP,ET0721,Amaro,2026-08-15,0.008536606,1-1.5,0.001102123679199384
ETH,ET,Ethiopia,ET07,SNNP,ET0703,Kembata Tembaro,2026-08-15,0.008536606,1-1.5,0.001102123679199384
ETH,ET,Ethiopia,ET07,SNNP,ET0710,Gamo,2026-08-15,0.008536606,1-1.5,0.001102123679199384
ETH,ET,Ethiopia,ET07,SNNP,ET0720,Siltie,2026-08-15,0.008536606,1-1.5,0.001102123679199384
ETH,ET,Ethiopia,ET07,SNNP,ET0715,Gofa,2026-08-15,0.008536606,1-1.5,0.001102123679199384
ETH,ET,Ethiopia,ET07,SNNP,ET0713,Konso,2026-08-15,0.008536606,1-1.5,0.001102123679199384
ETH,ET,Ethiopia,ET07,SNNP,ET0723,Derashe,2026-08-15,0.008536606,1-1.5,0.001102123679199384
ETH,ET,Ethiopia,ET07,SNNP,ET0705,Gedeo,2026-08-15,0.008536606,1-1.5,0.001102123679199384
ETH,ET,Ethiopia,ET07,SNNP,ET0706,Wolayita,2026-08-15,0.008536606,1-1.5,0.001102123679199384
ETH,ET,Ethiopia,ET07,SNNP,ET0714,Halaba,2026-08-15,0.008536606,1-1.5,0.001102123679199384
ETH,ET,Ethiopia,ET07,SNNP,ET0722,Burji,2026-08-15,0.008536606,1-1.5,0.001102123679199384
ETH,ET,Ethiopia,ET07,SNNP,ET0707,South Omo,2026-08-15,0.008536606,1-1.5,0.001102123679199384
ETH,ET,Ethiopia,ET07,SNNP,ET0702,Hadiya,2026-08-15,0.008536606,1-1.5,0.001102123679199384
ETH,ET,Ethiopia,ET07,SNNP,ET0716,Basketo,2026-08-15,0.008536606,1-1.5,0.001102123679199384
ETH,ET,Ethiopia,ET07,SNNP,ET0712,Alle,2026-08-15,0.008536606,1-1.5,0.001102123679199384
ETH,ET,Ethiopia,ET15,Dire Dawa,ET1502,Dire Dawa rural,2026-08-15,0.0,1-1.5,4.15584409810518e-07
ETH,ET,Ethiopia,ET15,Dire Dawa,ET1501,Dire Dawa urban,2026-08-15,0.0,1-1.5,4.15584409810518e-07
ETH,ET,Ethiopia,ET06,Benishangul Gumz,ET0604,Kamashi,2026-08-15,0.025320675,>10,0.009045426420755377
ETH,ET,Ethiopia,ET06,Benishangul Gumz,ET0602,Metekel,2026-08-15,0.025320675,>10,0.009045426420755377
ETH,ET,Ethiopia,ET06,Benishangul Gumz,ET0605,Mao Komo Special,2026-08-15,0.025320675,>10,0.009045426420755377
ETH,ET,Ethiopia,ET06,Benishangul Gumz,ET0603,Assosa,2026-08-15,0.025320675,>10,0.009045426420755377
ETH,ET,Ethiopia,ET02,Afar,ET0201,Awsi /Zone 1,2026-08-15,0.0060397293,1-1.5,0.008084895282412284
ETH,ET,Ethiopia,ET02,Afar,ET0204,Fanti /Zone 4,2026-08-15,0.0060397293,1-1.5,0.008084895282412284
ETH,ET,Ethiopia,ET02,Afar,ET0205,Hari /Zone 5,2026-08-15,0.0060397293,1-1.5,0.008084895282412284
ETH,ET,Ethiopia,ET02,Afar,ET0202,Kilbati /Zone2,2026-08-15,0.0060397293,1-1.5,0.008084895282412284
ETH,ET,Ethiopia,ET02,Afar,ET0203,Gabi /Zone 3,2026-08-15,0.0060397293,1-1.5,0.008084895282412284
ETH,ET,Ethiopia,ET03,Amhara,ET0307,West Gojam,2026-08-15,0.0012194555,1-1.5,0.0004418602185695422
ETH,ET,Ethiopia,ET03,Amhara,ET0309,Awi,2026-08-15,0.0012194555,1-1.5,0.0004418602185695422
ETH,ET,Ethiopia,ET03,Amhara,ET0305,North Shewa (AM),2026-08-15,0.0012194555,1-1.5,0.0004418602185695422
ETH,ET,Ethiopia,ET03,Amhara,ET0302,South Gondar,2026-08-15,0.0012194555,1-1.5,0.0004418602185695422
ETH,ET,Ethiopia,ET03,Amhara,ET0312,West Gondar,2026-08-15,0.0012194555,1-1.5,0.0004418602185695422
ETH,ET,Ethiopia,ET03,Amhara,ET0310,Oromia,2026-08-15,0.0012194555,1-1.5,0.0004418602185695422
ETH,ET,Ethiopia,ET03,Amhara,ET0304,South Wello,2026-08-15,0.0012194555,1-1.5,0.0004418602185695422
ETH,ET,Ethiopia,ET03,Amhara,ET0301,North Gondar,2026-08-15,0.0012194555,1-1.5,0.0004418602185695422
ETH,ET,Ethiopia,ET03,Amhara,ET0311,Central Gondar,2026-08-15,0.0012194555,1-1.5,0.0004418602185695422
ETH,ET,Ethiopia,ET03,Amhara,ET0303,North Wello,2026-08-15,0.0012194555,1-1.5,0.0004418602185695422
ETH,ET,Ethiopia,ET03,Amhara,ET0308,Wag Hamra,2026-08-15,0.0012194555,1-1.5,0.0004418602185695422
ETH,ET,Ethiopia,ET03,Amhara,ET0306,East Gojam,2026-08-15,0.0012194555,1-1.5,0.0004418602185695422
ETH,ET,Ethiopia,ET12,Gambela,ET1202,Agnewak,2026-08-15,0.004920443,1-1.5,0.004857207811966706
ETH,ET,Ethiopia,ET12,Gambela,ET1204,Itang Special woreda,2026-08-15,0.004920443,1-1.5,0.004857207811966706
ETH,ET,Ethiopia,ET12,Gambela,ET1203,Majang,2026-08-15,0.004920443,1-1.5,0.004857207811966706
ETH,ET,Ethiopia,ET12,Gambela,ET1201,Nuwer,2026-08-15,0.004920443,1-1.5,0.004857207811966706
ETH,ET,Ethiopia,ET13,Harari,ET1301,Harari,2026-08-15,0.0,1-1.5,7.575757659982297e-08
ETH,ET,Ethiopia,ET14,Addis Ababa,ET1401,Region 14,2026-08-15,0.0,1-1.5,8.818182048509533e-05
ETH,ET,Ethiopia,ET11,South West Ethiopia,ET1106,Konta Special,2026-08-15,0.0,1-1.5,0.0001496650205249301
ETH,ET,Ethiopia,ET11,South West Ethiopia,ET1105,Mirab Omo,2026-08-15,0.0,1-1.5,0.0001496650205249301
ETH,ET,Ethiopia,ET11,South West Ethiopia,ET1104,Dawuro,2026-08-15,0.0,1-1.5,0.0001496650205249301
ETH,ET,Ethiopia,ET11,South West Ethiopia,ET1101,Sheka,2026-08-15,0.0,1-1.5,0.0001496650205249301
ETH,ET,Ethiopia,ET11,South West Ethiopia,ET1103,Bench Sheko,2026-08-15,0.0,1-1.5,0.0001496650205249301
ETH,ET,Ethiopia,ET11,South West Ethiopia,ET1102,Kefa,2026-08-15,0.0,1-1.5,0.0001496650205249301
ETH,ET,Ethiopia,ET05,Somali,ET0510,Nogob,2026-08-15,0.00048988115,1-1.5,0.0002232530591050441
ETH,ET,Ethiopia,ET05,Somali,ET0506,Shabelle,2026-08-15,0.00048988115,1-1.5,0.0002232530591050441
ETH,ET,Ethiopia,ET05,Somali,ET0502,Fafan,2026-08-15,0.00048988115,1-1.5,0.0002232530591050441
ETH,ET,Ethiopia,ET05,Somali,ET0503,Jarar,2026-08-15,0.00048988115,1-1.5,0.0002232530591050441
ETH,ET,Ethiopia,ET05,Somali,ET0501,Siti,2026-08-15,0.00048988115,1-1.5,0.0002232530591050441
ETH,ET,Ethiopia,ET05,Somali,ET0508,Afder,2026-08-15,0.00048988115,1-1.5,0.0002232530591050441
ETH,ET,Ethiopia,ET05,Somali,ET0504,Erer,2026-08-15,0.00048988115,1-1.5,0.0002232530591050441
ETH,ET,Ethiopia,ET05,Somali,ET0509,Liban,2026-08-15,0.00048988115,1-1.5,0.0002232530591050441
ETH,ET,Ethiopia,ET05,Somali,ET0507,Doolo,2026-08-15,0.00048988115,1-1.5,0.0002232530591050441
ETH,ET,Ethiopia,ET05,Somali,ET0505,Korahe,2026-08-15,0.00048988115,1-1.5,0.0002232530591050441
ETH,ET,Ethiopia,ET05,Somali,ET0511,Daawa,2026-08-15,0.00048988115,1-1.5,0.0002232530591050441
ETH,ET,Ethiopia,ET16,Sidama,ET1600,Sidama,2026-08-16,0.0,1-1.5,7.756717104712152e-06
ETH,ET,Ethiopia,ET01,Tigray,ET0107,Mekelle,2026-08-16,0.0,1-1.5,0.0009877234886319156
ETH,ET,Ethiopia,ET01,Tigray,ET0104,Southern,2026-08-16,0.0,1-1.5,0.0009877234886319156
ETH,ET,Ethiopia,ET01,Tigray,ET0101,North Western,2026-08-16,0.0,1-1.5,0.0009877234886319156
ETH,ET,Ethiopia,ET01,Tigray,ET0102,Central,2026-08-16,0.0,1-1.5,0.0009877234886319156
ETH,ET,Ethiopia,ET01,Tigray,ET0105,Western,2026-08-16,0.0,1-1.5,0.0009877234886319156
ETH,ET,Ethiopia,ET01,Tigray,ET0106,South Eastern,2026-08-16,0.0,1-1.5,0.0009877234886319156
ETH,ET,Ethiopia,ET01,Tigray,ET0103,Eastern,2026-08-16,0.0,1-1.5,0.0009877234886319156
ETH,ET,Ethiopia,ET04,Oromia,ET0404,Jimma,2026-08-16,0.0041650874,1-1.5,0.002260870966446502
ETH,ET,Ethiopia,ET04,Oromia,ET0410,East Hararge,2026-08-16,0.0041650874,1-1.5,0.002260870966446502
ETH,ET,Ethiopia,ET04,Oromia,ET0409,West Hararge,2026-08-16,0.0041650874,1-1.5,0.002260870966446502
ETH,ET,Ethiopia,ET04,Oromia,ET0401,West Wellega,2026-08-16,0.0041650874,1-1.5,0.002260870966446502
ETH,ET,Ethiopia,ET04,Oromia,ET0408,Arsi,2026-08-16,0.0041650874,1-1.5,0.002260870966446502
ETH,ET,Ethiopia,ET04,Oromia,ET0403,Ilu Aba Bora,2026-08-16,0.0041650874,1-1.5,0.002260870966446502
ETH,ET,Ethiopia,ET04,Oromia,ET0407,East Shewa,2026-08-16,0.0041650874,1-1.5,0.002260870966446502
ETH,ET,Ethiopia,ET04,Oromia,ET0405,West Shewa,2026-08-16,0.0041650874,1-1.5,0.002260870966446502
ETH,ET,Ethiopia,ET04,Oromia,ET0406,North Shewa (OR),2026-08-16,0.0041650874,1-1.5,0.002260870966446502
ETH,ET,Ethiopia,ET04,Oromia,ET0402,East Wellega,2026-08-16,0.0041650874,1-1.5,0.002260870966446502
ETH,ET,Ethiopia,ET04,Oromia,ET0418,Kelem Wellega,2026-08-16,0.0041650874,1-1.5,0.002260870966446502
ETH,ET,Ethiopia,ET04,Oromia,ET0411,Bale,2026-08-16,0.0041650874,1-1.5,0.002260870966446502
ETH,ET,Ethiopia,ET04,Oromia,ET0416,Buno Bedele,2026-08-16,0.0041650874,1-1.5,0.002260870966446502
ETH,ET,Ethiopia,ET04,Oromia,ET0421,East Bale,2026-08-16,0.0041650874,1-1.5,0.002260870966446502
ETH,ET,Ethiopia,ET04,Oromia,ET0412,Borena,2026-08-16,0.0041650874,1-1.5,0.002260870966446502
ETH,ET,Ethiopia,ET04,Oromia,ET0419,Horo Gudru Wellega,2026-08-16,0.0041650874,1-1.5,0.002260870966446502
ETH,ET,Ethiopia,ET04,Oromia,ET0417,West Arsi,2026-08-16,0.0041650874,1-1.5,0.002260870966446502
ETH,ET,Ethiopia,ET04,Oromia,ET0413,South West Shewa,2026-08-16,0.0041650874,1-1.5,0.002260870966446502
ETH,ET,Ethiopia,ET04,Oromia,ET0415,West Guji,2026-08-16,0.0041650874,1-1.5,0.002260870966446502
ETH,ET,Ethiopia,ET04,Oromia,ET0414,Guji,2026-08-16,0.0041650874,1-1.5,0.002260870966446502
ETH,ET,Ethiopia,ET04,Oromia,ET0420,Finfine Special,2026-08-16,0.0041650874,1-1.5,0.002260870966446502
ETH,ET,Ethiopia,ET07,SNNP,ET0701,Guraghe,2026-08-16,0.007953147,1-1.5,0.001090739492213608
ETH,ET,Ethiopia,ET07,SNNP,ET0724,Yem Special,2026-08-16,0.007953147,1-1.5,0.001090739492213608
ETH,ET,Ethiopia,ET07,SNNP,ET0721,Amaro,2026-08-16,0.007953147,1-1.5,0.001090739492213608
ETH,ET,Ethiopia,ET07,SNNP,ET0703,Kembata Tembaro,2026-08-16,0.007953147,1-1.5,0.001090739492213608
ETH,ET,Ethiopia,ET07,SNNP,ET0710,Gamo,2026-08-16,0.007953147,1-1.5,0.001090739492213608
ETH,ET,Ethiopia,ET07,SNNP,ET0720,Siltie,2026-08-16,0.007953147,1-1.5,0.001090739492213608
ETH,ET,Ethiopia,ET07,SNNP,ET0715,Gofa,2026-08-16,0.007953147,1-1.5,0.001090739492213608
ETH,ET,Ethiopia,ET07,SNNP,ET0713,Konso,2026-08-16,0.007953147,1-1.5,0.001090739492213608
ETH,ET,Ethiopia,ET07,SNNP,ET0723,Derashe,2026-08-16,0.007953147,1-1.5,0.001090739492213608
ETH,ET,Ethiopia,ET07,SNNP,ET0705,Gedeo,2026-08-16,0.007953147,1-1.5,0.001090739492213608
ETH,ET,Ethiopia,ET07,SNNP,ET0706,Wolayita,2026-08-16,0.007953147,1-1.5,0.001090739492213608
ETH,ET,Ethiopia,ET07,SNNP,ET0714,Halaba,2026-08-16,0.007953147,1-1.5,0.001090739492213608
ETH,ET,Ethiopia,ET07,SNNP,ET0722,Burji,2026-08-16,0.007953147,1-1.5,0.001090739492213608
ETH,ET,Ethiopia,ET07,SNNP,ET0707,South Omo,2026-08-16,0.007953147,1-1.5,0.001090739492213608
ETH,ET,Ethiopia,ET07,SNNP,ET0702,Hadiya,2026-08-16,0.007953147,1-1.5,0.001090739492213608
ETH,ET,Ethiopia,ET07,SNNP,ET0716,Basketo,2026-08-16,0.007953147,1-1.5,0.001090739492213608
ETH,ET,Ethiopia,ET07,SNNP,ET0712,Alle,2026-08-16,0.007953147,1-1.5,0.001090739492213608
ETH,ET,Ethiopia,ET15,Dire Dawa,ET1502,Dire Dawa rural,2026-08-16,0.0,1-1.5,2.07792204905259e-07
ETH,ET,Ethiopia,ET15,Dire Dawa,ET1501,Dire Dawa urban,2026-08-16,0.0,1-1.5,2.07792204905259e-07
ETH,ET,Ethiopia,ET06,Benishangul Gumz,ET0604,Kamashi,2026-08-16,0.02465844,>10,0.009095651457272685
ETH,ET,Ethiopia,ET06,Benishangul Gumz,ET0602,Metekel,2026-08-16,0.02465844,>10,0.009095651457272685
ETH,ET,Ethiopia,ET06,Benishangul Gumz,ET0605,Mao Komo Special,2026-08-16,0.02465844,>10,0.009095651457272685
ETH,ET,Ethiopia,ET06,Benishangul Gumz,ET0603,Assosa,2026-08-16,0.02465844,>10,0.009095651457272685
ETH,ET,Ethiopia,ET02,Afar,ET0201,Awsi /Zone 1,2026-08-16,0.003238875,1-1.5,0.007933557547882877
ETH,ET,Ethiopia,ET02,Afar,ET0204,Fanti /Zone 4,2026-08-16,0.003238875,1-1.5,0.007933557547882877
ETH,ET,Ethiopia,ET02,Afar,ET0205,Hari /Zone 5,2026-08-16,0.003238875,1-1.5,0.007933557547882877
ETH,ET,Ethiopia,ET02,Afar,ET0202,Kilbati /Zone2,2026-08-16,0.003238875,1-1.5,0.007933557547882877
ETH,ET,Ethiopia,ET02,Afar,ET0203,Gabi /Zone 3,2026-08-16,0.003238875,1-1.5,0.007933557547882877
ETH,ET,Ethiopia,ET03,Amhara,ET0307,West Gojam,2026-08-16,0.0008279264,1-1.5,0.000423967418573732
ETH,ET,Ethiopia,ET03,Amhara,ET0309,Awi,2026-08-16,0.0008279264,1-1.5,0.000423967418573732
ETH,ET,Ethiopia,ET03,Amhara,ET0305,North Shewa (AM),2026-08-16,0.0008279264,1-1.5,0.000423967418573732
ETH,ET,Ethiopia,ET03,Amhara,ET0302,South Gondar,2026-08-16,0.0008279264,1-1.5,0.000423967418573732
ETH,ET,Ethiopia,ET03,Amhara,ET0312,West Gondar,2026-08-16,0.0008279264,1-1.5,0.000423967418573732
ETH,ET,Ethiopia,ET03,Amhara,ET0310,Oromia,2026-08-16,0.0008279264,1-1.5,0.000423967418573732
ETH,ET,Ethiopia,ET03,Amhara,ET0304,South Wello,2026-08-16,0.0008279264,1-1.5,0.000423967418573732
ETH,ET,Ethiopia,ET03,Amhara,ET0301,North Gondar,2026-08-16,0.0008279264,1-1.5,0.000423967418573732
ETH,ET,Ethiopia,ET03,Amhara,ET0311,Central Gondar,2026-08-16,0.0008279264,1-1.5,0.000423967418573732
ETH,ET,Ethiopia,ET03,Amhara,ET0303,North Wello,2026-08-16,0.0008279264,1-1.5,0.000423967418573732
ETH,ET,Ethiopia,ET03,Amhara,ET0308,Wag Hamra,2026-08-16,0.0008279264,1-1.5,0.000423967418573732
ETH,ET,Ethiopia,ET03,Amhara,ET0306,East Gojam,2026-08-16,0.0008279264,1-1.5,0.000423967418573732
ETH,ET,Ethiopia,ET12,Gambela,ET1202,Agnewak,2026-08-16,0.00521254,1-1.5,0.004849280778911304
ETH,ET,Ethiopia,ET12,Gambela,ET1204,Itang Special woreda,2026-08-16,0.00521254,1-1.5,0.004849280778911304
ETH,ET,Ethiopia,ET12,Gambela,ET1203,Majang,2026-08-16,0.00521254,1-1.5,0.004849280778911304
ETH,ET,Ethiopia,ET12,Gambela,ET1201,Nuwer,2026-08-16,0.00521254,1-1.5,0.004849280778911304
ETH,ET,Ethiopia,ET13,Harari,ET1301,Harari,2026-08-16,0.0,1-1.5,7.575757659982297e-08
ETH,ET,Ethiopia,ET14,Addis Ababa,ET1401,Region 14,2026-08-16,7.4999996e-05,1-1.5,8.687500264634516e-05
ETH,ET,Ethiopia,ET11,South West Ethiopia,ET1106,Konta Special,2026-08-16,0.0,1-1.5,0.0001490481331210638
ETH,ET,Ethiopia,ET11,South West Ethiopia,ET1105,Mirab Omo,2026-08-16,0.0,1-1.5,0.0001490481331210638
ETH,ET,Ethiopia,ET11,South West Ethiopia,ET1104,Dawuro,2026-08-16,0.0,1-1.5,0.0001490481331210638
ETH,ET,Ethiopia,ET11,South West Ethiopia,ET1101,Sheka,2026-08-16,0.0,1-1.5,0.0001490481331210638
ETH,ET,Ethiopia,ET11,South West Ethiopia,ET1103,Bench Sheko,2026-08-16,0.0,1-1.5,0.0001490481331210638
ETH,ET,Ethiopia,ET11,South West Ethiopia,ET1102,Kefa,2026-08-16,0.0,1-1.5,0.0001490481331210638
ETH,ET,Ethiopia,ET05,Somali,ET0510,Nogob,2026-08-16,9.824148e-09,1-1.5,0.0001956283611873065
ETH,ET,Ethiopia,ET05,Somali,ET0506,Shabelle,2026-08-16,9.824148e-09,1-1.5,0.0001956283611873065
ETH,ET,Ethiopia,ET05,Somali,ET0502,Fafan,2026-08-16,9.824148e-09,1-1.5,0.0001956283611873065
ETH,ET,Ethiopia,ET05,Somali,ET0503,Jarar,2026-08-16,9.824148e-09,1-1.5,0.0001956283611873065
ETH,ET,Ethiopia,ET05,Somali,ET0501,Siti,2026-08-16,9.824148e-09,1-1.5,0.0001956283611873065
ETH,ET,Ethiopia,ET05,Somali,ET0508,Afder,2026-08-16,9.824148e-09,1-1.5,0.0001956283611873065
ETH,ET,Ethiopia,ET05,Somali,ET0504,Erer,2026-08-16,9.824148e-09,1-1.5,0.0001956283611873065
ETH,ET,Ethiopia,ET05,Somali,ET0509,Liban,2026-08-16,9.824148e-09,1-1.5,0.0001956283611873065
ETH,ET,Ethiopia,ET05,Somali,ET0507,Doolo,2026-08-16,9.824148e-09,1-1.5,0.0001956283611873065
ETH,ET,Ethiopia,ET05,Somali,ET0505,Korahe,2026-08-16,9.824148e-09,1-1.5,0.0001956283611873065
ETH,ET,Ethiopia,ET05,Somali,ET0511,Daawa,2026-08-16,9.824148e-09,1-1.5,0.0001956283611873065
ETH,ET,Ethiopia,ET16,Sidama,ET1600,Sidama,2026-08-17,0.0,1-1.5,1.464860893065634e-05
ETH,ET,Ethiopia,ET01,Tigray,ET0107,Mekelle,2026-08-17,0.0,1-1.5,0.000961913522333966
ETH,ET,Ethiopia,ET01,Tigray,ET0104,Southern,2026-08-17,0.0,1-1.5,0.000961913522333966
ETH,ET,Ethiopia,ET01,Tigray,ET0101,North Western,2026-08-17,0.0,1-1.5,0.000961913522333966
ETH,ET,Ethiopia,ET01,Tigray,ET0102,Central,2026-08-17,0.0,1-1.5,0.000961913522333966
ETH,ET,Ethiopia,ET01,Tigray,ET0105,Western,2026-08-17,0.0,1-1.5,0.000961913522333966
ETH,ET,Ethiopia,ET01,Tigray,ET0106,South Eastern,2026-08-17,0.0,1-1.5,0.000961913522333966
ETH,ET,Ethiopia,ET01,Tigray,ET0103,Eastern,2026-08-17,0.0,1-1.5,0.000961913522333966
ETH,ET,Ethiopia,ET04,Oromia,ET0404,Jimma,2026-08-17,0.004281491,1-1.5,0.00223881847447377
ETH,ET,Ethiopia,ET04,Oromia,ET0410,East Hararge,2026-08-17,0.004281491,1-1.5,0.00223881847447377
ETH,ET,Ethiopia,ET04,Oromia,ET0409,West Hararge,2026-08-17,0.004281491,1-1.5,0.00223881847447377
ETH,ET,Ethiopia,ET04,Oromia,ET0401,West Wellega,2026-08-17,0.004281491,1-1.5,0.00223881847447377
ETH,ET,Ethiopia,ET04,Oromia,ET0408,Arsi,2026-08-17,0.004281491,1-1.5,0.00223881847447377
ETH,ET,Ethiopia,ET04,Oromia,ET0403,Ilu Aba Bora,2026-08-17,0.004281491,1-1.5,0.00223881847447377
ETH,ET,Ethiopia,ET04,Oromia,ET0407,East Shewa,2026-08-17,0.004281491,1-1.5,0.00223881847447377
ETH,ET,Ethiopia,ET04,Oromia,ET0405,West Shewa,2026-08-17,0.004281491,1-1.5,0.00223881847447377
ETH,ET,Ethiopia,ET04,Oromia,ET0406,North Shewa (OR),2026-08-17,0.004281491,1-1.5,0.00223881847447377
ETH,ET,Ethiopia,ET04,Oromia,ET0402,East Wellega,2026-08-17,0.004281491,1-1.5,0.00223881847447377
ETH,ET,Ethiopia,ET04,Oromia,ET0418,Kelem Wellega,2026-08-17,0.004281491,1-1.5,0.00223881847447377
ETH,ET,Ethiopia,ET04,Oromia,ET0411,Bale,2026-08-17,0.004281491,1-1.5,0.00223881847447377
ETH,ET,Ethiopia,ET04,Oromia,ET0416,Buno Bedele,2026-08-17,0.004281491,1-1.5,0.00223881847447377
ETH,ET,Ethiopia,ET04,Oromia,ET0421,East Bale,2026-08-17,0.004281491,1-1.5,0.00223881847447377
ETH,ET,Ethiopia,ET04,Oromia,ET0412,Borena,2026-08-17,0.004281491,1-1.5,0.00223881847447377
ETH,ET,Ethiopia,ET04,Oromia,ET0419,Horo Gudru Wellega,2026-08-17,0.004281491,1-1.5,0.00223881847447377
ETH,ET,Ethiopia,ET04,Oromia,ET0417,West Arsi,2026-08-17,0.004281491,1-1.5,0.00223881847447377
ETH,ET,Ethiopia,ET04,Oromia,ET0413,South West Shewa,2026-08-17,0.004281491,1-1.5,0.00223881847447377
ETH,ET,Ethiopia,ET04,Oromia,ET0415,West Guji,2026-08-17,0.004281491,1-1.5,0.00223881847447377
ETH,ET,Ethiopia,ET04,Oromia,ET0414,Guji,2026-08-17,0.004281491,1-1.5,0.00223881847447377
ETH,ET,Ethiopia,ET04,Oromia,ET0420,Finfine Special,2026-08-17,0.004281491,1-1.5,0.00223881847447377
ETH,ET,Ethiopia,ET07,SNNP,ET0701,Guraghe,2026-08-17,0.0071834577,1-1.5,0.001090098260998605
ETH,ET,Ethiopia,ET07,SNNP,ET0724,Yem Special,2026-08-17,0.0071834577,1-1.5,0.001090098260998605
ETH,ET,Ethiopia,ET07,SNNP,ET0721,Amaro,2026-08-17,0.0071834577,1-1.5,0.001090098260998605
ETH,ET,Ethiopia,ET07,SNNP,ET0703,Kembata Tembaro,2026-08-17,0.0071834577,1-1.5,0.001090098260998605
ETH,ET,Ethiopia,ET07,SNNP,ET0710,Gamo,2026-08-17,0.0071834577,1-1.5,0.001090098260998605
ETH,ET,Ethiopia,ET07,SNNP,ET0720,Siltie,2026-08-17,0.0071834577,1-1.5,0.001090098260998605
ETH,ET,Ethiopia,ET07,SNNP,ET0715,Gofa,2026-08-17,0.0071834577,1-1.5,0.001090098260998605
ETH,ET,Ethiopia,ET07,SNNP,ET0713,Konso,2026-08-17,0.0071834577,1-1.5,0.001090098260998605
ETH,ET,Ethiopia,ET07,SNNP,ET0723,Derashe,2026-08-17,0.0071834577,1-1.5,0.001090098260998605
ETH,ET,Ethiopia,ET07,SNNP,ET0705,Gedeo,2026-08-17,0.0071834577,1-1.5,0.001090098260998605
ETH,ET,Ethiopia,ET07,SNNP,ET0706,Wolayita,2026-08-17,0.0071834577,1-1.5,0.001090098260998605
ETH,ET,Ethiopia,ET07,SNNP,ET0714,Halaba,2026-08-17,0.0071834577,1-1.5,0.001090098260998605
ETH,ET,Ethiopia,ET07,SNNP,ET0722,Burji,2026-08-17,0.0071834577,1-1.5,0.001090098260998605
ETH,ET,Ethiopia,ET07,SNNP,ET0707,South Omo,2026-08-17,0.0071834577,1-1.5,0.001090098260998605
ETH,ET,Ethiopia,ET07,SNNP,ET0702,Hadiya,2026-08-17,0.0071834577,1-1.5,0.001090098260998605
ETH,ET,Ethiopia,ET07,SNNP,ET0716,Basketo,2026-08-17,0.0071834577,1-1.5,0.001090098260998605
ETH,ET,Ethiopia,ET07,SNNP,ET0712,Alle,2026-08-17,0.0071834577,1-1.5,0.001090098260998605
ETH,ET,Ethiopia,ET15,Dire Dawa,ET1502,Dire Dawa rural,2026-08-17,0.0,1-1.5,1.038961024526295e-07
ETH,ET,Ethiopia,ET15,Dire Dawa,ET1501,Dire Dawa urban,2026-08-17,0.0,1-1.5,1.038961024526295e-07
ETH,ET,Ethiopia,ET06,Benishangul Gumz,ET0604,Kamashi,2026-08-17,0.02513168,>10,0.009139182696010422
ETH,ET,Ethiopia,ET06,Benishangul Gumz,ET0602,Metekel,2026-08-17,0.02513168,>10,0.009139182696010422
ETH,ET,Ethiopia,ET06,Benishangul Gumz,ET0605,Mao Komo Special,2026-08-17,0.02513168,>10,0.009139182696010422
ETH,ET,Ethiopia,ET06,Benishangul Gumz,ET0603,Assosa,2026-08-17,0.02513168,>10,0.009139182696010422
ETH,ET,Ethiopia,ET02,Afar,ET0201,Awsi /Zone 1,2026-08-17,0.0025324454,1-1.5,0.007814341351728548
ETH,ET,Ethiopia,ET02,Afar,ET0204,Fanti /Zone 4,2026-08-17,0.0025324454,1-1.5,0.007814341351728548
ETH,ET,Ethiopia,ET02,Afar,ET0205,Hari /Zone 5,2026-08-17,0.0025324454,1-1.5,0.007814341351728548
ETH,ET,Ethiopia,ET02,Afar,ET0202,Kilbati /Zone2,2026-08-17,0.0025324454,1-1.5,0.007814341351728548
ETH,ET,Ethiopia,ET02,Afar,ET0203,Gabi /Zone 3,2026-08-17,0.0025324454,1-1.5,0.007814341351728548
ETH,ET,Ethiopia,ET03,Amhara,ET0307,West Gojam,2026-08-17,0.0013527521,1-1.5,0.0003968755620879253
ETH,ET,Ethiopia,ET03,Amhara,ET0309,Awi,2026-08-17,0.0013527521,1-1.5,0.0003968755620879253
ETH,ET,Ethiopia,ET03,Amhara,ET0305,North Shewa (AM),2026-08-17,0.0013527521,1-1.5,0.0003968755620879253
ETH,ET,Ethiopia,ET03,Amhara,ET0302,South Gondar,2026-08-17,0.0013527521,1-1.5,0.0003968755620879253
ETH,ET,Ethiopia,ET03,Amhara,ET0312,West Gondar,2026-08-17,0.0013527521,1-1.5,0.0003968755620879253
ETH,ET,Ethiopia,ET03,Amhara,ET0310,Oromia,2026-08-17,0.0013527521,1-1.5,0.0003968755620879253
ETH,ET,Ethiopia,ET03,Amhara,ET0304,South Wello,2026-08-17,0.0013527521,1-1.5,0.0003968755620879253
ETH,ET,Ethiopia,ET03,Amhara,ET0301,North Gondar,2026-08-17,0.0013527521,1-1.5,0.0003968755620879253
ETH,ET,Ethiopia,ET03,Amhara,ET0311,Central Gondar,2026-08-17,0.0013527521,1-1.5,0.0003968755620879253
ETH,ET,Ethiopia,ET03,Amhara,ET0303,North Wello,2026-08-17,0.0013527521,1-1.5,0.0003968755620879253
ETH,ET,Ethiopia,ET03,Amhara,ET0308,Wag Hamra,2026-08-17,0.0013527521,1-1.5,0.0003968755620879253
ETH,ET,Ethiopia,ET03,Amhara,ET0306,East Gojam,2026-08-17,0.0013527521,1-1.5,0.0003968755620879253
ETH,ET,Ethiopia,ET12,Gambela,ET1202,Agnewak,2026-08-17,0.005956456,1-1.5,0.004833949331342327
ETH,ET,Ethiopia,ET12,Gambela,ET1204,Itang Special woreda,2026-08-17,0.005956456,1-1.5,0.004833949331342327
ETH,ET,Ethiopia,ET12,Gambela,ET1203,Majang,2026-08-17,0.005956456,1-1.5,0.004833949331342327
ETH,ET,Ethiopia,ET12,Gambela,ET1201,Nuwer,2026-08-17,0.005956456,1-1.5,0.004833949331342327
ETH,ET,Ethiopia,ET13,Harari,ET1301,Harari,2026-08-17,0.0,1-1.5,7.575757659982297e-08
ETH,ET,Ethiopia,ET14,Addis Ababa,ET1401,Region 14,2026-08-17,7.4999996e-05,1-1.5,8.653409384516471e-05
ETH,ET,Ethiopia,ET11,South West Ethiopia,ET1106,Konta Special,2026-08-17,0.0,1-1.5,0.0001483888656981559
ETH,ET,Ethiopia,ET11,South West Ethiopia,ET1105,Mirab Omo,2026-08-17,0.0,1-1.5,0.0001483888656981559
ETH,ET,Ethiopia,ET11,South West Ethiopia,ET1104,Dawuro,2026-08-17,0.0,1-1.5,0.0001483888656981559
ETH,ET,Ethiopia,ET11,South West Ethiopia,ET1101,Sheka,2026-08-17,0.0,1-1.5,0.0001483888656981559
ETH,ET,Ethiopia,ET11,South West Ethiopia,ET1103,Bench Sheko,2026-08-17,0.0,1-1.5,0.0001483888656981559
ETH,ET,Ethiopia,ET11,South West Ethiopia,ET1102,Kefa,2026-08-17,0.0,1-1.5,0.0001483888656981559
ETH,ET,Ethiopia,ET05,Somali,ET0510,Nogob,2026-08-17,9.824148e-09,1-1.5,0.0001799509863950358
ETH,ET,Ethiopia,ET05,Somali,ET0506,Shabelle,2026-08-17,9.824148e-09,1-1.5,0.0001799509863950358
ETH,ET,Ethiopia,ET05,Somali,ET0502,Fafan,2026-08-17,9.824148e-09,1-1.5,0.0001799509863950358
ETH,ET,Ethiopia,ET05,Somali,ET0503,Jarar,2026-08-17,9.824148e-09,1-1.5,0.0001799509863950358
ETH,ET,Ethiopia,ET05,Somali,ET0501,Siti,2026-08-17,9.824148e-09,1-1.5,0.0001799509863950358
ETH,ET,Ethiopia,ET05,Somali,ET0508,Afder,2026-08-17,9.824148e-09,1-1.5,0.0001799509863950358
ETH,ET,Ethiopia,ET05,Somali,ET0504,Erer,2026-08-17,9.824148e-09,1-1.5,0.0001799509863950358
ETH,ET,Ethiopia,ET05,Somali,ET0509,Liban,2026-08-17,9.824148e-09,1-1.5,0.0001799509863950358
ETH,ET,Ethiopia,ET05,Somali,ET0507,Doolo,2026-08-17,9.824148e-09,1-1.5,0.0001799509863950358
ETH,ET,Ethiopia,ET05,Somali,ET0505,Korahe,2026-08-17,9.824148e-09,1-1.5,0.0001799509863950358
ETH,ET,Ethiopia,ET05,Somali,ET0511,Daawa,2026-08-17,9.824148e-09,1-1.5,0.0001799509863950358
ETH,ET,Ethiopia,ET16,Sidama,ET1600,Sidama,2026-08-18,1.3513513e-06,1-1.5,1.464860893065634e-05
ETH,ET,Ethiopia,ET01,Tigray,ET0107,Mekelle,2026-08-18,0.0,1-1.5,0.000905146168189736
ETH,ET,Ethiopia,ET01,Tigray,ET0104,Southern,2026-08-18,0.0,1-1.5,0.000905146168189736
ETH,ET,Ethiopia,ET01,Tigray,ET0101,North Western,2026-08-18,0.0,1-1.5,0.000905146168189736
ETH,ET,Ethiopia,ET01,Tigray,ET0102,Central,2026-08-18,0.0,1-1.5,0.000905146168189736
ETH,ET,Ethiopia,ET01,Tigray,ET0105,Western,2026-08-18,0.0,1-1.5,0.000905146168189736
ETH,ET,Ethiopia,ET01,Tigray,ET0106,South Eastern,2026-08-18,0.0,1-1.5,0.000905146168189736
ETH,ET,Ethiopia,ET01,Tigray,ET0103,Eastern,2026-08-18,0.0,1-1.5,0.000905146168189736
ETH,ET,Ethiopia,ET04,Oromia,ET0404,Jimma,2026-08-18,0.004624969,1-1.5,0.002219713710523634
ETH,ET,Ethiopia,ET04,Oromia,ET0410,East Hararge,2026-08-18,0.004624969,1-1.5,0.002219713710523634
ETH,ET,Ethiopia,ET04,Oromia,ET0409,West Hararge,2026-08-18,0.004624969,1-1.5,0.002219713710523634
ETH,ET,Ethiopia,ET04,Oromia,ET0401,West Wellega,2026-08-18,0.004624969,1-1.5,0.002219713710523634
ETH,ET,Ethiopia,ET04,Oromia,ET0408,Arsi,2026-08-18,0.004624969,1-1.5,0.002219713710523634
ETH,ET,Ethiopia,ET04,Oromia,ET0403,Ilu Aba Bora,2026-08-18,0.004624969,1-1.5,0.002219713710523634
ETH,ET,Ethiopia,ET04,Oromia,ET0407,East Shewa,2026-08-18,0.004624969,1-1.5,0.002219713710523634
ETH,ET,Ethiopia,ET04,Oromia,ET0405,West Shewa,2026-08-18,0.004624969,1-1.5,0.002219713710523634
ETH,ET,Ethiopia,ET04,Oromia,ET0406,North Shewa (OR),2026-08-18,0.004624969,1-1.5,0.002219713710523634
ETH,ET,Ethiopia,ET04,Oromia,ET0402,East Wellega,2026-08-18,0.004624969,1-1.5,0.002219713710523634
ETH,ET,Ethiopia,ET04,Oromia,ET0418,Kelem Wellega,2026-08-18,0.004624969,1-1.5,0.002219713710523634
ETH,ET,Ethiopia,ET04,Oromia,ET0411,Bale,2026-08-18,0.004624969,1-1.5,0.002219713710523634
ETH,ET,Ethiopia,ET04,Oromia,ET0416,Buno Bedele,2026-08-18,0.004624969,1-1.5,0.002219713710523634
ETH,ET,Ethiopia,ET04,Oromia,ET0421,East Bale,2026-08-18,0.004624969,1-1.5,0.002219713710523634
ETH,ET,Ethiopia,ET04,Oromia,ET0412,Borena,2026-08-18,0.004624969,1-1.5,0.002219713710523634
ETH,ET,Ethiopia,ET04,Oromia,ET0419,Horo Gudru Wellega,2026-08-18,0.004624969,1-1.5,0.002219713710523634
ETH,ET,Ethiopia,ET04,Oromia,ET0417,West Arsi,2026-08-18,0.004624969,1-1.5,0.002219713710523634
ETH,ET,Ethiopia,ET04,Oromia,ET0413,South West Shewa,2026-08-18,0.004624969,1-1.5,0.002219713710523634
ETH,ET,Ethiopia,ET04,Oromia,ET0415,West Guji,2026-08-18,0.004624969,1-1.5,0.002219713710523634
ETH,ET,Ethiopia,ET04,Oromia,ET0414,Guji,2026-08-18,0.004624969,1-1.5,0.002219713710523634
ETH,ET,Ethiopia,ET04,Oromia,ET0420,Finfine Special,2026-08-18,0.004624969,1-1.5,0.002219713710523634
ETH,ET,Ethiopia,ET07,SNNP,ET0701,Guraghe,2026-08-18,0.0070856977,1-1.5,0.001092086257569298
ETH,ET,Ethiopia,ET07,SNNP,ET0724,Yem Special,2026-08-18,0.0070856977,1-1.5,0.001092086257569298
ETH,ET,Ethiopia,ET07,SNNP,ET0721,Amaro,2026-08-18,0.0070856977,1-1.5,0.001092086257569298
ETH,ET,Ethiopia,ET07,SNNP,ET0703,Kembata Tembaro,2026-08-18,0.0070856977,1-1.5,0.001092086257569298
ETH,ET,Ethiopia,ET07,SNNP,ET0710,Gamo,2026-08-18,0.0070856977,1-1.5,0.001092086257569298
ETH,ET,Ethiopia,ET07,SNNP,ET0720,Siltie,2026-08-18,0.0070856977,1-1.5,0.001092086257569298
ETH,ET,Ethiopia,ET07,SNNP,ET0715,Gofa,2026-08-18,0.0070856977,1-1.5,0.001092086257569298
ETH,ET,Ethiopia,ET07,SNNP,ET0713,Konso,2026-08-18,0.0070856977,1-1.5,0.001092086257569298
ETH,ET,Ethiopia,ET07,SNNP,ET0723,Derashe,2026-08-18,0.0070856977,1-1.5,0.001092086257569298
ETH,ET,Ethiopia,ET07,SNNP,ET0705,Gedeo,2026-08-18,0.0070856977,1-1.5,0.001092086257569298
ETH,ET,Ethiopia,ET07,SNNP,ET0706,Wolayita,2026-08-18,0.0070856977,1-1.5,0.001092086257569298
ETH,ET,Ethiopia,ET07,SNNP,ET0714,Halaba,2026-08-18,0.0070856977,1-1.5,0.001092086257569298
ETH,ET,Ethiopia,ET07,SNNP,ET0722,Burji,2026-08-18,0.0070856977,1-1.5,0.001092086257569298
ETH,ET,Ethiopia,ET07,SNNP,ET0707,South Omo,2026-08-18,0.0070856977,1-1.5,0.001092086257569298
ETH,ET,Ethiopia,ET07,SNNP,ET0702,Hadiya,2026-08-18,0.0070856977,1-1.5,0.001092086257569298
ETH,ET,Ethiopia,ET07,SNNP,ET0716,Basketo,2026-08-18,0.0070856977,1-1.5,0.001092086257569298
ETH,ET,Ethiopia,ET07,SNNP,ET0712,Alle,2026-08-18,0.0070856977,1-1.5,0.001092086257569298
ETH,ET,Ethiopia,ET15,Dire Dawa,ET1502,Dire Dawa rural,2026-08-18,0.0,1-1.5,1.038961024526295e-07
ETH,ET,Ethiopia,ET15,Dire Dawa,ET1501,Dire Dawa urban,2026-08-18,0.0,1-1.5,1.038961024526295e-07
ETH,ET,Ethiopia,ET06,Benishangul Gumz,ET0604,Kamashi,2026-08-18,0.025502365,>10,0.009154313355475356
ETH,ET,Ethiopia,ET06,Benishangul Gumz,ET0602,Metekel,2026-08-18,0.025502365,>10,0.009154313355475356
ETH,ET,Ethiopia,ET06,Benishangul Gumz,ET0605,Mao Komo Special,2026-08-18,0.025502365,>10,0.009154313355475356
ETH,ET,Ethiopia,ET06,Benishangul Gumz,ET0603,Assosa,2026-08-18,0.025502365,>10,0.009154313355475356
ETH,ET,Ethiopia,ET02,Afar,ET0201,Awsi /Zone 1,2026-08-18,0.0026644885,1-1.5,0.007637642339845612
ETH,ET,Ethiopia,ET02,Afar,ET0204,Fanti /Zone 4,2026-08-18,0.0026644885,1-1.5,0.007637642339845612
ETH,ET,Ethiopia,ET02,Afar,ET0205,Hari /Zone 5,2026-08-18,0.0026644885,1-1.5,0.007637642339845612
ETH,ET,Ethiopia,ET02,Afar,ET0202,Kilbati /Zone2,2026-08-18,0.0026644885,1-1.5,0.007637642339845612
ETH,ET,Ethiopia,ET02,Afar,ET0203,Gabi /Zone 3,2026-08-18,0.0026644885,1-1.5,0.007637642339845612
ETH,ET,Ethiopia,ET03,Amhara,ET0307,West Gojam,2026-08-18,0.0023214472,1-1.5,0.0003522904075087041
ETH,ET,Ethiopia,ET03,Amhara,ET0309,Awi,2026-08-18,0.0023214472,1-1.5,0.0003522904075087041
ETH,ET,Ethiopia,ET03,Amhara,ET0305,North Shewa (AM),2026-08-18,0.0023214472,1-1.5,0.0003522904075087041
ETH,ET,Ethiopia,ET03,Amhara,ET0302,South Gondar,2026-08-18,0.0023214472,1-1.5,0.0003522904075087041
ETH,ET,Ethiopia,ET03,Amhara,ET0312,West Gondar,2026-08-18,0.0023214472,1-1.5,0.0003522904075087041
ETH,ET,Ethiopia,ET03,Amhara,ET0310,Oromia,2026-08-18,0.0023214472,1-1.5,0.0003522904075087041
ETH,ET,Ethiopia,ET03,Amhara,ET0304,South Wello,2026-08-18,0.0023214472,1-1.5,0.0003522904075087041
ETH,ET,Ethiopia,ET03,Amhara,ET0301,North Gondar,2026-08-18,0.0023214472,1-1.5,0.0003522904075087041
ETH,ET,Ethiopia,ET03,Amhara,ET0311,Central Gondar,2026-08-18,0.0023214472,1-1.5,0.0003522904075087041
ETH,ET,Ethiopia,ET03,Amhara,ET0303,North Wello,2026-08-18,0.0023214472,1-1.5,0.0003522904075087041
ETH,ET,Ethiopia,ET03,Amhara,ET0308,Wag Hamra,2026-08-18,0.0023214472,1-1.5,0.0003522904075087041
ETH,ET,Ethiopia,ET03,Amhara,ET0306,East Gojam,2026-08-18,0.0023214472,1-1.5,0.0003522904075087041
ETH,ET,Ethiopia,ET12,Gambela,ET1202,Agnewak,2026-08-18,0.006174819,1-1.5,0.004818661575501954
ETH,ET,Ethiopia,ET12,Gambela,ET1204,Itang Special woreda,2026-08-18,0.006174819,1-1.5,0.004818661575501954
ETH,ET,Ethiopia,ET12,Gambela,ET1203,Majang,2026-08-18,0.006174819,1-1.5,0.004818661575501954
ETH,ET,Ethiopia,ET12,Gambela,ET1201,Nuwer,2026-08-18,0.006174819,1-1.5,0.004818661575501954
ETH,ET,Ethiopia,ET13,Harari,ET1301,Harari,2026-08-18,0.0,1-1.5,3.030303039188518e-06
ETH,ET,Ethiopia,ET14,Addis Ababa,ET1401,Region 14,2026-08-18,7.4999996e-05,1-1.5,8.886363924499494e-05
ETH,ET,Ethiopia,ET11,South West Ethiopia,ET1106,Konta Special,2026-08-18,0.0001480673,1-1.5,0.0001477146753344982
ETH,ET,Ethiopia,ET11,South West Ethiopia,ET1105,Mirab Omo,2026-08-18,0.0001480673,1-1.5,0.0001477146753344982
ETH,ET,Ethiopia,ET11,South West Ethiopia,ET1104,Dawuro,2026-08-18,0.0001480673,1-1.5,0.0001477146753344982
ETH,ET,Ethiopia,ET11,South West Ethiopia,ET1101,Sheka,2026-08-18,0.0001480673,1-1.5,0.0001477146753344982
ETH,ET,Ethiopia,ET11,South West Ethiopia,ET1103,Bench Sheko,2026-08-18,0.0001480673,1-1.5,0.0001477146753344982
ETH,ET,Ethiopia,ET11,South West Ethiopia,ET1102,Kefa,2026-08-18,0.0001480673,1-1.5,0.0001477146753344982
ETH,ET,Ethiopia,ET05,Somali,ET0510,Nogob,2026-08-18,2.657432e-05,1-1.5,0.000161936078019624
ETH,ET,Ethiopia,ET05,Somali,ET0506,Shabelle,2026-08-18,2.657432e-05,1-1.5,0.000161936078019624
ETH,ET,Ethiopia,ET05,Somali,ET0502,Fafan,2026-08-18,2.657432e-05,1-1.5,0.000161936078019624
ETH,ET,Ethiopia,ET05,Somali,ET0503,Jarar,2026-08-18,2.657432e-05,1-1.5,0.000161936078019624
ETH,ET,Ethiopia,ET05,Somali,ET0501,Siti,2026-08-18,2.657432e-05,1-1.5,0.000161936078019624
ETH,ET,Ethiopia,ET05,Somali,ET0508,Afder,2026-08-18,2.657432e-05,1-1.5,0.000161936078019624
ETH,ET,Ethiopia,ET05,Somali,ET0504,Erer,2026-08-18,2.657432e-05,1-1.5,0.000161936078019624
ETH,ET,Ethiopia,ET05,Somali,ET0509,Liban,2026-08-18,2.657432e-05,1-1.5,0.000161936078019624
ETH,ET,Ethiopia,ET05,Somali,ET0507,Doolo,2026-08-18,2.657432e-05,1-1.5,0.000161936078019624
ETH,ET,Ethiopia,ET05,Somali,ET0505,Korahe,2026-08-18,2.657432e-05,1-1.5,0.000161936078019624
ETH,ET,Ethiopia,ET05,Somali,ET0511,Daawa,2026-08-18,2.657432e-05,1-1.5,0.000161936078019624
ETH,ET,Ethiopia,ET16,Sidama,ET1600,Sidama,2026-08-19,9.00901e-06,1-1.5,1.464860893065634e-05
ETH,ET,Ethiopia,ET01,Tigray,ET0107,Mekelle,2026-08-19,0.0,1-1.5,0.0008266077315178548
ETH,ET,Ethiopia,ET01,Tigray,ET0104,Southern,2026-08-19,0.0,1-1.5,0.0008266077315178548
ETH,ET,Ethiopia,ET01,Tigray,ET0101,North Western,2026-08-19,0.0,1-1.5,0.0008266077315178548
ETH,ET,Ethiopia,ET01,Tigray,ET0102,Central,2026-08-19,0.0,1-1.5,0.0008266077315178548
ETH,ET,Ethiopia,ET01,Tigray,ET0105,Western,2026-08-19,0.0,1-1.5,0.0008266077315178548
ETH,ET,Ethiopia,ET01,Tigray,ET0106,South Eastern,2026-08-19,0.0,1-1.5,0.0008266077315178548
ETH,ET,Ethiopia,ET01,Tigray,ET0103,Eastern,2026-08-19,0.0,1-1.5,0.0008266077315178548
ETH,ET,Ethiopia,ET04,Oromia,ET0404,Jimma,2026-08-19,0.003974323,1-1.5,0.00221289502594366
ETH,ET,Ethiopia,ET04,Oromia,ET0410,East Hararge,2026-08-19,0.003974323,1-1.5,0.00221289502594366
ETH,ET,Ethiopia,ET04,Oromia,ET0409,West Hararge,2026-08-19,0.003974323,1-1.5,0.00221289502594366
ETH,ET,Ethiopia,ET04,Oromia,ET0401,West Wellega,2026-08-19,0.003974323,1-1.5,0.00221289502594366
ETH,ET,Ethiopia,ET04,Oromia,ET0408,Arsi,2026-08-19,0.003974323,1-1.5,0.00221289502594366
ETH,ET,Ethiopia,ET04,Oromia,ET0403,Ilu Aba Bora,2026-08-19,0.003974323,1-1.5,0.00221289502594366
ETH,ET,Ethiopia,ET04,Oromia,ET0407,East Shewa,2026-08-19,0.003974323,1-1.5,0.00221289502594366
ETH,ET,Ethiopia,ET04,Oromia,ET0405,West Shewa,2026-08-19,0.003974323,1-1.5,0.00221289502594366
ETH,ET,Ethiopia,ET04,Oromia,ET0406,North Shewa (OR),2026-08-19,0.003974323,1-1.5,0.00221289502594366
ETH,ET,Ethiopia,ET04,Oromia,ET0402,East Wellega,2026-08-19,0.003974323,1-1.5,0.00221289502594366
ETH,ET,Ethiopia,ET04,Oromia,ET0418,Kelem Wellega,2026-08-19,0.003974323,1-1.5,0.00221289502594366
ETH,ET,Ethiopia,ET04,Oromia,ET0411,Bale,2026-08-19,0.003974323,1-1.5,0.00221289502594366
ETH,ET,Ethiopia,ET04,Oromia,ET0416,Buno Bedele,2026-08-19,0.003974323,1-1.5,0.00221289502594366
ETH,ET,Ethiopia,ET04,Oromia,ET0421,East Bale,2026-08-19,0.003974323,1-1.5,0.00221289502594366
ETH,ET,Ethiopia,ET04,Oromia,ET0412,Borena,2026-08-19,0.003974323,1-1.5,0.00221289502594366
ETH,ET,Ethiopia,ET04,Oromia,ET0419,Horo Gudru Wellega,2026-08-19,0.003974323,1-1.5,0.00221289502594366
ETH,ET,Ethiopia,ET04,Oromia,ET0417,West Arsi,2026-08-19,0.003974323,1-1.5,0.00221289502594366
ETH,ET,Ethiopia,ET04,Oromia,ET0413,South West Shewa,2026-08-19,0.003974323,1-1.5,0.00221289502594366
ETH,ET,Ethiopia,ET04,Oromia,ET0415,West Guji,2026-08-19,0.003974323,1-1.5,0.00221289502594366
ETH,ET,Ethiopia,ET04,Oromia,ET0414,Guji,2026-08-19,0.003974323,1-1.5,0.00221289502594366
ETH,ET,Ethiopia,ET04,Oromia,ET0420,Finfine Special,2026-08-19,0.003974323,1-1.5,0.00221289502594366
ETH,ET,Ethiopia,ET07,SNNP,ET0701,Guraghe,2026-08-19,0.007037903,1-1.5,0.001104519259094807
ETH,ET,Ethiopia,ET07,SNNP,ET0724,Yem Special,2026-08-19,0.007037903,1-1.5,0.001104519259094807
ETH,ET,Ethiopia,ET07,SNNP,ET0721,Amaro,2026-08-19,0.007037903,1-1.5,0.001104519259094807
ETH,ET,Ethiopia,ET07,SNNP,ET0703,Kembata Tembaro,2026-08-19,0.007037903,1-1.5,0.001104519259094807
ETH,ET,Ethiopia,ET07,SNNP,ET0710,Gamo,2026-08-19,0.007037903,1-1.5,0.001104519259094807
ETH,ET,Ethiopia,ET07,SNNP,ET0720,Siltie,2026-08-19,0.007037903,1-1.5,0.001104519259094807
ETH,ET,Ethiopia,ET07,SNNP,ET0715,Gofa,2026-08-19,0.007037903,1-1.5,0.001104519259094807
ETH,ET,Ethiopia,ET07,SNNP,ET0713,Konso,2026-08-19,0.007037903,1-1.5,0.001104519259094807
ETH,ET,Ethiopia,ET07,SNNP,ET0723,Derashe,2026-08-19,0.007037903,1-1.5,0.001104519259094807
ETH,ET,Ethiopia,ET07,SNNP,ET0705,Gedeo,2026-08-19,0.007037903,1-1.5,0.001104519259094807
ETH,ET,Ethiopia,ET07,SNNP,ET0706,Wolayita,2026-08-19,0.007037903,1-1.5,0.001104519259094807
ETH,ET,Ethiopia,ET07,SNNP,ET0714,Halaba,2026-08-19,0.007037903,1-1.5,0.001104519259094807
ETH,ET,Ethiopia,ET07,SNNP,ET0722,Burji,2026-08-19,0.007037903,1-1.5,0.001104519259094807
ETH,ET,Ethiopia,ET07,SNNP,ET0707,South Omo,2026-08-19,0.007037903,1-1.5,0.001104519259094807
ETH,ET,Ethiopia,ET07,SNNP,ET0702,Hadiya,2026-08-19,0.007037903,1-1.5,0.001104519259094807
ETH,ET,Ethiopia,ET07,SNNP,ET0716,Basketo,2026-08-19,0.007037903,1-1.5,0.001104519259094807
ETH,ET,Ethiopia,ET07,SNNP,ET0712,Alle,2026-08-19,0.007037903,1-1.5,0.001104519259094807
ETH,ET,Ethiopia,ET15,Dire Dawa,ET1502,Dire Dawa rural,2026-08-19,0.0,1-1.5,0.0
ETH,ET,Ethiopia,ET15,Dire Dawa,ET1501,Dire Dawa urban,2026-08-19,0.0,1-1.5,0.0
ETH,ET,Ethiopia,ET06,Benishangul Gumz,ET0604,Kamashi,2026-08-19,0.024909286,>10,0.009101094167902281
ETH,ET,Ethiopia,ET06,Benishangul Gumz,ET0602,Metekel,2026-08-19,0.024909286,>10,0.009101094167902281
ETH,ET,Ethiopia,ET06,Benishangul Gumz,ET0605,Mao Komo Special,2026-08-19,0.024909286,>10,0.009101094167902281
ETH,ET,Ethiopia,ET06,Benishangul Gumz,ET0603,Assosa,2026-08-19,0.024909286,>10,0.009101094167902281
ETH,ET,Ethiopia,ET02,Afar,ET0201,Awsi /Zone 1,2026-08-19,0.0015106928,1-1.5,0.007444980949565599
ETH,ET,Ethiopia,ET02,Afar,ET0204,Fanti /Zone 4,2026-08-19,0.0015106928,1-1.5,0.007444980949565599
ETH,ET,Ethiopia,ET02,Afar,ET0205,Hari /Zone 5,2026-08-19,0.0015106928,1-1.5,0.007444980949565599
ETH,ET,Ethiopia,ET02,Afar,ET0202,Kilbati /Zone2,2026-08-19,0.0015106928,1-1.5,0.007444980949565599
ETH,ET,Ethiopia,ET02,Afar,ET0203,Gabi /Zone 3,2026-08-19,0.0015106928,1-1.5,0.007444980949565599
ETH,ET,Ethiopia,ET03,Amhara,ET0307,West Gojam,2026-08-19,0.00013515184,1-1.5,0.0003125232684501226
ETH,ET,Ethiopia,ET03,Amhara,ET0309,Awi,2026-08-19,0.00013515184,1-1.5,0.0003125232684501226
ETH,ET,Ethiopia,ET03,Amhara,ET0305,North Shewa (AM),2026-08-19,0.00013515184,1-1.5,0.0003125232684501226
ETH,ET,Ethiopia,ET03,Amhara,ET0302,South Gondar,2026-08-19,0.00013515184,1-1.5,0.0003125232684501226
ETH,ET,Ethiopia,ET03,Amhara,ET0312,West Gondar,2026-08-19,0.00013515184,1-1.5,0.0003125232684501226
ETH,ET,Ethiopia,ET03,Amhara,ET0310,Oromia,2026-08-19,0.00013515184,1-1.5,0.0003125232684501226
ETH,ET,Ethiopia,ET03,Amhara,ET0304,South Wello,2026-08-19,0.00013515184,1-1.5,0.0003125232684501226
ETH,ET,Ethiopia,ET03,Amhara,ET0301,North Gondar,2026-08-19,0.00013515184,1-1.5,0.0003125232684501226
ETH,ET,Ethiopia,ET03,Amhara,ET0311,Central Gondar,2026-08-19,0.00013515184,1-1.5,0.0003125232684501226
ETH,ET,Ethiopia,ET03,Amhara,ET0303,North Wello,2026-08-19,0.00013515184,1-1.5,0.0003125232684501226
ETH,ET,Ethiopia,ET03,Amhara,ET0308,Wag Hamra,2026-08-19,0.00013515184,1-1.5,0.0003125232684501226
ETH,ET,Ethiopia,ET03,Amhara,ET0306,East Gojam,2026-08-19,0.00013515184,1-1.5,0.0003125232684501226
ETH,ET,Ethiopia,ET12,Gambela,ET1202,Agnewak,2026-08-19,0.00577372,1-1.5,0.004803572265452452
ETH,ET,Ethiopia,ET12,Gambela,ET1204,Itang Special woreda,2026-08-19,0.00577372,1-1.5,0.004803572265452452
ETH,ET,Ethiopia,ET12,Gambela,ET1203,Majang,2026-08-19,0.00577372,1-1.5,0.004803572265452452
ETH,ET,Ethiopia,ET12,Gambela,ET1201,Nuwer,2026-08-19,0.00577372,1-1.5,0.004803572265452452
ETH,ET,Ethiopia,ET13,Harari,ET1301,Harari,2026-08-19,0.0,1-1.5,5.840909279868356e-05
ETH,ET,Ethiopia,ET14,Addis Ababa,ET1401,Region 14,2026-08-19,9.375001e-05,1-1.5,8.857954830587418e-05
ETH,ET,Ethiopia,ET11,South West Ethiopia,ET1106,Konta Special,2026-08-19,0.0,1-1.5,0.0001506069817311455
ETH,ET,Ethiopia,ET11,South West Ethiopia,ET1105,Mirab Omo,2026-08-19,0.0,1-1.5,0.0001506069817311455
ETH,ET,Ethiopia,ET11,South West Ethiopia,ET1104,Dawuro,2026-08-19,0.0,1-1.5,0.0001506069817311455
ETH,ET,Ethiopia,ET11,South West Ethiopia,ET1101,Sheka,2026-08-19,0.0,1-1.5,0.0001506069817311455
ETH,ET,Ethiopia,ET11,South West Ethiopia,ET1103,Bench Sheko,2026-08-19,0.0,1-1.5,0.0001506069817311455
ETH,ET,Ethiopia,ET11,South West Ethiopia,ET1102,Kefa,2026-08-19,0.0,1-1.5,0.0001506069817311455
ETH,ET,Ethiopia,ET05,Somali,ET0510,Nogob,2026-08-19,8.667257e-07,1-1.5,0.0001573014397310098
ETH,ET,Ethiopia,ET05,Somali,ET0506,Shabelle,2026-08-19,8.667257e-07,1-1.5,0.0001573014397310098
ETH,ET,Ethiopia,ET05,Somali,ET0502,Fafan,2026-08-19,8.667257e-07,1-1.5,0.0001573014397310098
ETH,ET,Ethiopia,ET05,Somali,ET0503,Jarar,2026-08-19,8.667257e-07,1-1.5,0.0001573014397310098
ETH,ET,Ethiopia,ET05,Somali,ET0501,Siti,2026-08-19,8.667257e-07,1-1.5,0.0001573014397310098
ETH,ET,Ethiopia,ET05,Somali,ET0508,Afder,2026-08-19,8.667257e-07,1-1.5,0.0001573014397310098
ETH,ET,Ethiopia,ET05,Somali,ET0504,Erer,2026-08-19,8.667257e-07,1-1.5,0.0001573014397310098
ETH,ET,Ethiopia,ET05,Somali,ET0509,Liban,2026-08-19,8.667257e-07,1-1.5,0.0001573014397310098
ETH,ET,Ethiopia,ET05,Somali,ET0507,Doolo,2026-08-19,8.667257e-07,1-1.5,0.0001573014397310098
ETH,ET,Ethiopia,ET05,Somali,ET0505,Korahe,2026-08-19,8.667257e-07,1-1.5,0.0001573014397310098
ETH,ET,Ethiopia,ET05,Somali,ET0511,Daawa,2026-08-19,8.667257e-07,1-1.5,0.0001573014397310098
ETH,ET,Ethiopia,ET16,Sidama,ET1600,Sidama,2026-08-20,0.0,1-1.5,1.466323220504571e-05
ETH,ET,Ethiopia,ET01,Tigray,ET0107,Mekelle,2026-08-20,0.0,1-1.5,0.0007149862594434741
ETH,ET,Ethiopia,ET01,Tigray,ET0104,Southern,2026-08-20,0.0,1-1.5,0.0007149862594434741
ETH,ET,Ethiopia,ET01,Tigray,ET0101,North Western,2026-08-20,0.0,1-1.5,0.0007149862594434741
ETH,ET,Ethiopia,ET01,Tigray,ET0102,Central,2026-08-20,0.0,1-1.5,0.0007149862594434741
ETH,ET,Ethiopia,ET01,Tigray,ET0105,Western,2026-08-20,0.0,1-1.5,0.0007149862594434741
ETH,ET,Ethiopia,ET01,Tigray,ET0106,South Eastern,2026-08-20,0.0,1-1.5,0.0007149862594434741
ETH,ET,Ethiopia,ET01,Tigray,ET0103,Eastern,2026-08-20,0.0,1-1.5,0.0007149862594434741
ETH,ET,Ethiopia,ET04,Oromia,ET0404,Jimma,2026-08-20,0.0038674783,1-1.5,0.00221123722043227
ETH,ET,Ethiopia,ET04,Oromia,ET0410,East Hararge,2026-08-20,0.0038674783,1-1.5,0.00221123722043227
ETH,ET,Ethiopia,ET04,Oromia,ET0409,West Hararge,2026-08-20,0.0038674783,1-1.5,0.00221123722043227
ETH,ET,Ethiopia,ET04,Oromia,ET0401,West Wellega,2026-08-20,0.0038674783,1-1.5,0.00221123722043227
ETH,ET,Ethiopia,ET04,Oromia,ET0408,Arsi,2026-08-20,0.0038674783,1-1.5,0.00221123722043227
ETH,ET,Ethiopia,ET04,Oromia,ET0403,Ilu Aba Bora,2026-08-20,0.0038674783,1-1.5,0.00221123722043227
ETH,ET,Ethiopia,ET04,Oromia,ET0407,East Shewa,2026-08-20,0.0038674783,1-1.5,0.00221123722043227
ETH,ET,Ethiopia,ET04,Oromia,ET0405,West Shewa,2026-08-20,0.0038674783,1-1.5,0.00221123722043227
ETH,ET,Ethiopia,ET04,Oromia,ET0406,North Shewa (OR),2026-08-20,0.0038674783,1-1.5,0.00221123722043227
ETH,ET,Ethiopia,ET04,Oromia,ET0402,East Wellega,2026-08-20,0.0038674783,1-1.5,0.00221123722043227
ETH,ET,Ethiopia,ET04,Oromia,ET0418,Kelem Wellega,2026-08-20,0.0038674783,1-1.5,0.00221123722043227
ETH,ET,Ethiopia,ET04,Oromia,ET0411,Bale,2026-08-20,0.0038674783,1-1.5,0.00221123722043227
ETH,ET,Ethiopia,ET04,Oromia,ET0416,Buno Bedele,2026-08-20,0.0038674783,1-1.5,0.00221123722043227
ETH,ET,Ethiopia,ET04,Oromia,ET0421,East Bale,2026-08-20,0.0038674783,1-1.5,0.00221123722043227
ETH,ET,Ethiopia,ET04,Oromia,ET0412,Borena,2026-08-20,0.0038674783,1-1.5,0.00221123722043227
ETH,ET,Ethiopia,ET04,Oromia,ET0419,Horo Gudru Wellega,2026-08-20,0.0038674783,1-1.5,0.00221123722043227
ETH,ET,Ethiopia,ET04,Oromia,ET0417,West Arsi,2026-08-20,0.0038674783,1-1.5,0.00221123722043227
ETH,ET,Ethiopia,ET04,Oromia,ET0413,South West Shewa,2026-08-20,0.0038674783,1-1.5,0.00221123722043227
ETH,ET,Ethiopia,ET04,Oromia,ET0415,West Guji,2026-08-20,0.0038674783,1-1.5,0.00221123722043227
ETH,ET,Ethiopia,ET04,Oromia,ET0414,Guji,2026-08-20,0.0038674783,1-1.5,0.00221123722043227
ETH,ET,Ethiopia,ET04,Oromia,ET0420,Finfine Special,2026-08-20,0.0038674783,1-1.5,0.00221123722043227
ETH,ET,Ethiopia,ET07,SNNP,ET0701,Guraghe,2026-08-20,0.007306057,1-1.5,0.001111076870872487
ETH,ET,Ethiopia,ET07,SNNP,ET0724,Yem Special,2026-08-20,0.007306057,1-1.5,0.001111076870872487
ETH,ET,Ethiopia,ET07,SNNP,ET0721,Amaro,2026-08-20,0.007306057,1-1.5,0.001111076870872487
ETH,ET,Ethiopia,ET07,SNNP,ET0703,Kembata Tembaro,2026-08-20,0.007306057,1-1.5,0.001111076870872487
ETH,ET,Ethiopia,ET07,SNNP,ET0710,Gamo,2026-08-20,0.007306057,1-1.5,0.001111076870872487
ETH,ET,Ethiopia,ET07,SNNP,ET0720,Siltie,2026-08-20,0.007306057,1-1.5,0.001111076870872487
ETH,ET,Ethiopia,ET07,SNNP,ET0715,Gofa,2026-08-20,0.007306057,1-1.5,0.001111076870872487
ETH,ET,Ethiopia,ET07,SNNP,ET0713,Konso,2026-08-20,0.007306057,1-1.5,0.001111076870872487
ETH,ET,Ethiopia,ET07,SNNP,ET0723,Derashe,2026-08-20,0.007306057,1-1.5,0.001111076870872487
ETH,ET,Ethiopia,ET07,SNNP,ET0705,Gedeo,2026-08-20,0.007306057,1-1.5,0.001111076870872487
ETH,ET,Ethiopia,ET07,SNNP,ET0706,Wolayita,2026-08-20,0.007306057,1-1.5,0.001111076870872487
ETH,ET,Ethiopia,ET07,SNNP,ET0714,Halaba,2026-08-20,0.007306057,1-1.5,0.001111076870872487
ETH,ET,Ethiopia,ET07,SNNP,ET0722,Burji,2026-08-20,0.007306057,1-1.5,0.001111076870872487
ETH,ET,Ethiopia,ET07,SNNP,ET0707,South Omo,2026-08-20,0.007306057,1-1.5,0.001111076870872487
ETH,ET,Ethiopia,ET07,SNNP,ET0702,Hadiya,2026-08-20,0.007306057,1-1.5,0.001111076870872487
ETH,ET,Ethiopia,ET07,SNNP,ET0716,Basketo,2026-08-20,0.007306057,1-1.5,0.001111076870872487
ETH,ET,Ethiopia,ET07,SNNP,ET0712,Alle,2026-08-20,0.007306057,1-1.5,0.001111076870872487
ETH,ET,Ethiopia,ET15,Dire Dawa,ET1502,Dire Dawa rural,2026-08-20,0.0,1-1.5,0.0
ETH,ET,Ethiopia,ET15,Dire Dawa,ET1501,Dire Dawa urban,2026-08-20,0.0,1-1.5,0.0
ETH,ET,Ethiopia,ET06,Benishangul Gumz,ET0604,Kamashi,2026-08-20,0.025080398,>10,0.009108085811645721
ETH,ET,Ethiopia,ET06,Benishangul Gumz,ET0602,Metekel,2026-08-20,0.025080398,>10,0.009108085811645721
ETH,ET,Ethiopia,ET06,Benishangul Gumz,ET0605,Mao Komo Special,2026-08-20,0.025080398,>10,0.009108085811645721
ETH,ET,Ethiopia,ET06,Benishangul Gumz,ET0603,Assosa,2026-08-20,0.025080398,>10,0.009108085811645721
ETH,ET,Ethiopia,ET02,Afar,ET0201,Awsi /Zone 1,2026-08-20,0.0010076801,1-1.5,0.007238841519839216
ETH,ET,Ethiopia,ET02,Afar,ET0204,Fanti /Zone 4,2026-08-20,0.0010076801,1-1.5,0.007238841519839216
ETH,ET,Ethiopia,ET02,Afar,ET0205,Hari /Zone 5,2026-08-20,0.0010076801,1-1.5,0.007238841519839216
ETH,ET,Ethiopia,ET02,Afar,ET0202,Kilbati /Zone2,2026-08-20,0.0010076801,1-1.5,0.007238841519839216
ETH,ET,Ethiopia,ET02,Afar,ET0203,Gabi /Zone 3,2026-08-20,0.0010076801,1-1.5,0.007238841519839216
ETH,ET,Ethiopia,ET03,Amhara,ET0307,West Gojam,2026-08-20,3.7464888e-05,1-1.5,0.0002673524375491419
ETH,ET,Ethiopia,ET03,Amhara,ET0309,Awi,2026-08-20,3.7464888e-05,1-1.5,0.0002673524375491419
ETH,ET,Ethiopia,ET03,Amhara,ET0305,North Shewa (AM),2026-08-20,3.7464888e-05,1-1.5,0.0002673524375491419
ETH,ET,Ethiopia,ET03,Amhara,ET0302,South Gondar,2026-08-20,3.7464888e-05,1-1.5,0.0002673524375491419
ETH,ET,Ethiopia,ET03,Amhara,ET0312,West Gondar,2026-08-20,3.7464888e-05,1-1.5,0.0002673524375491419
ETH,ET,Ethiopia,ET03,Amhara,ET0310,Oromia,2026-08-20,3.7464888e-05,1-1.5,0.0002673524375491419
ETH,ET,Ethiopia,ET03,Amhara,ET0304,South Wello,2026-08-20,3.7464888e-05,1-1.5,0.0002673524375491419
ETH,ET,Ethiopia,ET03,Amhara,ET0301,North Gondar,2026-08-20,3.7464888e-05,1-1.5,0.0002673524375491419
ETH,ET,Ethiopia,ET03,Amhara,ET0311,Central Gondar,2026-08-20,3.7464888e-05,1-1.5,0.0002673524375491419
ETH,ET,Ethiopia,ET03,Amhara,ET0303,North Wello,2026-08-20,3.7464888e-05,1-1.5,0.0002673524375491419
ETH,ET,Ethiopia,ET03,Amhara,ET0308,Wag Hamra,2026-08-20,3.7464888e-05,1-1.5,0.0002673524375491419
ETH,ET,Ethiopia,ET03,Amhara,ET0306,East Gojam,2026-08-20,3.7464888e-05,1-1.5,0.0002673524375491419
ETH,ET,Ethiopia,ET12,Gambela,ET1202,Agnewak,2026-08-20,0.005460769,1-1.5,0.004878129627534441
ETH,ET,Ethiopia,ET12,Gambela,ET1204,Itang Special woreda,2026-08-20,0.005460769,1-1.5,0.004878129627534441
ETH,ET,Ethiopia,ET12,Gambela,ET1203,Majang,2026-08-20,0.005460769,1-1.5,0.004878129627534441
ETH,ET,Ethiopia,ET12,Gambela,ET1201,Nuwer,2026-08-20,0.005460769,1-1.5,0.004878129627534441
ETH,ET,Ethiopia,ET13,Harari,ET1301,Harari,2026-08-20,0.0,1-1.5,0.0001459090923245557
ETH,ET,Ethiopia,ET14,Addis Ababa,ET1401,Region 14,2026-08-20,9.375001e-05,1-1.5,9.102273004579978e-05
ETH,ET,Ethiopia,ET11,South West Ethiopia,ET1106,Konta Special,2026-08-20,0.0,1-1.5,0.0001638544936888954
ETH,ET,Ethiopia,ET11,South West Ethiopia,ET1105,Mirab Omo,2026-08-20,0.0,1-1.5,0.0001638544936888954
ETH,ET,Ethiopia,ET11,South West Ethiopia,ET1104,Dawuro,2026-08-20,0.0,1-1.5,0.0001638544936888954
ETH,ET,Ethiopia,ET11,South West Ethiopia,ET1101,Sheka,2026-08-20,0.0,1-1.5,0.0001638544936888954
ETH,ET,Ethiopia,ET11,South West Ethiopia,ET1103,Bench Sheko,2026-08-20,0.0,1-1.5,0.0001638544936888954
ETH,ET,Ethiopia,ET11,South West Ethiopia,ET1102,Kefa,2026-08-20,0.0,1-1.5,0.0001638544936888954
ETH,ET,Ethiopia,ET05,Somali,ET0510,Nogob,2026-08-20,9.063772e-07,1-1.5,0.0001510495791090931
ETH,ET,Ethiopia,ET05,Somali,ET0506,Shabelle,2026-08-20,9.063772e-07,1-1.5,0.0001510495791090931
ETH,ET,Ethiopia,ET05,Somali,ET0502,Fafan,2026-08-20,9.063772e-07,1-1.5,0.0001510495791090931
ETH,ET,Ethiopia,ET05,Somali,ET0503,Jarar,2026-08-20,9.063772e-07,1-1.5,0.0001510495791090931
ETH,ET,Ethiopia,ET05,Somali,ET0501,Siti,2026-08-20,9.063772e-07,1-1.5,0.0001510495791090931
ETH,ET,Ethiopia,ET05,Somali,ET0508,Afder,2026-08-20,9.063772e-07,1-1.5,0.0001510495791090931
ETH,ET,Ethiopia,ET05,Somali,ET0504,Erer,2026-08-20,9.063772e-07,1-1.5,0.0001510495791090931
ETH,ET,Ethiopia,ET05,Somali,ET0509,Liban,2026-08-20,9.063772e-07,1-1.5,0.0001510495791090931
ETH,ET,Ethiopia,ET05,Somali,ET0507,Doolo,2026-08-20,9.063772e-07,1-1.5,0.0001510495791090931
ETH,ET,Ethiopia,ET05,Somali,ET0505,Korahe,2026-08-20,9.063772e-07,1-1.5,0.0001510495791090931
ETH,ET,Ethiopia,ET05,Somali,ET0511,Daawa,2026-08-20,9.063772e-07,1-1.5,0.0001510495791090931
ETH,ET,Ethiopia,ET16,Sidama,ET1600,Sidama,2026-08-21,0.0,1-1.5,1.053468869465426e-05
ETH,ET,Ethiopia,ET01,Tigray,ET0107,Mekelle,2026-08-21,0.0,1-1.5,0.0006189095153122796
ETH,ET,Ethiopia,ET01,Tigray,ET0104,Southern,2026-08-21,0.0,1-1.5,0.0006189095153122796
ETH,ET,Ethiopia,ET01,Tigray,ET0101,North Western,2026-08-21,0.0,1-1.5,0.0006189095153122796
ETH,ET,Ethiopia,ET01,Tigray,ET0102,Central,2026-08-21,0.0,1-1.5,0.0006189095153122796
ETH,ET,Ethiopia,ET01,Tigray,ET0105,Western,2026-08-21,0.0,1-1.5,0.0006189095153122796
ETH,ET,Ethiopia,ET01,Tigray,ET0106,South Eastern,2026-08-21,0.0,1-1.5,0.0006189095153122796
ETH,ET,Ethiopia,ET01,Tigray,ET0103,Eastern,2026-08-21,0.0,1-1.5,0.0006189095153122796
ETH,ET,Ethiopia,ET04,Oromia,ET0404,Jimma,2026-08-21,0.0039498527,1-1.5,0.002201369918078522
ETH,ET,Ethiopia,ET04,Oromia,ET0410,East Hararge,2026-08-21,0.0039498527,1-1.5,0.002201369918078522
ETH,ET,Ethiopia,ET04,Oromia,ET0409,West Hararge,2026-08-21,0.0039498527,1-1.5,0.002201369918078522
ETH,ET,Ethiopia,ET04,Oromia,ET0401,West Wellega,2026-08-21,0.0039498527,1-1.5,0.002201369918078522
ETH,ET,Ethiopia,ET04,Oromia,ET0408,Arsi,2026-08-21,0.0039498527,1-1.5,0.002201369918078522
ETH,ET,Ethiopia,ET04,Oromia,ET0403,Ilu Aba Bora,2026-08-21,0.0039498527,1-1.5,0.002201369918078522
ETH,ET,Ethiopia,ET04,Oromia,ET0407,East Shewa,2026-08-21,0.0039498527,1-1.5,0.002201369918078522
ETH,ET,Ethiopia,ET04,Oromia,ET0405,West Shewa,2026-08-21,0.0039498527,1-1.5,0.002201369918078522
ETH,ET,Ethiopia,ET04,Oromia,ET0406,North Shewa (OR),2026-08-21,0.0039498527,1-1.5,0.002201369918078522
ETH,ET,Ethiopia,ET04,Oromia,ET0402,East Wellega,2026-08-21,0.0039498527,1-1.5,0.002201369918078522
ETH,ET,Ethiopia,ET04,Oromia,ET0418,Kelem Wellega,2026-08-21,0.0039498527,1-1.5,0.002201369918078522
ETH,ET,Ethiopia,ET04,Oromia,ET0411,Bale,2026-08-21,0.0039498527,1-1.5,0.002201369918078522
ETH,ET,Ethiopia,ET04,Oromia,ET0416,Buno Bedele,2026-08-21,0.0039498527,1-1.5,0.002201369918078522
ETH,ET,Ethiopia,ET04,Oromia,ET0421,East Bale,2026-08-21,0.0039498527,1-1.5,0.002201369918078522
ETH,ET,Ethiopia,ET04,Oromia,ET0412,Borena,2026-08-21,0.0039498527,1-1.5,0.002201369918078522
ETH,ET,Ethiopia,ET04,Oromia,ET0419,Horo Gudru Wellega,2026-08-21,0.0039498527,1-1.5,0.002201369918078522
ETH,ET,Ethiopia,ET04,Oromia,ET0417,West Arsi,2026-08-21,0.0039498527,1-1.5,0.002201369918078522
ETH,ET,Ethiopia,ET04,Oromia,ET0413,South West Shewa,2026-08-21,0.0039498527,1-1.5,0.002201369918078522
ETH,ET,Ethiopia,ET04,Oromia,ET0415,West Guji,2026-08-21,0.0039498527,1-1.5,0.002201369918078522
ETH,ET,Ethiopia,ET04,Oromia,ET0414,Guji,2026-08-21,0.0039498527,1-1.5,0.002201369918078522
ETH,ET,Ethiopia,ET04,Oromia,ET0420,Finfine Special,2026-08-21,0.0039498527,1-1.5,0.002201369918078522
ETH,ET,Ethiopia,ET07,SNNP,ET0701,Guraghe,2026-08-21,0.006923283,1-1.5,0.001099052483521684
ETH,ET,Ethiopia,ET07,SNNP,ET0724,Yem Special,2026-08-21,0.006923283,1-1.5,0.001099052483521684
ETH,ET,Ethiopia,ET07,SNNP,ET0721,Amaro,2026-08-21,0.006923283,1-1.5,0.001099052483521684
ETH,ET,Ethiopia,ET07,SNNP,ET0703,Kembata Tembaro,2026-08-21,0.006923283,1-1.5,0.001099052483521684
ETH,ET,Ethiopia,ET07,SNNP,ET0710,Gamo,2026-08-21,0.006923283,1-1.5,0.001099052483521684
ETH,ET,Ethiopia,ET07,SNNP,ET0720,Siltie,2026-08-21,0.006923283,1-1.5,0.001099052483521684
ETH,ET,Ethiopia,ET07,SNNP,ET0715,Gofa,2026-08-21,0.006923283,1-1.5,0.001099052483521684
ETH,ET,Ethiopia,ET07,SNNP,ET0713,Konso,2026-08-21,0.006923283,1-1.5,0.001099052483521684
ETH,ET,Ethiopia,ET07,SNNP,ET0723,Derashe,2026-08-21,0.006923283,1-1.5,0.001099052483521684
ETH,ET,Ethiopia,ET07,SNNP,ET0705,Gedeo,2026-08-21,0.006923283,1-1.5,0.001099052483521684
ETH,ET,Ethiopia,ET07,SNNP,ET0706,Wolayita,2026-08-21,0.006923283,1-1.5,0.001099052483521684
ETH,ET,Ethiopia,ET07,SNNP,ET0714,Halaba,2026-08-21,0.006923283,1-1.5,0.001099052483521684
ETH,ET,Ethiopia,ET07,SNNP,ET0722,Burji,2026-08-21,0.006923283,1-1.5,0.001099052483521684
ETH,ET,Ethiopia,ET07,SNNP,ET0707,South Omo,2026-08-21,0.006923283,1-1.5,0.001099052483521684
ETH,ET,Ethiopia,ET07,SNNP,ET0702,Hadiya,2026-08-21,0.006923283,1-1.5,0.001099052483521684
ETH,ET,Ethiopia,ET07,SNNP,ET0716,Basketo,2026-08-21,0.006923283,1-1.5,0.001099052483521684
ETH,ET,Ethiopia,ET07,SNNP,ET0712,Alle,2026-08-21,0.006923283,1-1.5,0.001099052483521684
ETH,ET,Ethiopia,ET15,Dire Dawa,ET1502,Dire Dawa rural,2026-08-21,0.0,1-1.5,0.0
ETH,ET,Ethiopia,ET15,Dire Dawa,ET1501,Dire Dawa urban,2026-08-21,0.0,1-1.5,0.0
ETH,ET,Ethiopia,ET06,Benishangul Gumz,ET0604,Kamashi,2026-08-21,0.024152156,>10,0.009179681176067593
ETH,ET,Ethiopia,ET06,Benishangul Gumz,ET0602,Metekel,2026-08-21,0.024152156,>10,0.009179681176067593
ETH,ET,Ethiopia,ET06,Benishangul Gumz,ET0605,Mao Komo Special,2026-08-21,0.024152156,>10,0.009179681176067593
ETH,ET,Ethiopia,ET06,Benishangul Gumz,ET0603,Assosa,2026-08-21,0.024152156,>10,0.009179681176067593
ETH,ET,Ethiopia,ET02,Afar,ET0201,Awsi /Zone 1,2026-08-21,0.0011590084,1-1.5,0.00714122189198282
ETH,ET,Ethiopia,ET02,Afar,ET0204,Fanti /Zone 4,2026-08-21,0.0011590084,1-1.5,0.00714122189198282
ETH,ET,Ethiopia,ET02,Afar,ET0205,Hari /Zone 5,2026-08-21,0.0011590084,1-1.5,0.00714122189198282
ETH,ET,Ethiopia,ET02,Afar,ET0202,Kilbati /Zone2,2026-08-21,0.0011590084,1-1.5,0.00714122189198282
ETH,ET,Ethiopia,ET02,Afar,ET0203,Gabi /Zone 3,2026-08-21,0.0011590084,1-1.5,0.00714122189198282
ETH,ET,Ethiopia,ET03,Amhara,ET0307,West Gojam,2026-08-21,7.905138e-08,1-1.5,0.0002085354656905736
ETH,ET,Ethiopia,ET03,Amhara,ET0309,Awi,2026-08-21,7.905138e-08,1-1.5,0.0002085354656905736
ETH,ET,Ethiopia,ET03,Amhara,ET0305,North Shewa (AM),2026-08-21,7.905138e-08,1-1.5,0.0002085354656905736
ETH,ET,Ethiopia,ET03,Amhara,ET0302,South Gondar,2026-08-21,7.905138e-08,1-1.5,0.0002085354656905736
ETH,ET,Ethiopia,ET03,Amhara,ET0312,West Gondar,2026-08-21,7.905138e-08,1-1.5,0.0002085354656905736
ETH,ET,Ethiopia,ET03,Amhara,ET0310,Oromia,2026-08-21,7.905138e-08,1-1.5,0.0002085354656905736
ETH,ET,Ethiopia,ET03,Amhara,ET0304,South Wello,2026-08-21,7.905138e-08,1-1.5,0.0002085354656905736
ETH,ET,Ethiopia,ET03,Amhara,ET0301,North Gondar,2026-08-21,7.905138e-08,1-1.5,0.0002085354656905736
ETH,ET,Ethiopia,ET03,Amhara,ET0311,Central Gondar,2026-08-21,7.905138e-08,1-1.5,0.0002085354656905736
ETH,ET,Ethiopia,ET03,Amhara,ET0303,North Wello,2026-08-21,7.905138e-08,1-1.5,0.0002085354656905736
ETH,ET,Ethiopia,ET03,Amhara,ET0308,Wag Hamra,2026-08-21,7.905138e-08,1-1.5,0.0002085354656905736
ETH,ET,Ethiopia,ET03,Amhara,ET0306,East Gojam,2026-08-21,7.905138e-08,1-1.5,0.0002085354656905736
ETH,ET,Ethiopia,ET12,Gambela,ET1202,Agnewak,2026-08-21,0.0050481413,1-1.5,0.004922158845213497
ETH,ET,Ethiopia,ET12,Gambela,ET1204,Itang Special woreda,2026-08-21,0.0050481413,1-1.5,0.004922158845213497
ETH,ET,Ethiopia,ET12,Gambela,ET1203,Majang,2026-08-21,0.0050481413,1-1.5,0.004922158845213497
ETH,ET,Ethiopia,ET12,Gambela,ET1201,Nuwer,2026-08-21,0.0050481413,1-1.5,0.004922158845213497
ETH,ET,Ethiopia,ET13,Harari,ET1301,Harari,2026-08-21,0.0,1-1.5,0.0001459090923245557
ETH,ET,Ethiopia,ET14,Addis Ababa,ET1401,Region 14,2026-08-21,9.375001e-05,1-1.5,9.005682079325859e-05
ETH,ET,Ethiopia,ET11,South West Ethiopia,ET1106,Konta Special,2026-08-21,0.0,1-1.5,0.0001695770517938203
ETH,ET,Ethiopia,ET11,South West Ethiopia,ET1105,Mirab Omo,2026-08-21,0.0,1-1.5,0.0001695770517938203
ETH,ET,Ethiopia,ET11,South West Ethiopia,ET1104,Dawuro,2026-08-21,0.0,1-1.5,0.0001695770517938203
ETH,ET,Ethiopia,ET11,South West Ethiopia,ET1101,Sheka,2026-08-21,0.0,1-1.5,0.0001695770517938203
ETH,ET,Ethiopia,ET11,South West Ethiopia,ET1103,Bench Sheko,2026-08-21,0.0,1-1.5,0.0001695770517938203
ETH,ET,Ethiopia,ET11,South West Ethiopia,ET1102,Kefa,2026-08-21,0.0,1-1.5,0.0001695770517938203
ETH,ET,Ethiopia,ET05,Somali,ET0510,Nogob,2026-08-21,9.653221e-07,1-1.5,0.0001475477835551767
ETH,ET,Ethiopia,ET05,Somali,ET0506,Shabelle,2026-08-21,9.653221e-07,1-1.5,0.0001475477835551767
ETH,ET,Ethiopia,ET05,Somali,ET0502,Fafan,2026-08-21,9.653221e-07,1-1.5,0.0001475477835551767
ETH,ET,Ethiopia,ET05,Somali,ET0503,Jarar,2026-08-21,9.653221e-07,1-1.5,0.0001475477835551767
ETH,ET,Ethiopia,ET05,Somali,ET0501,Siti,2026-08-21,9.653221e-07,1-1.5,0.0001475477835551767
ETH,ET,Ethiopia,ET05,Somali,ET0508,Afder,2026-08-21,9.653221e-07,1-1.5,0.0001475477835551767
ETH,ET,Ethiopia,ET05,Somali,ET0504,Erer,2026-08-21,9.653221e-07,1-1.5,0.0001475477835551767
ETH,ET,Ethiopia,ET05,Somali,ET0509,Liban,2026-08-21,9.653221e-07,1-1.5,0.0001475477835551767
ETH,ET,Ethiopia,ET05,Somali,ET0507,Doolo,2026-08-21,9.653221e-07,1-1.5,0.0001475477835551767
ETH,ET,Ethiopia,ET05,Somali,ET0505,Korahe,2026-08-21,9.653221e-07,1-1.5,0.0001475477835551767
ETH,ET,Ethiopia,ET05,Somali,ET0511,Daawa,2026-08-21,9.653221e-07,1-1.5,0.0001475477835551767
ETH,ET,Ethiopia,ET16,Sidama,ET1600,Sidama,2026-08-22,0.0,1-1.5,7.741895971817444e-06
ETH,ET,Ethiopia,ET01,Tigray,ET0107,Mekelle,2026-08-22,0.0,1-1.5,0.0004917304030387531
ETH,ET,Ethiopia,ET01,Tigray,ET0104,Southern,2026-08-22,0.0,1-1.5,0.0004917304030387531
ETH,ET,Ethiopia,ET01,Tigray,ET0101,North Western,2026-08-22,0.0,1-1.5,0.0004917304030387531
ETH,ET,Ethiopia,ET01,Tigray,ET0102,Central,2026-08-22,0.0,1-1.5,0.0004917304030387531
ETH,ET,Ethiopia,ET01,Tigray,ET0105,Western,2026-08-22,0.0,1-1.5,0.0004917304030387531
ETH,ET,Ethiopia,ET01,Tigray,ET0106,South Eastern,2026-08-22,0.0,1-1.5,0.0004917304030387531
ETH,ET,Ethiopia,ET01,Tigray,ET0103,Eastern,2026-08-22,0.0,1-1.5,0.0004917304030387531
ETH,ET,Ethiopia,ET04,Oromia,ET0404,Jimma,2026-08-22,0.0038237795,1-1.5,0.002203753348757428
ETH,ET,Ethiopia,ET04,Oromia,ET0410,East Hararge,2026-08-22,0.0038237795,1-1.5,0.002203753348757428
ETH,ET,Ethiopia,ET04,Oromia,ET0409,West Hararge,2026-08-22,0.0038237795,1-1.5,0.002203753348757428
ETH,ET,Ethiopia,ET04,Oromia,ET0401,West Wellega,2026-08-22,0.0038237795,1-1.5,0.002203753348757428
ETH,ET,Ethiopia,ET04,Oromia,ET0408,Arsi,2026-08-22,0.0038237795,1-1.5,0.002203753348757428
ETH,ET,Ethiopia,ET04,Oromia,ET0403,Ilu Aba Bora,2026-08-22,0.0038237795,1-1.5,0.002203753348757428
ETH,ET,Ethiopia,ET04,Oromia,ET0407,East Shewa,2026-08-22,0.0038237795,1-1.5,0.002203753348757428
ETH,ET,Ethiopia,ET04,Oromia,ET0405,West Shewa,2026-08-22,0.0038237795,1-1.5,0.002203753348757428
ETH,ET,Ethiopia,ET04,Oromia,ET0406,North Shewa (OR),2026-08-22,0.0038237795,1-1.5,0.002203753348757428
ETH,ET,Ethiopia,ET04,Oromia,ET0402,East Wellega,2026-08-22,0.0038237795,1-1.5,0.002203753348757428
ETH,ET,Ethiopia,ET04,Oromia,ET0418,Kelem Wellega,2026-08-22,0.0038237795,1-1.5,0.002203753348757428
ETH,ET,Ethiopia,ET04,Oromia,ET0411,Bale,2026-08-22,0.0038237795,1-1.5,0.002203753348757428
ETH,ET,Ethiopia,ET04,Oromia,ET0416,Buno Bedele,2026-08-22,0.0038237795,1-1.5,0.002203753348757428
ETH,ET,Ethiopia,ET04,Oromia,ET0421,East Bale,2026-08-22,0.0038237795,1-1.5,0.002203753348757428
ETH,ET,Ethiopia,ET04,Oromia,ET0412,Borena,2026-08-22,0.0038237795,1-1.5,0.002203753348757428
ETH,ET,Ethiopia,ET04,Oromia,ET0419,Horo Gudru Wellega,2026-08-22,0.0038237795,1-1.5,0.002203753348757428
ETH,ET,Ethiopia,ET04,Oromia,ET0417,West Arsi,2026-08-22,0.0038237795,1-1.5,0.002203753348757428
ETH,ET,Ethiopia,ET04,Oromia,ET0413,South West Shewa,2026-08-22,0.0038237795,1-1.5,0.002203753348757428
ETH,ET,Ethiopia,ET04,Oromia,ET0415,West Guji,2026-08-22,0.0038237795,1-1.5,0.002203753348757428
ETH,ET,Ethiopia,ET04,Oromia,ET0414,Guji,2026-08-22,0.0038237795,1-1.5,0.002203753348757428
ETH,ET,Ethiopia,ET04,Oromia,ET0420,Finfine Special,2026-08-22,0.0038237795,1-1.5,0.002203753348757428
ETH,ET,Ethiopia,ET07,SNNP,ET0701,Guraghe,2026-08-22,0.008460284,1-1.5,0.001094263123245169
ETH,ET,Ethiopia,ET07,SNNP,ET0724,Yem Special,2026-08-22,0.008460284,1-1.5,0.001094263123245169
ETH,ET,Ethiopia,ET07,SNNP,ET0721,Amaro,2026-08-22,0.008460284,1-1.5,0.001094263123245169
ETH,ET,Ethiopia,ET07,SNNP,ET0703,Kembata Tembaro,2026-08-22,0.008460284,1-1.5,0.001094263123245169
ETH,ET,Ethiopia,ET07,SNNP,ET0710,Gamo,2026-08-22,0.008460284,1-1.5,0.001094263123245169
ETH,ET,Ethiopia,ET07,SNNP,ET0720,Siltie,2026-08-22,0.008460284,1-1.5,0.001094263123245169
ETH,ET,Ethiopia,ET07,SNNP,ET0715,Gofa,2026-08-22,0.008460284,1-1.5,0.001094263123245169
ETH,ET,Ethiopia,ET07,SNNP,ET0713,Konso,2026-08-22,0.008460284,1-1.5,0.001094263123245169
ETH,ET,Ethiopia,ET07,SNNP,ET0723,Derashe,2026-08-22,0.008460284,1-1.5,0.001094263123245169
ETH,ET,Ethiopia,ET07,SNNP,ET0705,Gedeo,2026-08-22,0.008460284,1-1.5,0.001094263123245169
ETH,ET,Ethiopia,ET07,SNNP,ET0706,Wolayita,2026-08-22,0.008460284,1-1.5,0.001094263123245169
ETH,ET,Ethiopia,ET07,SNNP,ET0714,Halaba,2026-08-22,0.008460284,1-1.5,0.001094263123245169
ETH,ET,Ethiopia,ET07,SNNP,ET0722,Burji,2026-08-22,0.008460284,1-1.5,0.001094263123245169
ETH,ET,Ethiopia,ET07,SNNP,ET0707,South Omo,2026-08-22,0.008460284,1-1.5,0.001094263123245169
ETH,ET,Ethiopia,ET07,SNNP,ET0702,Hadiya,2026-08-22,0.008460284,1-1.5,0.001094263123245169
ETH,ET,Ethiopia,ET07,SNNP,ET0716,Basketo,2026-08-22,0.008460284,1-1.5,0.001094263123245169
ETH,ET,Ethiopia,ET07,SNNP,ET0712,Alle,2026-08-22,0.008460284,1-1.5,0.001094263123245169
ETH,ET,Ethiopia,ET15,Dire Dawa,ET1502,Dire Dawa rural,2026-08-22,0.0,1-1.5,0.0
ETH,ET,Ethiopia,ET15,Dire Dawa,ET1501,Dire Dawa urban,2026-08-22,0.0,1-1.5,0.0
ETH,ET,Ethiopia,ET06,Benishangul Gumz,ET0604,Kamashi,2026-08-22,0.024323383,>10,0.009235660326532464
ETH,ET,Ethiopia,ET06,Benishangul Gumz,ET0602,Metekel,2026-08-22,0.024323383,>10,0.009235660326532464
ETH,ET,Ethiopia,ET06,Benishangul Gumz,ET0605,Mao Komo Special,2026-08-22,0.024323383,>10,0.009235660326532464
ETH,ET,Ethiopia,ET06,Benishangul Gumz,ET0603,Assosa,2026-08-22,0.024323383,>10,0.009235660326532464
ETH,ET,Ethiopia,ET02,Afar,ET0201,Awsi /Zone 1,2026-08-22,0.0017657578,1-1.5,0.006940852132604712
ETH,ET,Ethiopia,ET02,Afar,ET0204,Fanti /Zone 4,2026-08-22,0.0017657578,1-1.5,0.006940852132604712
ETH,ET,Ethiopia,ET02,Afar,ET0205,Hari /Zone 5,2026-08-22,0.0017657578,1-1.5,0.006940852132604712
ETH,ET,Ethiopia,ET02,Afar,ET0202,Kilbati /Zone2,2026-08-22,0.0017657578,1-1.5,0.006940852132604712
ETH,ET,Ethiopia,ET02,Afar,ET0203,Gabi /Zone 3,2026-08-22,0.0017657578,1-1.5,0.006940852132604712
ETH,ET,Ethiopia,ET03,Amhara,ET0307,West Gojam,2026-08-22,4.434721e-05,1-1.5,0.000164718357869957
ETH,ET,Ethiopia,ET03,Amhara,ET0309,Awi,2026-08-22,4.434721e-05,1-1.5,0.000164718357869957
ETH,ET,Ethiopia,ET03,Amhara,ET0305,North Shewa (AM),2026-08-22,4.434721e-05,1-1.5,0.000164718357869957
ETH,ET,Ethiopia,ET03,Amhara,ET0302,South Gondar,2026-08-22,4.434721e-05,1-1.5,0.000164718357869957
ETH,ET,Ethiopia,ET03,Amhara,ET0312,West Gondar,2026-08-22,4.434721e-05,1-1.5,0.000164718357869957
ETH,ET,Ethiopia,ET03,Amhara,ET0310,Oromia,2026-08-22,4.434721e-05,1-1.5,0.000164718357869957
ETH,ET,Ethiopia,ET03,Amhara,ET0304,South Wello,2026-08-22,4.434721e-05,1-1.5,0.000164718357869957
ETH,ET,Ethiopia,ET03,Amhara,ET0301,North Gondar,2026-08-22,4.434721e-05,1-1.5,0.000164718357869957
ETH,ET,Ethiopia,ET03,Amhara,ET0311,Central Gondar,2026-08-22,4.434721e-05,1-1.5,0.000164718357869957
ETH,ET,Ethiopia,ET03,Amhara,ET0303,North Wello,2026-08-22,4.434721e-05,1-1.5,0.000164718357869957
ETH,ET,Ethiopia,ET03,Amhara,ET0308,Wag Hamra,2026-08-22,4.434721e-05,1-1.5,0.000164718357869957
ETH,ET,Ethiopia,ET03,Amhara,ET0306,East Gojam,2026-08-22,4.434721e-05,1-1.5,0.000164718357869957
ETH,ET,Ethiopia,ET12,Gambela,ET1202,Agnewak,2026-08-22,0.0051096953,1-1.5,0.004969929622232238
ETH,ET,Ethiopia,ET12,Gambela,ET1204,Itang Special woreda,2026-08-22,0.0051096953,1-1.5,0.004969929622232238
ETH,ET,Ethiopia,ET12,Gambela,ET1203,Majang,2026-08-22,0.0051096953,1-1.5,0.004969929622232238
ETH,ET,Ethiopia,ET12,Gambela,ET1201,Nuwer,2026-08-22,0.0051096953,1-1.5,0.004969929622232238
ETH,ET,Ethiopia,ET13,Harari,ET1301,Harari,2026-08-22,0.0,1-1.5,0.0001459848499011555
ETH,ET,Ethiopia,ET14,Addis Ababa,ET1401,Region 14,2026-08-22,9.375001e-05,1-1.5,8.937500272788219e-05
ETH,ET,Ethiopia,ET11,South West Ethiopia,ET1106,Konta Special,2026-08-22,0.0,1-1.5,0.0001764664212108807
ETH,ET,Ethiopia,ET11,South West Ethiopia,ET1105,Mirab Omo,2026-08-22,0.0,1-1.5,0.0001764664212108807
ETH,ET,Ethiopia,ET11,South West Ethiopia,ET1104,Dawuro,2026-08-22,0.0,1-1.5,0.0001764664212108807
ETH,ET,Ethiopia,ET11,South West Ethiopia,ET1101,Sheka,2026-08-22,0.0,1-1.5,0.0001764664212108807
ETH,ET,Ethiopia,ET11,South West Ethiopia,ET1103,Bench Sheko,2026-08-22,0.0,1-1.5,0.0001764664212108807
ETH,ET,Ethiopia,ET11,South West Ethiopia,ET1102,Kefa,2026-08-22,0.0,1-1.5,0.0001764664212108807
ETH,ET,Ethiopia,ET05,Somali,ET0510,Nogob,2026-08-22,0.0,1-1.5,0.0001520525079414964
ETH,ET,Ethiopia,ET05,Somali,ET0506,Shabelle,2026-08-22,0.0,1-1.5,0.0001520525079414964
ETH,ET,Ethiopia,ET05,Somali,ET0502,Fafan,2026-08-22,0.0,1-1.5,0.0001520525079414964
ETH,ET,Ethiopia,ET05,Somali,ET0503,Jarar,2026-08-22,0.0,1-1.5,0.0001520525079414964
ETH,ET,Ethiopia,ET05,Somali,ET0501,Siti,2026-08-22,0.0,1-1.5,0.0001520525079414964
ETH,ET,Ethiopia,ET05,Somali,ET0508,Afder,2026-08-22,0.0,1-1.5,0.0001520525079414964
ETH,ET,Ethiopia,ET05,Somali,ET0504,Erer,2026-08-22,0.0,1-1.5,0.0001520525079414964
ETH,ET,Ethiopia,ET05,Somali,ET0509,Liban,2026-08-22,0.0,1-1.5,0.0001520525079414964
ETH,ET,Ethiopia,ET05,Somali,ET0507,Doolo,2026-08-22,0.0,1-1.5,0.0001520525079414964
ETH,ET,Ethiopia,ET05,Somali,ET0505,Korahe,2026-08-22,0.0,1-1.5,0.0001520525079414964
ETH,ET,Ethiopia,ET05,Somali,ET0511,Daawa,2026-08-22,0.0,1-1.5,0.0001520525079414964
ETH,ET,Ethiopia,ET16,Sidama,ET1600,Sidama,2026-08-23,0.0,1-1.5,7.741895971817444e-06
ETH,ET,Ethiopia,ET01,Tigray,ET0107,Mekelle,2026-08-23,0.0,1-1.5,0.0004066867678254482
ETH,ET,Ethiopia,ET01,Tigray,ET0104,Southern,2026-08-23,0.0,1-1.5,0.0004066867678254482
ETH,ET,Ethiopia,ET01,Tigray,ET0101,North Western,2026-08-23,0.0,1-1.5,0.0004066867678254482
ETH,ET,Ethiopia,ET01,Tigray,ET0102,Central,2026-08-23,0.0,1-1.5,0.0004066867678254482
ETH,ET,Ethiopia,ET01,Tigray,ET0105,Western,2026-08-23,0.0,1-1.5,0.0004066867678254482
ETH,ET,Ethiopia,ET01,Tigray,ET0106,South Eastern,2026-08-23,0.0,1-1.5,0.0004066867678254482
ETH,ET,Ethiopia,ET01,Tigray,ET0103,Eastern,2026-08-23,0.0,1-1.5,0.0004066867678254482
ETH,ET,Ethiopia,ET04,Oromia,ET0404,Jimma,2026-08-23,0.0039589084,1-1.5,0.002195528072876517
ETH,ET,Ethiopia,ET04,Oromia,ET0410,East Hararge,2026-08-23,0.0039589084,1-1.5,0.002195528072876517
ETH,ET,Ethiopia,ET04,Oromia,ET0409,West Hararge,2026-08-23,0.0039589084,1-1.5,0.002195528072876517
ETH,ET,Ethiopia,ET04,Oromia,ET0401,West Wellega,2026-08-23,0.0039589084,1-1.5,0.002195528072876517
ETH,ET,Ethiopia,ET04,Oromia,ET0408,Arsi,2026-08-23,0.0039589084,1-1.5,0.002195528072876517
ETH,ET,Ethiopia,ET04,Oromia,ET0403,Ilu Aba Bora,2026-08-23,0.0039589084,1-1.5,0.002195528072876517
ETH,ET,Ethiopia,ET04,Oromia,ET0407,East Shewa,2026-08-23,0.0039589084,1-1.5,0.002195528072876517
ETH,ET,Ethiopia,ET04,Oromia,ET0405,West Shewa,2026-08-23,0.0039589084,1-1.5,0.002195528072876517
ETH,ET,Ethiopia,ET04,Oromia,ET0406,North Shewa (OR),2026-08-23,0.0039589084,1-1.5,0.002195528072876517
ETH,ET,Ethiopia,ET04,Oromia,ET0402,East Wellega,2026-08-23,0.0039589084,1-1.5,0.002195528072876517
ETH,ET,Ethiopia,ET04,Oromia,ET0418,Kelem Wellega,2026-08-23,0.0039589084,1-1.5,0.002195528072876517
ETH,ET,Ethiopia,ET04,Oromia,ET0411,Bale,2026-08-23,0.0039589084,1-1.5,0.002195528072876517
ETH,ET,Ethiopia,ET04,Oromia,ET0416,Buno Bedele,2026-08-23,0.0039589084,1-1.5,0.002195528072876517
ETH,ET,Ethiopia,ET04,Oromia,ET0421,East Bale,2026-08-23,0.0039589084,1-1.5,0.002195528072876517
ETH,ET,Ethiopia,ET04,Oromia,ET0412,Borena,2026-08-23,0.0039589084,1-1.5,0.002195528072876517
ETH,ET,Ethiopia,ET04,Oromia,ET0419,Horo Gudru Wellega,2026-08-23,0.0039589084,1-1.5,0.002195528072876517
ETH,ET,Ethiopia,ET04,Oromia,ET0417,West Arsi,2026-08-23,0.0039589084,1-1.5,0.002195528072876517
ETH,ET,Ethiopia,ET04,Oromia,ET0413,South West Shewa,2026-08-23,0.0039589084,1-1.5,0.002195528072876517
ETH,ET,Ethiopia,ET04,Oromia,ET0415,West Guji,2026-08-23,0.0039589084,1-1.5,0.002195528072876517
ETH,ET,Ethiopia,ET04,Oromia,ET0414,Guji,2026-08-23,0.0039589084,1-1.5,0.002195528072876517
ETH,ET,Ethiopia,ET04,Oromia,ET0420,Finfine Special,2026-08-23,0.0039589084,1-1.5,0.002195528072876517
ETH,ET,Ethiopia,ET07,SNNP,ET0701,Guraghe,2026-08-23,0.008410528,1-1.5,0.001107973155806328
ETH,ET,Ethiopia,ET07,SNNP,ET0724,Yem Special,2026-08-23,0.008410528,1-1.5,0.001107973155806328
ETH,ET,Ethiopia,ET07,SNNP,ET0721,Amaro,2026-08-23,0.008410528,1-1.5,0.001107973155806328
ETH,ET,Ethiopia,ET07,SNNP,ET0703,Kembata Tembaro,2026-08-23,0.008410528,1-1.5,0.001107973155806328
ETH,ET,Ethiopia,ET07,SNNP,ET0710,Gamo,2026-08-23,0.008410528,1-1.5,0.001107973155806328
ETH,ET,Ethiopia,ET07,SNNP,ET0720,Siltie,2026-08-23,0.008410528,1-1.5,0.001107973155806328
ETH,ET,Ethiopia,ET07,SNNP,ET0715,Gofa,2026-08-23,0.008410528,1-1.5,0.001107973155806328
ETH,ET,Ethiopia,ET07,SNNP,ET0713,Konso,2026-08-23,0.008410528,1-1.5,0.001107973155806328
ETH,ET,Ethiopia,ET07,SNNP,ET0723,Derashe,2026-08-23,0.008410528,1-1.5,0.001107973155806328
ETH,ET,Ethiopia,ET07,SNNP,ET0705,Gedeo,2026-08-23,0.008410528,1-1.5,0.001107973155806328
ETH,ET,Ethiopia,ET07,SNNP,ET0706,Wolayita,2026-08-23,0.008410528,1-1.5,0.001107973155806328
ETH,ET,Ethiopia,ET07,SNNP,ET0714,Halaba,2026-08-23,0.008410528,1-1.5,0.001107973155806328
ETH,ET,Ethiopia,ET07,SNNP,ET0722,Burji,2026-08-23,0.008410528,1-1.5,0.001107973155806328
ETH,ET,Ethiopia,ET07,SNNP,ET0707,South Omo,2026-08-23,0.008410528,1-1.5,0.001107973155806328
ETH,ET,Ethiopia,ET07,SNNP,ET0702,Hadiya,2026-08-23,0.008410528,1-1.5,0.001107973155806328
ETH,ET,Ethiopia,ET07,SNNP,ET0716,Basketo,2026-08-23,0.008410528,1-1.5,0.001107973155806328
ETH,ET,Ethiopia,ET07,SNNP,ET0712,Alle,2026-08-23,0.008410528,1-1.5,0.001107973155806328
ETH,ET,Ethiopia,ET15,Dire Dawa,ET1502,Dire Dawa rural,2026-08-23,0.0,1-1.5,0.0
ETH,ET,Ethiopia,ET15,Dire Dawa,ET1501,Dire Dawa urban,2026-08-23,0.0,1-1.5,0.0
ETH,ET,Ethiopia,ET06,Benishangul Gumz,ET0604,Kamashi,2026-08-23,0.025559213,>10,0.009323450070697637
ETH,ET,Ethiopia,ET06,Benishangul Gumz,ET0602,Metekel,2026-08-23,0.025559213,>10,0.009323450070697637
ETH,ET,Ethiopia,ET06,Benishangul Gumz,ET0605,Mao Komo Special,2026-08-23,0.025559213,>10,0.009323450070697637
ETH,ET,Ethiopia,ET06,Benishangul Gumz,ET0603,Assosa,2026-08-23,0.025559213,>10,0.009323450070697637
ETH,ET,Ethiopia,ET02,Afar,ET0201,Awsi /Zone 1,2026-08-23,0.0050251307,1-1.5,0.006667761182655919
ETH,ET,Ethiopia,ET02,Afar,ET0204,Fanti /Zone 4,2026-08-23,0.0050251307,1-1.5,0.006667761182655919
ETH,ET,Ethiopia,ET02,Afar,ET0205,Hari /Zone 5,2026-08-23,0.0050251307,1-1.5,0.006667761182655919
ETH,ET,Ethiopia,ET02,Afar,ET0202,Kilbati /Zone2,2026-08-23,0.0050251307,1-1.5,0.006667761182655919
ETH,ET,Ethiopia,ET02,Afar,ET0203,Gabi /Zone 3,2026-08-23,0.0050251307,1-1.5,0.006667761182655919
ETH,ET,Ethiopia,ET03,Amhara,ET0307,West Gojam,2026-08-23,6.3709886e-05,1-1.5,0.0001478905863192185
ETH,ET,Ethiopia,ET03,Amhara,ET0309,Awi,2026-08-23,6.3709886e-05,1-1.5,0.0001478905863192185
ETH,ET,Ethiopia,ET03,Amhara,ET0305,North Shewa (AM),2026-08-23,6.3709886e-05,1-1.5,0.0001478905863192185
ETH,ET,Ethiopia,ET03,Amhara,ET0302,South Gondar,2026-08-23,6.3709886e-05,1-1.5,0.0001478905863192185
ETH,ET,Ethiopia,ET03,Amhara,ET0312,West Gondar,2026-08-23,6.3709886e-05,1-1.5,0.0001478905863192185
ETH,ET,Ethiopia,ET03,Amhara,ET0310,Oromia,2026-08-23,6.3709886e-05,1-1.5,0.0001478905863192185
ETH,ET,Ethiopia,ET03,Amhara,ET0304,South Wello,2026-08-23,6.3709886e-05,1-1.5,0.0001478905863192185
ETH,ET,Ethiopia,ET03,Amhara,ET0301,North Gondar,2026-08-23,6.3709886e-05,1-1.5,0.0001478905863192185
ETH,ET,Ethiopia,ET03,Amhara,ET0311,Central Gondar,2026-08-23,6.3709886e-05,1-1.5,0.0001478905863192185
ETH,ET,Ethiopia,ET03,Amhara,ET0303,North Wello,2026-08-23,6.3709886e-05,1-1.5,0.0001478905863192185
ETH,ET,Ethiopia,ET03,Amhara,ET0308,Wag Hamra,2026-08-23,6.3709886e-05,1-1.5,0.0001478905863192185
ETH,ET,Ethiopia,ET03,Amhara,ET0306,East Gojam,2026-08-23,6.3709886e-05,1-1.5,0.0001478905863192185
ETH,ET,Ethiopia,ET12,Gambela,ET1202,Agnewak,2026-08-23,0.005247209,1-1.5,0.00504781734409996
ETH,ET,Ethiopia,ET12,Gambela,ET1204,Itang Special woreda,2026-08-23,0.005247209,1-1.5,0.00504781734409996
ETH,ET,Ethiopia,ET12,Gambela,ET1203,Majang,2026-08-23,0.005247209,1-1.5,0.00504781734409996
ETH,ET,Ethiopia,ET12,Gambela,ET1201,Nuwer,2026-08-23,0.005247209,1-1.5,0.00504781734409996
ETH,ET,Ethiopia,ET13,Harari,ET1301,Harari,2026-08-23,0.0,1-1.5,0.0001459848499011555
ETH,ET,Ethiopia,ET14,Addis Ababa,ET1401,Region 14,2026-08-23,9.375001e-05,1-1.5,8.857954841335992e-05
ETH,ET,Ethiopia,ET11,South West Ethiopia,ET1106,Konta Special,2026-08-23,0.0,1-1.5,0.0001830966713654902
ETH,ET,Ethiopia,ET11,South West Ethiopia,ET1105,Mirab Omo,2026-08-23,0.0,1-1.5,0.0001830966713654902
ETH,ET,Ethiopia,ET11,South West Ethiopia,ET1104,Dawuro,2026-08-23,0.0,1-1.5,0.0001830966713654902
ETH,ET,Ethiopia,ET11,South West Ethiopia,ET1101,Sheka,2026-08-23,0.0,1-1.5,0.0001830966713654902
ETH,ET,Ethiopia,ET11,South West Ethiopia,ET1103,Bench Sheko,2026-08-23,0.0,1-1.5,0.0001830966713654902
ETH,ET,Ethiopia,ET11,South West Ethiopia,ET1102,Kefa,2026-08-23,0.0,1-1.5,0.0001830966713654902
ETH,ET,Ethiopia,ET05,Somali,ET0510,Nogob,2026-08-23,8.203164e-06,1-1.5,0.0001442053983122804
ETH,ET,Ethiopia,ET05,Somali,ET0506,Shabelle,2026-08-23,8.203164e-06,1-1.5,0.0001442053983122804
ETH,ET,Ethiopia,ET05,Somali,ET0502,Fafan,2026-08-23,8.203164e-06,1-1.5,0.0001442053983122804
ETH,ET,Ethiopia,ET05,Somali,ET0503,Jarar,2026-08-23,8.203164e-06,1-1.5,0.0001442053983122804
ETH,ET,Ethiopia,ET05,Somali,ET0501,Siti,2026-08-23,8.203164e-06,1-1.5,0.0001442053983122804
ETH,ET,Ethiopia,ET05,Somali,ET0508,Afder,2026-08-23,8.203164e-06,1-1.5,0.0001442053983122804
ETH,ET,Ethiopia,ET05,Somali,ET0504,Erer,2026-08-23,8.203164e-06,1-1.5,0.0001442053983122804
ETH,ET,Ethiopia,ET05,Somali,ET0509,Liban,2026-08-23,8.203164e-06,1-1.5,0.0001442053983122804
ETH,ET,Ethiopia,ET05,Somali,ET0507,Doolo,2026-08-23,8.203164e-06,1-1.5,0.0001442053983122804
ETH,ET,Ethiopia,ET05,Somali,ET0505,Korahe,2026-08-23,8.203164e-06,1-1.5,0.0001442053983122804
ETH,ET,Ethiopia,ET05,Somali,ET0511,Daawa,2026-08-23,8.203164e-06,1-1.5,0.0001442053983122804
ETH,ET,Ethiopia,ET16,Sidama,ET1600,Sidama,2026-08-24,0.0,1-1.5,7.741895971817444e-06
ETH,ET,Ethiopia,ET01,Tigray,ET0107,Mekelle,2026-08-24,0.0,1-1.5,0.0003536319609906322
ETH,ET,Ethiopia,ET01,Tigray,ET0104,Southern,2026-08-24,0.0,1-1.5,0.0003536319609906322
ETH,ET,Ethiopia,ET01,Tigray,ET0101,North Western,2026-08-24,0.0,1-1.5,0.0003536319609906322
ETH,ET,Ethiopia,ET01,Tigray,ET0102,Central,2026-08-24,0.0,1-1.5,0.0003536319609906322
ETH,ET,Ethiopia,ET01,Tigray,ET0105,Western,2026-08-24,0.0,1-1.5,0.0003536319609906322
ETH,ET,Ethiopia,ET01,Tigray,ET0106,South Eastern,2026-08-24,0.0,1-1.5,0.0003536319609906322
ETH,ET,Ethiopia,ET01,Tigray,ET0103,Eastern,2026-08-24,0.0,1-1.5,0.0003536319609906322
ETH,ET,Ethiopia,ET04,Oromia,ET0404,Jimma,2026-08-24,0.0038972849,1-1.5,0.002186701202828606
ETH,ET,Ethiopia,ET04,Oromia,ET0410,East Hararge,2026-08-24,0.0038972849,1-1.5,0.002186701202828606
ETH,ET,Ethiopia,ET04,Oromia,ET0409,West Hararge,2026-08-24,0.0038972849,1-1.5,0.002186701202828606
ETH,ET,Ethiopia,ET04,Oromia,ET0401,West Wellega,2026-08-24,0.0038972849,1-1.5,0.002186701202828606
ETH,ET,Ethiopia,ET04,Oromia,ET0408,Arsi,2026-08-24,0.0038972849,1-1.5,0.002186701202828606
ETH,ET,Ethiopia,ET04,Oromia,ET0403,Ilu Aba Bora,2026-08-24,0.0038972849,1-1.5,0.002186701202828606
ETH,ET,Ethiopia,ET04,Oromia,ET0407,East Shewa,2026-08-24,0.0038972849,1-1.5,0.002186701202828606
ETH,ET,Ethiopia,ET04,Oromia,ET0405,West Shewa,2026-08-24,0.0038972849,1-1.5,0.002186701202828606
ETH,ET,Ethiopia,ET04,Oromia,ET0406,North Shewa (OR),2026-08-24,0.0038972849,1-1.5,0.002186701202828606
ETH,ET,Ethiopia,ET04,Oromia,ET0402,East Wellega,2026-08-24,0.0038972849,1-1.5,0.002186701202828606
ETH,ET,Ethiopia,ET04,Oromia,ET0418,Kelem Wellega,2026-08-24,0.0038972849,1-1.5,0.002186701202828606
ETH,ET,Ethiopia,ET04,Oromia,ET0411,Bale,2026-08-24,0.0038972849,1-1.5,0.002186701202828606
ETH,ET,Ethiopia,ET04,Oromia,ET0416,Buno Bedele,2026-08-24,0.0038972849,1-1.5,0.002186701202828606
ETH,ET,Ethiopia,ET04,Oromia,ET0421,East Bale,2026-08-24,0.0038972849,1-1.5,0.002186701202828606
ETH,ET,Ethiopia,ET04,Oromia,ET0412,Borena,2026-08-24,0.0038972849,1-1.5,0.002186701202828606
ETH,ET,Ethiopia,ET04,Oromia,ET0419,Horo Gudru Wellega,2026-08-24,0.0038972849,1-1.5,0.002186701202828606
ETH,ET,Ethiopia,ET04,Oromia,ET0417,West Arsi,2026-08-24,0.0038972849,1-1.5,0.002186701202828606
ETH,ET,Ethiopia,ET04,Oromia,ET0413,South West Shewa,2026-08-24,0.0038972849,1-1.5,0.002186701202828606
ETH,ET,Ethiopia,ET04,Oromia,ET0415,West Guji,2026-08-24,0.0038972849,1-1.5,0.002186701202828606
ETH,ET,Ethiopia,ET04,Oromia,ET0414,Guji,2026-08-24,0.0038972849,1-1.5,0.002186701202828606
ETH,ET,Ethiopia,ET04,Oromia,ET0420,Finfine Special,2026-08-24,0.0038972849,1-1.5,0.002186701202828606
ETH,ET,Ethiopia,ET07,SNNP,ET0701,Guraghe,2026-08-24,0.009025403,1-1.5,0.001110410522762157
ETH,ET,Ethiopia,ET07,SNNP,ET0724,Yem Special,2026-08-24,0.009025403,1-1.5,0.001110410522762157
ETH,ET,Ethiopia,ET07,SNNP,ET0721,Amaro,2026-08-24,0.009025403,1-1.5,0.001110410522762157
ETH,ET,Ethiopia,ET07,SNNP,ET0703,Kembata Tembaro,2026-08-24,0.009025403,1-1.5,0.001110410522762157
ETH,ET,Ethiopia,ET07,SNNP,ET0710,Gamo,2026-08-24,0.009025403,1-1.5,0.001110410522762157
ETH,ET,Ethiopia,ET07,SNNP,ET0720,Siltie,2026-08-24,0.009025403,1-1.5,0.001110410522762157
ETH,ET,Ethiopia,ET07,SNNP,ET0715,Gofa,2026-08-24,0.009025403,1-1.5,0.001110410522762157
ETH,ET,Ethiopia,ET07,SNNP,ET0713,Konso,2026-08-24,0.009025403,1-1.5,0.001110410522762157
ETH,ET,Ethiopia,ET07,SNNP,ET0723,Derashe,2026-08-24,0.009025403,1-1.5,0.001110410522762157
ETH,ET,Ethiopia,ET07,SNNP,ET0705,Gedeo,2026-08-24,0.009025403,1-1.5,0.001110410522762157
ETH,ET,Ethiopia,ET07,SNNP,ET0706,Wolayita,2026-08-24,0.009025403,1-1.5,0.001110410522762157
ETH,ET,Ethiopia,ET07,SNNP,ET0714,Halaba,2026-08-24,0.009025403,1-1.5,0.001110410522762157
ETH,ET,Ethiopia,ET07,SNNP,ET0722,Burji,2026-08-24,0.009025403,1-1.5,0.001110410522762157
ETH,ET,Ethiopia,ET07,SNNP,ET0707,South Omo,2026-08-24,0.009025403,1-1.5,0.001110410522762157
ETH,ET,Ethiopia,ET07,SNNP,ET0702,Hadiya,2026-08-24,0.009025403,1-1.5,0.001110410522762157
ETH,ET,Ethiopia,ET07,SNNP,ET0716,Basketo,2026-08-24,0.009025403,1-1.5,0.001110410522762157
ETH,ET,Ethiopia,ET07,SNNP,ET0712,Alle,2026-08-24,0.009025403,1-1.5,0.001110410522762157
ETH,ET,Ethiopia,ET15,Dire Dawa,ET1502,Dire Dawa rural,2026-08-24,0.0,1-1.5,0.0
ETH,ET,Ethiopia,ET15,Dire Dawa,ET1501,Dire Dawa urban,2026-08-24,0.0,1-1.5,0.0
ETH,ET,Ethiopia,ET06,Benishangul Gumz,ET0604,Kamashi,2026-08-24,0.025502028,>10,0.009367670524487308
ETH,ET,Ethiopia,ET06,Benishangul Gumz,ET0602,Metekel,2026-08-24,0.025502028,>10,0.009367670524487308
ETH,ET,Ethiopia,ET06,Benishangul Gumz,ET0605,Mao Komo Special,2026-08-24,0.025502028,>10,0.009367670524487308
ETH,ET,Ethiopia,ET06,Benishangul Gumz,ET0603,Assosa,2026-08-24,0.025502028,>10,0.009367670524487308
ETH,ET,Ethiopia,ET02,Afar,ET0201,Awsi /Zone 1,2026-08-24,0.004477801,1-1.5,0.00643548553039595
ETH,ET,Ethiopia,ET02,Afar,ET0204,Fanti /Zone 4,2026-08-24,0.004477801,1-1.5,0.00643548553039595
ETH,ET,Ethiopia,ET02,Afar,ET0205,Hari /Zone 5,2026-08-24,0.004477801,1-1.5,0.00643548553039595
ETH,ET,Ethiopia,ET02,Afar,ET0202,Kilbati /Zone2,2026-08-24,0.004477801,1-1.5,0.00643548553039595
ETH,ET,Ethiopia,ET02,Afar,ET0203,Gabi /Zone 3,2026-08-24,0.004477801,1-1.5,0.00643548553039595
ETH,ET,Ethiopia,ET03,Amhara,ET0307,West Gojam,2026-08-24,5.928854e-07,1-1.5,0.0001291101990058249
ETH,ET,Ethiopia,ET03,Amhara,ET0309,Awi,2026-08-24,5.928854e-07,1-1.5,0.0001291101990058249
ETH,ET,Ethiopia,ET03,Amhara,ET0305,North Shewa (AM),2026-08-24,5.928854e-07,1-1.5,0.0001291101990058249
ETH,ET,Ethiopia,ET03,Amhara,ET0302,South Gondar,2026-08-24,5.928854e-07,1-1.5,0.0001291101990058249
ETH,ET,Ethiopia,ET03,Amhara,ET0312,West Gondar,2026-08-24,5.928854e-07,1-1.5,0.0001291101990058249
ETH,ET,Ethiopia,ET03,Amhara,ET0310,Oromia,2026-08-24,5.928854e-07,1-1.5,0.0001291101990058249
ETH,ET,Ethiopia,ET03,Amhara,ET0304,South Wello,2026-08-24,5.928854e-07,1-1.5,0.0001291101990058249
ETH,ET,Ethiopia,ET03,Amhara,ET0301,North Gondar,2026-08-24,5.928854e-07,1-1.5,0.0001291101990058249
ETH,ET,Ethiopia,ET03,Amhara,ET0311,Central Gondar,2026-08-24,5.928854e-07,1-1.5,0.0001291101990058249
ETH,ET,Ethiopia,ET03,Amhara,ET0303,North Wello,2026-08-24,5.928854e-07,1-1.5,0.0001291101990058249
ETH,ET,Ethiopia,ET03,Amhara,ET0308,Wag Hamra,2026-08-24,5.928854e-07,1-1.5,0.0001291101990058249
ETH,ET,Ethiopia,ET03,Amhara,ET0306,East Gojam,2026-08-24,5.928854e-07,1-1.5,0.0001291101990058249
ETH,ET,Ethiopia,ET12,Gambela,ET1202,Agnewak,2026-08-24,0.005001714,1-1.5,0.005216200138569218
ETH,ET,Ethiopia,ET12,Gambela,ET1204,Itang Special woreda,2026-08-24,0.005001714,1-1.5,0.005216200138569218
ETH,ET,Ethiopia,ET12,Gambela,ET1203,Majang,2026-08-24,0.005001714,1-1.5,0.005216200138569218
ETH,ET,Ethiopia,ET12,Gambela,ET1201,Nuwer,2026-08-24,0.005001714,1-1.5,0.005216200138569218
ETH,ET,Ethiopia,ET13,Harari,ET1301,Harari,2026-08-24,0.0,1-1.5,0.0001459848499011555
ETH,ET,Ethiopia,ET14,Addis Ababa,ET1401,Region 14,2026-08-24,9.375001e-05,1-1.5,9.056818475156351e-05
ETH,ET,Ethiopia,ET11,South West Ethiopia,ET1106,Konta Special,2026-08-24,0.00011875981,1-1.5,0.0001877443479932078
ETH,ET,Ethiopia,ET11,South West Ethiopia,ET1105,Mirab Omo,2026-08-24,0.00011875981,1-1.5,0.0001877443479932078
ETH,ET,Ethiopia,ET11,South West Ethiopia,ET1104,Dawuro,2026-08-24,0.00011875981,1-1.5,0.0001877443479932078
ETH,ET,Ethiopia,ET11,South West Ethiopia,ET1101,Sheka,2026-08-24,0.00011875981,1-1.5,0.0001877443479932078
ETH,ET,Ethiopia,ET11,South West Ethiopia,ET1103,Bench Sheko,2026-08-24,0.00011875981,1-1.5,0.0001877443479932078
ETH,ET,Ethiopia,ET11,South West Ethiopia,ET1102,Kefa,2026-08-24,0.00011875981,1-1.5,0.0001877443479932078
ETH,ET,Ethiopia,ET05,Somali,ET0510,Nogob,2026-08-24,0.0002908439,1-1.5,0.0001470803554425162
ETH,ET,Ethiopia,ET05,Somali,ET0506,Shabelle,2026-08-24,0.0002908439,1-1.5,0.0001470803554425162
ETH,ET,Ethiopia,ET05,Somali,ET0502,Fafan,2026-08-24,0.0002908439,1-1.5,0.0001470803554425162
ETH,ET,Ethiopia,ET05,Somali,ET0503,Jarar,2026-08-24,0.0002908439,1-1.5,0.0001470803554425162
ETH,ET,Ethiopia,ET05,Somali,ET0501,Siti,2026-08-24,0.0002908439,1-1.5,0.0001470803554425162
ETH,ET,Ethiopia,ET05,Somali,ET0508,Afder,2026-08-24,0.0002908439,1-1.5,0.0001470803554425162
ETH,ET,Ethiopia,ET05,Somali,ET0504,Erer,2026-08-24,0.0002908439,1-1.5,0.0001470803554425162
ETH,ET,Ethiopia,ET05,Somali,ET0509,Liban,2026-08-24,0.0002908439,1-1.5,0.0001470803554425162
ETH,ET,Ethiopia,ET05,Somali,ET0507,Doolo,2026-08-24,0.0002908439,1-1.5,0.0001470803554425162
ETH,ET,Ethiopia,ET05,Somali,ET0505,Korahe,2026-08-24,0.0002908439,1-1.5,0.0001470803554425162
ETH,ET,Ethiopia,ET05,Somali,ET0511,Daawa,2026-08-24,0.0002908439,1-1.5,0.0001470803554425162
ETH,ET,Ethiopia,ET16,Sidama,ET1600,Sidama,2026-08-25,0.0,1-1.5,6.922895116448755e-06
ETH,ET,Ethiopia,ET01,Tigray,ET0107,Mekelle,2026-08-25,0.0,1-1.5,0.0002980052766518006
ETH,ET,Ethiopia,ET01,Tigray,ET0104,Southern,2026-08-25,0.0,1-1.5,0.0002980052766518006
ETH,ET,Ethiopia,ET01,Tigray,ET0101,North Western,2026-08-25,0.0,1-1.5,0.0002980052766518006
ETH,ET,Ethiopia,ET01,Tigray,ET0102,Central,2026-08-25,0.0,1-1.5,0.0002980052766518006
ETH,ET,Ethiopia,ET01,Tigray,ET0105,Western,2026-08-25,0.0,1-1.5,0.0002980052766518006
ETH,ET,Ethiopia,ET01,Tigray,ET0106,South Eastern,2026-08-25,0.0,1-1.5,0.0002980052766518006
ETH,ET,Ethiopia,ET01,Tigray,ET0103,Eastern,2026-08-25,0.0,1-1.5,0.0002980052766518006
ETH,ET,Ethiopia,ET04,Oromia,ET0404,Jimma,2026-08-25,0.0041550025,1-1.5,0.002212852358140729
ETH,ET,Ethiopia,ET04,Oromia,ET0410,East Hararge,2026-08-25,0.0041550025,1-1.5,0.002212852358140729
ETH,ET,Ethiopia,ET04,Oromia,ET0409,West Hararge,2026-08-25,0.0041550025,1-1.5,0.002212852358140729
ETH,ET,Ethiopia,ET04,Oromia,ET0401,West Wellega,2026-08-25,0.0041550025,1-1.5,0.002212852358140729
ETH,ET,Ethiopia,ET04,Oromia,ET0408,Arsi,2026-08-25,0.0041550025,1-1.5,0.002212852358140729
ETH,ET,Ethiopia,ET04,Oromia,ET0403,Ilu Aba Bora,2026-08-25,0.0041550025,1-1.5,0.002212852358140729
ETH,ET,Ethiopia,ET04,Oromia,ET0407,East Shewa,2026-08-25,0.0041550025,1-1.5,0.002212852358140729
ETH,ET,Ethiopia,ET04,Oromia,ET0405,West Shewa,2026-08-25,0.0041550025,1-1.5,0.002212852358140729
ETH,ET,Ethiopia,ET04,Oromia,ET0406,North Shewa (OR),2026-08-25,0.0041550025,1-1.5,0.002212852358140729
ETH,ET,Ethiopia,ET04,Oromia,ET0402,East Wellega,2026-08-25,0.0041550025,1-1.5,0.002212852358140729
ETH,ET,Ethiopia,ET04,Oromia,ET0418,Kelem Wellega,2026-08-25,0.0041550025,1-1.5,0.002212852358140729
ETH,ET,Ethiopia,ET04,Oromia,ET0411,Bale,2026-08-25,0.0041550025,1-1.5,0.002212852358140729
ETH,ET,Ethiopia,ET04,Oromia,ET0416,Buno Bedele,2026-08-25,0.0041550025,1-1.5,0.002212852358140729
ETH,ET,Ethiopia,ET04,Oromia,ET0421,East Bale,2026-08-25,0.0041550025,1-1.5,0.002212852358140729
ETH,ET,Ethiopia,ET04,Oromia,ET0412,Borena,2026-08-25,0.0041550025,1-1.5,0.002212852358140729
ETH,ET,Ethiopia,ET04,Oromia,ET0419,Horo Gudru Wellega,2026-08-25,0.0041550025,1-1.5,0.002212852358140729
ETH,ET,Ethiopia,ET04,Oromia,ET0417,West Arsi,2026-08-25,0.0041550025,1-1.5,0.002212852358140729
ETH,ET,Ethiopia,ET04,Oromia,ET0413,South West Shewa,2026-08-25,0.0041550025,1-1.5,0.002212852358140729
ETH,ET,Ethiopia,ET04,Oromia,ET0415,West Guji,2026-08-25,0.0041550025,1-1.5,0.002212852358140729
ETH,ET,Ethiopia,ET04,Oromia,ET0414,Guji,2026-08-25,0.0041550025,1-1.5,0.002212852358140729
ETH,ET,Ethiopia,ET04,Oromia,ET0420,Finfine Special,2026-08-25,0.0041550025,1-1.5,0.002212852358140729
ETH,ET,Ethiopia,ET07,SNNP,ET0701,Guraghe,2026-08-25,0.008113557,1-1.5,0.001112963470189822
ETH,ET,Ethiopia,ET07,SNNP,ET0724,Yem Special,2026-08-25,0.008113557,1-1.5,0.001112963470189822
ETH,ET,Ethiopia,ET07,SNNP,ET0721,Amaro,2026-08-25,0.008113557,1-1.5,0.001112963470189822
ETH,ET,Ethiopia,ET07,SNNP,ET0703,Kembata Tembaro,2026-08-25,0.008113557,1-1.5,0.001112963470189822
ETH,ET,Ethiopia,ET07,SNNP,ET0710,Gamo,2026-08-25,0.008113557,1-1.5,0.001112963470189822
ETH,ET,Ethiopia,ET07,SNNP,ET0720,Siltie,2026-08-25,0.008113557,1-1.5,0.001112963470189822
ETH,ET,Ethiopia,ET07,SNNP,ET0715,Gofa,2026-08-25,0.008113557,1-1.5,0.001112963470189822
ETH,ET,Ethiopia,ET07,SNNP,ET0713,Konso,2026-08-25,0.008113557,1-1.5,0.001112963470189822
ETH,ET,Ethiopia,ET07,SNNP,ET0723,Derashe,2026-08-25,0.008113557,1-1.5,0.001112963470189822
ETH,ET,Ethiopia,ET07,SNNP,ET0705,Gedeo,2026-08-25,0.008113557,1-1.5,0.001112963470189822
ETH,ET,Ethiopia,ET07,SNNP,ET0706,Wolayita,2026-08-25,0.008113557,1-1.5,0.001112963470189822
ETH,ET,Ethiopia,ET07,SNNP,ET0714,Halaba,2026-08-25,0.008113557,1-1.5,0.001112963470189822
ETH,ET,Ethiopia,ET07,SNNP,ET0722,Burji,2026-08-25,0.008113557,1-1.5,0.001112963470189822
ETH,ET,Ethiopia,ET07,SNNP,ET0707,South Omo,2026-08-25,0.008113557,1-1.5,0.001112963470189822
ETH,ET,Ethiopia,ET07,SNNP,ET0702,Hadiya,2026-08-25,0.008113557,1-1.5,0.001112963470189822
ETH,ET,Ethiopia,ET07,SNNP,ET0716,Basketo,2026-08-25,0.008113557,1-1.5,0.001112963470189822
ETH,ET,Ethiopia,ET07,SNNP,ET0712,Alle,2026-08-25,0.008113557,1-1.5,0.001112963470189822
ETH,ET,Ethiopia,ET15,Dire Dawa,ET1502,Dire Dawa rural,2026-08-25,0.0,1-1.5,0.0
ETH,ET,Ethiopia,ET15,Dire Dawa,ET1501,Dire Dawa urban,2026-08-25,0.0,1-1.5,0.0
ETH,ET,Ethiopia,ET06,Benishangul Gumz,ET0604,Kamashi,2026-08-25,0.02512773,>10,0.00939527191992356
ETH,ET,Ethiopia,ET06,Benishangul Gumz,ET0602,Metekel,2026-08-25,0.02512773,>10,0.00939527191992356
ETH,ET,Ethiopia,ET06,Benishangul Gumz,ET0605,Mao Komo Special,2026-08-25,0.02512773,>10,0.00939527191992356
ETH,ET,Ethiopia,ET06,Benishangul Gumz,ET0603,Assosa,2026-08-25,0.02512773,>10,0.00939527191992356
ETH,ET,Ethiopia,ET02,Afar,ET0201,Awsi /Zone 1,2026-08-25,0.0028430955,1-1.5,0.006198664139281556
ETH,ET,Ethiopia,ET02,Afar,ET0204,Fanti /Zone 4,2026-08-25,0.0028430955,1-1.5,0.006198664139281556
ETH,ET,Ethiopia,ET02,Afar,ET0205,Hari /Zone 5,2026-08-25,0.0028430955,1-1.5,0.006198664139281556
ETH,ET,Ethiopia,ET02,Afar,ET0202,Kilbati /Zone2,2026-08-25,0.0028430955,1-1.5,0.006198664139281556
ETH,ET,Ethiopia,ET02,Afar,ET0203,Gabi /Zone 3,2026-08-25,0.0028430955,1-1.5,0.006198664139281556
ETH,ET,Ethiopia,ET03,Amhara,ET0307,West Gojam,2026-08-25,9.7588545e-06,1-1.5,0.0001137886838745898
ETH,ET,Ethiopia,ET03,Amhara,ET0309,Awi,2026-08-25,9.7588545e-06,1-1.5,0.0001137886838745898
ETH,ET,Ethiopia,ET03,Amhara,ET0305,North Shewa (AM),2026-08-25,9.7588545e-06,1-1.5,0.0001137886838745898
ETH,ET,Ethiopia,ET03,Amhara,ET0302,South Gondar,2026-08-25,9.7588545e-06,1-1.5,0.0001137886838745898
ETH,ET,Ethiopia,ET03,Amhara,ET0312,West Gondar,2026-08-25,9.7588545e-06,1-1.5,0.0001137886838745898
ETH,ET,Ethiopia,ET03,Amhara,ET0310,Oromia,2026-08-25,9.7588545e-06,1-1.5,0.0001137886838745898
ETH,ET,Ethiopia,ET03,Amhara,ET0304,South Wello,2026-08-25,9.7588545e-06,1-1.5,0.0001137886838745898
ETH,ET,Ethiopia,ET03,Amhara,ET0301,North Gondar,2026-08-25,9.7588545e-06,1-1.5,0.0001137886838745898
ETH,ET,Ethiopia,ET03,Amhara,ET0311,Central Gondar,2026-08-25,9.7588545e-06,1-1.5,0.0001137886838745898
ETH,ET,Ethiopia,ET03,Amhara,ET0303,North Wello,2026-08-25,9.7588545e-06,1-1.5,0.0001137886838745898
ETH,ET,Ethiopia,ET03,Amhara,ET0308,Wag Hamra,2026-08-25,9.7588545e-06,1-1.5,0.0001137886838745898
ETH,ET,Ethiopia,ET03,Amhara,ET0306,East Gojam,2026-08-25,9.7588545e-06,1-1.5,0.0001137886838745898
ETH,ET,Ethiopia,ET12,Gambela,ET1202,Agnewak,2026-08-25,0.0047949473,1-1.5,0.005438151842893356
ETH,ET,Ethiopia,ET12,Gambela,ET1204,Itang Special woreda,2026-08-25,0.0047949473,1-1.5,0.005438151842893356
ETH,ET,Ethiopia,ET12,Gambela,ET1203,Majang,2026-08-25,0.0047949473,1-1.5,0.005438151842893356
ETH,ET,Ethiopia,ET12,Gambela,ET1201,Nuwer,2026-08-25,0.0047949473,1-1.5,0.005438151842893356
ETH,ET,Ethiopia,ET13,Harari,ET1301,Harari,2026-08-25,0.0,1-1.5,0.0001459090923245557
ETH,ET,Ethiopia,ET14,Addis Ababa,ET1401,Region 14,2026-08-25,9.375001e-05,1-1.5,9.056818522284711e-05
ETH,ET,Ethiopia,ET11,South West Ethiopia,ET1106,Konta Special,2026-08-25,0.0,1-1.5,0.0001890565138266838
ETH,ET,Ethiopia,ET11,South West Ethiopia,ET1105,Mirab Omo,2026-08-25,0.0,1-1.5,0.0001890565138266838
ETH,ET,Ethiopia,ET11,South West Ethiopia,ET1104,Dawuro,2026-08-25,0.0,1-1.5,0.0001890565138266838
ETH,ET,Ethiopia,ET11,South West Ethiopia,ET1101,Sheka,2026-08-25,0.0,1-1.5,0.0001890565138266838
ETH,ET,Ethiopia,ET11,South West Ethiopia,ET1103,Bench Sheko,2026-08-25,0.0,1-1.5,0.0001890565138266838
ETH,ET,Ethiopia,ET11,South West Ethiopia,ET1102,Kefa,2026-08-25,0.0,1-1.5,0.0001890565138266838
ETH,ET,Ethiopia,ET05,Somali,ET0510,Nogob,2026-08-25,0.0,1-1.5,0.0001611862832052744
ETH,ET,Ethiopia,ET05,Somali,ET0506,Shabelle,2026-08-25,0.0,1-1.5,0.0001611862832052744
ETH,ET,Ethiopia,ET05,Somali,ET0502,Fafan,2026-08-25,0.0,1-1.5,0.0001611862832052744
ETH,ET,Ethiopia,ET05,Somali,ET0503,Jarar,2026-08-25,0.0,1-1.5,0.0001611862832052744
ETH,ET,Ethiopia,ET05,Somali,ET0501,Siti,2026-08-25,0.0,1-1.5,0.0001611862832052744
ETH,ET,Ethiopia,ET05,Somali,ET0508,Afder,2026-08-25,0.0,1-1.5,0.0001611862832052744
ETH,ET,Ethiopia,ET05,Somali,ET0504,Erer,2026-08-25,0.0,1-1.5,0.0001611862832052744
ETH,ET,Ethiopia,ET05,Somali,ET0509,Liban,2026-08-25,0.0,1-1.5,0.0001611862832052744
ETH,ET,Ethiopia,ET05,Somali,ET0507,Doolo,2026-08-25,0.0,1-1.5,0.0001611862832052744
ETH,ET,Ethiopia,ET05,Somali,ET0505,Korahe,2026-08-25,0.0,1-1.5,0.0001611862832052744
ETH,ET,Ethiopia,ET05,Somali,ET0511,Daawa,2026-08-25,0.0,1-1.5,0.0001611862832052744
